{"content":[{"path":"splashes.json"},{"path":"pack_icon_def.png"},{"path":"pack_icon.png"},{"path":"manifest.json"},{"path":"unusual/particle.zip"},{"path":"ui/inventory_screen.json"},{"path":"ui/hud/hud_elements.json"},{"path":"textures/terrain_texture.json"},{"path":"textures/ui/sneak_pressed.png"},{"path":"textures/ui/reload_pressed.png"},{"path":"textures/ui/reload.png"},{"path":"textures/ui/hud/damage_shadow_1.png"},{"path":"textures/ui/hud/damage_shadow_1.json"},{"path":"textures/ui/hud/damage_shadow_0.json"},{"path":"textures/ui/hud/ads_shadow.json"},{"path":"textures/ui/interact.png"},{"path":"textures/ui/hud_mob_effect_background.png"},{"path":"textures/ui/hotbar_5.png"},{"path":"textures/ui/hotbar_4.png"},{"path":"textures/ui/hotbar_3.png"},{"path":"textures/ui/hotbar_2.png"},{"path":"textures/ui/hotbar_1.png"},{"path":"textures/ui/hotbar_0.png"},{"path":"textures/ui/empty_armor_slot_shield.png"},{"path":"textures/ui/empty_armor_slot_leggings.png"},{"path":"textures/ui/empty_armor_slot_helmet.png"},{"path":"textures/ui/cross_hair.png"},{"path":"textures/ui/screen/attachment_x.png"},{"path":"textures/ui/screen/attachment_stock.png"},{"path":"textures/ui/screen/attachment_silencer.png"},{"path":"textures/sight/scope_lp_blur.png"},{"path":"textures/sight/scope_hp_blur.png"},{"path":"textures/sight/scope_hp.png"},{"path":"textures/sight/nv_goggles.png"},{"path":"textures/ui/slowness_effect.png"},{"path":"textures/particle/explosionflash.png"},{"path":"textures/ui/hotbar_7.png"},{"path":"textures/particle/particles.png"},{"path":"textures/particle/shell_shotgun.png"},{"path":"textures/particle/lensflare.png"},{"path":"textures/particle/hole.png"},{"path":"textures/particle/flare.png"},{"path":"textures/particle/flame_atlas.png"},{"path":"textures/particle/explosion_debris.png"},{"path":"textures/particle/campfire_smoke.png"},{"path":"textures/models/wearable/vest_6b3.png"},{"path":"textures/ui/hotbar_8.png"},{"path":"textures/models/wearable/nv_goggles.png"},{"path":"textures/models/wearable/juggernaut.png"},{"path":"textures/models/wearable/helmet_military.png"},{"path":"textures/models/throwable/molotov_cocktail.png"},{"path":"textures/models/throwable/m67_grenade.png"},{"path":"textures/models/guns/m4a1.png"},{"path":"textures/models/guns/glock18.png"},{"path":"textures/models/guns/desert_eagle.png"},{"path":"textures/models/guns/awp.png"},{"path":"textures/ui/selected_hotbar_slot.png"},{"path":"textures/models/attachment/silencer.png"},{"path":"textures/models/attachment/scope_lp.png"},{"path":"textures/models/attachment/scope_hp.png"},{"path":"textures/models/attachment/laser.png"},{"path":"textures/models/guns/fnfal.png"},{"path":"textures/models/attachment/foregrip.png"},{"path":"textures/models/attachment/eotech_sight.png"},{"path":"textures/models/attachment/acog_sight.png"},{"path":"textures/misc/none.png"},{"path":"textures/items/wearable/vest_6b3.png"},{"path":"textures/items/wearable/nv_goggles.png"},{"path":"textures/items/wearable/juggernaut_leggings.png"},{"path":"textures/items/wearable/juggernaut_helmet.png"},{"path":"textures/items/wearable/juggernaut_chestplate.png"},{"path":"textures/items/wearable/helmet_military.png"},{"path":"textures/items/throwable/m67_grenade.png"},{"path":"unusual/explosion.zip"},{"path":"textures/items/part/small_barrel.png"},{"path":"entity/throwable/m67_grenade.json"},{"path":"textures/items/part/medium_stock.png"},{"path":"textures/items/part/medium_handle.png"},{"path":"sounds/bullet/subsonic/hiss_5.ogg"},{"path":"textures/items/part/heavy_body.png"},{"path":"textures/items/part/heavy_barrel.png"},{"path":"textures/ui/title.png"},{"path":"sounds/guns/mp5a5/fire.ogg"},{"path":"textures/items/material/gunmetal_scrap.png"},{"path":"textures/items/material/copper_nugget.png"},{"path":"textures/items/material/bullet_gunpowder.png"},{"path":"textures/items/material/blueprint_bundle.png"},{"path":"textures/ui/hotbar_9.png"},{"path":"textures/items/mag/fnfal_mag.png"},{"path":"sounds/effect/gun/draw.ogg"},{"path":"textures/items/mag/desert_eagle_mag.png"},{"path":"sounds/guns/ak47/fire.ogg"},{"path":"textures/items/mag/awp_mag.png"},{"path":"sounds/bullet/eject/bounce_338mm.ogg"},{"path":"textures/items/mag/ak47_mag.png"},{"path":"ui/content_log.json"},{"path":"textures/items/bullet/bullet_762x51.png"},{"path":"textures/items/mag/mp5a5_mag.png"},{"path":"textures/items/bullet/bullet_556x45.png"},{"path":"textures/items/bullet/bullet_50ae.png"},{"path":"textures/items/bullet/bullet_12gauge.png"},{"path":"textures/items/backpack/gun_backpack.png"},{"path":"ui/hud_screen.json"},{"path":"textures/ui/hotbar_6.png"},{"path":"textures/items/attachment/scope_lp.png"},{"path":"textures/ui/hud/ads_shadow.png"},{"path":"textures/items/attachment/eotech_sight.png"},{"path":"particles/guns/muzzle_smoke.json"},{"path":"textures/items/attachment/acog_sight.png"},{"path":"textures/ui/empty_armor_slot_chestplate.png"},{"path":"textures/items/medical/bandage.png"},{"path":"textures/items/attachment/bruh/scope_nv.png"},{"path":"textures/items/wearable/juggernaut_boots.png"},{"path":"textures/items/attachment/bruh/muzzlebreak.png"},{"path":"models/entity/guns/glock17.json"},{"path":"textures/blocks/tools/workbench.png"},{"path":"textures/blocks/loot/ammo_crate.png"},{"path":"textures/blocks/deco/wooden_barricade.png"},{"path":"textures/blocks/deco/metal_rack.png"},{"path":"textures/blocks/deco/landmine.png"},{"path":"attachables/wearable/juggernaut_boots.json"},{"path":"texts/pt_BR.lang"},{"path":"sounds/guns/m4a1/maghit.ogg"},{"path":"sounds/random/explode1.ogg"},{"path":"sounds/random/explode4.ogg"},{"path":"sounds/bullet/impact/metal_0.ogg"},{"path":"sounds/effect/explosion/debris_2.ogg"},{"path":"sounds/guns/mp5a5/pullforward.ogg"},{"path":"textures/items/guns/m4a1.png"},{"path":"sounds/guns/mp5a5/pullback.ogg"},{"path":"sounds/effect/player/hitmarker.ogg"},{"path":"sounds/guns/mp5a5/magin.ogg"},{"path":"sounds/guns/mp5a5/fire_reverb.ogg"},{"path":"sounds/guns/mossberg/pumpback.ogg"},{"path":"textures/ui/hud_tip_text_background.json"},{"path":"sounds/guns/m4a1/pullforward.ogg"},{"path":"sounds/guns/m4a1/magout.ogg"},{"path":"sounds/guns/m4a1/fire_silenced_reverb.ogg"},{"path":"sounds/guns/m4a1/fire_silenced.ogg"},{"path":"sounds/bullet/reload/bullet_in_1.ogg"},{"path":"sounds/guns/glock18/maghit.ogg"},{"path":"sounds/guns/glock18/fire_silenced_reverb.ogg"},{"path":"sounds/bullet/eject/bounce_shotgun.ogg"},{"path":"sounds/guns/glock18/fire_reverb.ogg"},{"path":"sounds/guns/glock18/fire.ogg"},{"path":"textures/items/wearable/gasmask.png"},{"path":"sounds/guns/desert_eagle/fire_silenced.ogg"},{"path":"sounds/guns/fnfal/pullback.ogg"},{"path":"sounds/guns/fnfal/magout.ogg"},{"path":"sounds/guns/fnfal/magin.ogg"},{"path":"sounds/wearable/nv_goggles/toggleoff.ogg"},{"path":"sounds/guns/fnfal/fire_silenced.ogg"},{"path":"textures/items/guns/ak47.png"},{"path":"models/blocks/deco/sandbag.json"},{"path":"sounds/guns/fnfal/fire_reverb.ogg"},{"path":"sounds/guns/fnfal/fire.ogg"},{"path":"sounds/guns/m4a1/pullback.ogg"},{"path":"sounds/guns/desert_eagle/pullback.ogg"},{"path":"models/blocks/deco/hedgehog.json"},{"path":"sounds/guns/desert_eagle/magout.ogg"},{"path":"sounds/guns/mp5a5/fire_silenced.ogg"},{"path":"sounds/wearable/nv_goggles/toggle.ogg"},{"path":"sounds/guns/desert_eagle/magin.ogg"},{"path":"textures/ui/hud_tip_text_background.png"},{"path":"textures/sight/scope_lp.png"},{"path":"sounds/effect/player/blind.ogg"},{"path":"sounds/guns/mossberg/pumpforward.ogg"},{"path":"animation_controllers/guns/m4a1.json"},{"path":"sounds/guns/awp/pullforward.ogg"},{"path":"particles/bullet/casing/casing_long.json"},{"path":"textures/items/other/config.png"},{"path":"textures/items/attachment/foregrip.png"},{"path":"sounds/sound_definitions.json"},{"path":"textures/item_texture.json"},{"path":"sounds/guns/awp/magin.ogg"},{"path":"textures/models/backpack/gun_backpack.png"},{"path":"sounds/guns/awp/fire_silenced_reverb.ogg"},{"path":"sounds/guns/ak47/pullback.ogg"},{"path":"sounds/bullet/impact/gravel_0.ogg"},{"path":"textures/items/part/small_stock.png"},{"path":"textures/models/guns/mp5a5.png"},{"path":"sounds/guns/ak47/fire_silenced_reverb.ogg"},{"path":"sounds/guns/ak47/fire_silenced.ogg"},{"path":"textures/models/guns/glock17.png"},{"path":"textures/blocks/deco/hedgehog.png"},{"path":"sounds/effect/explosion/indoors_2.ogg"},{"path":"sounds/guns/ak47/fire_reverb.ogg"},{"path":"textures/items/part/small_handle.png"},{"path":"sounds/guns/awp/fire.ogg"},{"path":"models/entity/guns/mossberg.json"},{"path":"sounds/effect/landmine.ogg"},{"path":"sounds/effect/player/splat.ogg"},{"path":"sounds/effect/player/heartbeat.ogg"},{"path":"textures/items/mag/glock17_mag.png"},{"path":"sounds/effect/gunshot/gunshot_2.ogg"},{"path":"textures/items/part/medium_barrel.png"},{"path":"attachables/guns/m4a1.json"},{"path":"sounds/effect/gun/attach.ogg"},{"path":"sounds/effect/gunshot/gunshot_1.ogg"},{"path":"sounds/random/explode2.ogg"},{"path":"sounds/effect/gun/iron_out.ogg"},{"path":"models/blocks/loot/explosive_crate.json"},{"path":"sounds/effect/gun/iron_in.ogg"},{"path":"textures/models/guns/as50.png"},{"path":"sounds/effect/explosion/debris_1.ogg"},{"path":"sounds/effect/gun/echo_2.ogg"},{"path":"textures/items/attachment/bruh/kobra.png"},{"path":"sounds/effect/gun/echo_1.ogg"},{"path":"textures/items/guns/awp.png"},{"path":"attachables/wearable/juggernaut_leggings.json"},{"path":"sounds/bullet/eject/bounce_50bmg.ogg"},{"path":"sounds/effect/gun/echo_0.ogg"},{"path":"sounds/bullet/reload/bullet_in_3.ogg"},{"path":"sounds/effect/gun/dist_short.ogg"},{"path":"sounds/guns/desert_eagle/fire.ogg"},{"path":"sounds/effect/gun/dist_medium.ogg"},{"path":"sounds/effect/gun/dist_low.ogg"},{"path":"sounds/effect/gun/dist_large_extra.ogg"},{"path":"sounds/effect/gun/ads_out.ogg"},{"path":"sounds/effect/gun/ads_in.ogg"},{"path":"particles/bullet/casing/casing_shotgun.json"},{"path":"textures/items/part/mask_filter.png"},{"path":"models/entity/attachment/eotech_sight.json"},{"path":"sounds/guns/glock18/pullback.ogg"},{"path":"sounds/effect/explosion/explode_3.ogg"},{"path":"textures/particle/shell.png"},{"path":"models/entity/guns/desert_eagle.json"},{"path":"sounds/effect/explosion/explode_1.ogg"},{"path":"textures/ui/hud/damage_shadow_0.png"},{"path":"textures/items/guns/glock18.png"},{"path":"sounds/effect/explosion/explode_0.ogg"},{"path":"sounds/effect/explosion/distant_3.ogg"},{"path":"textures/particle/flashlight.png"},{"path":"sounds/effect/explosion/distant_2.ogg"},{"path":"sounds/throwable/grenade/drop.ogg"},{"path":"sounds/guns/mp5a5/fire_silenced_reverb.ogg"},{"path":"textures/models/guns/mossberg.png"},{"path":"sounds/guns/fnfal/maghit.ogg"},{"path":"sounds/effect/explosion/distant_0.ogg"},{"path":"sounds/effect/gun/dryfire.ogg"},{"path":"sounds/effect/explosion/debris_3.ogg"},{"path":"sounds/effect/explosion/indoors_3.ogg"},{"path":"sounds/effect/explosion/debris_0.ogg"},{"path":"sounds/bullet/supersonic/snap_7.ogg"},{"path":"sounds/guns/desert_eagle/maghit.ogg"},{"path":"sounds/bullet/supersonic/snap_6.ogg"},{"path":"sounds/bullet/supersonic/snap_5.ogg"},{"path":"sounds/bullet/supersonic/snap_4.ogg"},{"path":"sounds/bullet/supersonic/snap_3.ogg"},{"path":"sounds/bullet/supersonic/snap_1.ogg"},{"path":"textures/items/guns/desert_eagle.png"},{"path":"sounds/bullet/supersonic/snap_0.ogg"},{"path":"sounds/bullet/subsonic/hiss_6.ogg"},{"path":"animations/guns/awp.json"},{"path":"sounds/bullet/subsonic/hiss_0.ogg"},{"path":"sounds/bullet/reload/bullet_in_0.ogg"},{"path":"particles/vanilla/dragon_death_explosion.json"},{"path":"sounds/guns/m4a1/fire_reverb.ogg"},{"path":"sounds/guns/awp/pullback.ogg"},{"path":"textures/items/mag/m4a1_mag.png"},{"path":"sounds/bullet/impact/wood_2.ogg"},{"path":"sounds/bullet/impact/masonry_1.ogg"},{"path":"sounds/bullet/impact/ricochet_1.ogg"},{"path":"particles/throwable/molotov_flame.json"},{"path":"sounds/random/explode3.ogg"},{"path":"animations/guns/mossberg.json"},{"path":"sounds/bullet/impact/ricochet_0.ogg"},{"path":"animations/guns/desert_eagle.json"},{"path":"sounds/bullet/impact/glass_0.ogg"},{"path":"sounds/bullet/impact/plaster_2.ogg"},{"path":"animation_controllers/throwable/m67_grenade.json"},{"path":"sounds/bullet/impact/plaster_0.ogg"},{"path":"sounds/bullet/impact/body_0.ogg"},{"path":"sounds/bullet/impact/masonry_2.ogg"},{"path":"textures/items/mag/glock18_mag.png"},{"path":"animations/ui/sight.json"},{"path":"particles/bullet/bullet_impact.json"},{"path":"sounds/bullet/impact/gravel_3.ogg"},{"path":"sounds/bullet/impact/gravel_2.ogg"},{"path":"sounds/bullet/impact/gravel_1.ogg"},{"path":"textures/items/bullet/bullet_762x39.png"},{"path":"sounds/bullet/impact/glass_1.ogg"},{"path":"sounds/bullet/impact/dirt_3.ogg"},{"path":"models/entity/attachment/laser.json"},{"path":"attachables/backpack/gun_backpack.json"},{"path":"contents.json"},{"path":"sounds/bullet/impact/body_3.ogg"},{"path":"textures/items/bullet/bullet_9x19pr.png"},{"path":"sounds/bullet/impact/body_1.ogg"},{"path":"- GUNS ATTACHMENTS INFO.txt"},{"path":"sounds/bullet/eject/eject_9mm.ogg"},{"path":"sounds/bullet/impact/wood_3.ogg"},{"path":"sounds/bullet/impact/helmet_3.ogg"},{"path":"- CREDITS.txt"},{"path":"animations/guns/mp5a5.json"},{"path":"particles/explosion/explosion_sparks.json"},{"path":"sounds/bullet/eject/eject_762mm.ogg"},{"path":"sounds/bullet/impact/plaster_3.ogg"},{"path":"textures/items/attachment/silencer.png"},{"path":"sounds/bullet/eject/eject_556mm.ogg"},{"path":"sounds/bullet/impact/helmet_1.ogg"},{"path":"sounds/bullet/impact/masonry_0.ogg"},{"path":"sounds/guns/glock18/fire_silenced.ogg"},{"path":"attachables/guns/mossberg.json"},{"path":"sounds/bullet/impact/dirt_2.ogg"},{"path":"sounds/bullet/eject/eject_50bmg.ogg"},{"path":"textures/blocks/deco/wooden_crate.png"},{"path":"textures/items/attachment/laser.png"},{"path":"sounds/bullet/eject/bounce_308mm.ogg"},{"path":"attachables/wearable/helmet_military.json"},{"path":"sounds/bullet/impact/glass_2.ogg"},{"path":"textures/ui/screen/attachment_sight.png"},{"path":"render_controllers/ui/nv_goggles.json"},{"path":"textures/items/guns/mp5a5.png"},{"path":"sounds/effect/gun/echo_3.ogg"},{"path":"particles/explosion/explosion_smoke_0.json"},{"path":"render_controllers/throwable/m67_grenade.json"},{"path":"render_controllers/guns/guns.json"},{"path":"render_controllers/projectile/bullet.json"},{"path":"render_controllers/player/player.json"},{"path":"textures/blocks/deco/sandbag.png"},{"path":"models/entity/guns/m1garand.json"},{"path":"sounds/bullet/subsonic/hiss_4.ogg"},{"path":"animation_controllers/guns/mp5a5.json"},{"path":"particles/health/blood_1.json"},{"path":"- CHANGELOG.txt"},{"path":"models/entity/attachment/foregrip.json"},{"path":"models/entity/misc/none.json"},{"path":"animations/player/player_fpp.json"},{"path":"particles/explosion/explosion_debris_1.json"},{"path":"textures/blocks/deco/hazard_block.png"},{"path":"sounds/bullet/eject/eject_45acp.ogg"},{"path":"animations/guns/m4a1.json"},{"path":"particles/guns/muzzle_smoke_1.json"},{"path":"sounds/bullet/impact/foliage_3.ogg"},{"path":"sounds/bullet/impact/dirt_1.ogg"},{"path":"models/entity/throwable/m67_grenade.json"},{"path":"particles/bullet/bullet_water.json"},{"path":"particles/guns/muzzle_smoke_2.json"},{"path":"blocks.json"},{"path":"sounds/effect/explosion/distant_1.ogg"},{"path":"particles/guns/muzzle_lensflare.json"},{"path":"- COPYRIGHT.txt"},{"path":"particles/guns/muzzle_hot.json"},{"path":"particles/bullet/casing/casing_hot.json"},{"path":"sounds/bullet/reload/bullet_in_2.ogg"},{"path":"particles/guns/muzzle_flash.json"},{"path":"particles/explosion/explosion_smoke_1.json"},{"path":"sounds/effect/gun/lean_in.ogg"},{"path":"sounds/bullet/eject/bounce_556mm.ogg"},{"path":"particles/explosion/explosion_flash.json"},{"path":"animation_controllers/player/guns.json"},{"path":"particles/bullet/bullet_hole3.json"},{"path":"texts/en_US.lang"},{"path":"textures/items/material/gunmetal_nugget.png"},{"path":"sounds/bullet/subsonic/hiss_3.ogg"},{"path":"sounds/bullet/subsonic/hiss_1.ogg"},{"path":"models/entity/backpack/gun_backpack.json"},{"path":"sounds/bullet/impact/glass_3.ogg"},{"path":"particles/bullet/bullet_hole5.json"},{"path":"sounds/bullet/impact/foliage_2.ogg"},{"path":"particles/bullet/bullet_hole2.json"},{"path":"sounds/guns/ak47/pullforward.ogg"},{"path":"animations/throwable/m67_grenade.json"},{"path":"attachables/guns/glock18.json"},{"path":"sounds/bullet/subsonic/hiss_7.ogg"},{"path":"attachables/guns/fnfal.json"},{"path":"models/entity/guns/ak47.json"},{"path":"sounds/bullet/impact/ricochet_2.ogg"},{"path":"models/entity/ui/nv_goggles_ui.json"},{"path":"textures/ui/empty_armor_slot_boots.png"},{"path":"sounds/bullet/subsonic/hiss_2.ogg"},{"path":"sounds/guns/mp5a5/magout.ogg"},{"path":"attachables/guns/glock17.json"},{"path":"particles/bullet/bullet_dust.json"},{"path":"sounds/guns/mossberg/fire.ogg"},{"path":"sounds/bullet/impact/foliage_0.ogg"},{"path":"animations/guns/fnfal.json"},{"path":"entity/player/player.json"},{"path":"sounds/effect/gunshot/gunshot_0.ogg"},{"path":"attachables/wearable/gasmask.json"},{"path":"particles/bullet/casing/casing_medium.json"},{"path":"ui/screen/workbench_screen.json"},{"path":"attachables/wearable/nv_goggles.json"},{"path":"models/entity/mobs.json"},{"path":"animations/wearable/gasmask.json"},{"path":"models/entity/guns/mp5a5.json"},{"path":"sounds/guns/glock18/magin.ogg"},{"path":"models/entity/wearable/nv_goggles.json"},{"path":"sounds/guns/mossberg/shellin.ogg"},{"path":"models/entity/wearable/vest_6b3.json"},{"path":"sounds/bullet/impact/foliage_1.ogg"},{"path":"animation_controllers/guns/glock18.json"},{"path":"particles/bullet/bullet_hole6.json"},{"path":"textures/items/part/medium_body.png"},{"path":"textures/items/food/cooked_flesh.png"},{"path":"models/entity/wearable/helmet_military.json"},{"path":"textures/ui/sneak.png"},{"path":"models/entity/wearable/gasmask.json"},{"path":"animation_controllers/guns/mossberg.json"},{"path":"models/blocks/deco/wooden_barricade.json"},{"path":"textures/models/wearable/gasmask.png"},{"path":"models/entity/guns/m4a1.json"},{"path":"particles/bullet/bullet_hole4.json"},{"path":"models/entity/projectile/bullet.json"},{"path":"sounds/guns/fnfal/fire_silenced_reverb.ogg"},{"path":"sounds/guns/awp/magout.ogg"},{"path":"sounds/effect/player/break_bone.ogg"},{"path":"models/entity/misc/player_hands.json"},{"path":"sounds/bullet/impact/body_2.ogg"},{"path":"models/entity/attachment/acog_sight.json"},{"path":"sounds/effect/explosion/explode_2.ogg"},{"path":"models/entity/guns/as50.json"},{"path":"attachables/wearable/juggernaut_chestplate.json"},{"path":"sounds/guns/ak47/magin.ogg"},{"path":"textures/particle/explosion_flash.png"},{"path":"sounds/bullet/impact/ricochet_3.ogg"},{"path":"models/blocks/loot/ammo_crate.json"},{"path":"sounds/guns/desert_eagle/fire_reverb.ogg"},{"path":"particles/bullet/bullet_hole1.json"},{"path":"models/entity/guns/awp.json"},{"path":"animation_controllers/guns/desert_eagle.json"},{"path":"animations/guns/glock17.json"},{"path":"particles/guns/muzzle_smoke_0.json"},{"path":"models/entity/attachment/silencer.json"},{"path":"sounds/effect/explosion/indoors_0.ogg"},{"path":"sounds/bullet/impact/wood_1.ogg"},{"path":"models/entity/attachment/scope_hp.json"},{"path":"texts/zh_CN.lang"},{"path":"sounds/bullet/impact/metal_2.ogg"},{"path":"models/blocks/deco/wooden_crate.json"},{"path":"sounds/bullet/impact/metal_3.ogg"},{"path":"sounds/bullet/impact/dirt_0.ogg"},{"path":"sounds/bullet/impact/plaster_1.ogg"},{"path":"particles/explosion/explosion_water.json"},{"path":"attachables/guns/desert_eagle.json"},{"path":"textures/items/part/small_body.png"},{"path":"sounds/bullet/supersonic/snap_2.ogg"},{"path":"particles/bullet/casing/casing_short.json"},{"path":"models/blocks/deco/metal_rack.json"},{"path":"attachables/wearable/juggernaut_helmet.json"},{"path":"sounds/guns/glock18/magout.ogg"},{"path":"sounds/guns/desert_eagle/fire_silenced_reverb.ogg"},{"path":"sounds/effect/gunshot/gunshot_3.ogg"},{"path":"entity/projectile/bullet.json"},{"path":"textures/items/guns/fnfal.png"},{"path":"sounds/bullet/impact/wood_0.ogg"},{"path":"models/entity/guns/glock18.json"},{"path":"sounds/bullet/impact/masonry_3.ogg"},{"path":"particles/explosion/explosion_debris_0.json"},{"path":"sounds/effect/explosion/indoors_1.ogg"},{"path":"attachables/throwable/m67_grenade.json"},{"path":"particles/health/blood_0.json"},{"path":"textures/items/guns/glock17.png"},{"path":"sounds/guns/desert_eagle/pullforward.ogg"},{"path":"models/entity/throwable/molotov_cocktail.json"},{"path":"textures/items/material/gunmetal_ingot.png"},{"path":"models/entity/attachment/scope_lp.json"},{"path":"render_controllers/wearable/juggernaut.json"},{"path":"attachables/guns/ak47.json"},{"path":"texts/ru_RU.lang"},{"path":"attachables/guns/mp5a5.json"},{"path":"sounds/effect/gun/lean_out.ogg"},{"path":"render_controllers/guns/attachment.json"},{"path":"sounds/guns/awp/fire_silenced.ogg"},{"path":"models/blocks/misc/none.json"},{"path":"textures/entity/projectile/bullet.png"},{"path":"animation_controllers/guns/fnfal.json"},{"path":"animations/player/guns.json"},{"path":"animations/player/player.json"},{"path":"animations/throwable/grenade.json"},{"path":"textures/items/attachment/scope_hp.png"},{"path":"attachables/guns/awp.json"},{"path":"sounds/guns/m4a1/magin.ogg"},{"path":"models/entity/wearable/juggernaut.json"},{"path":"sounds/throwable/grenade/throw.ogg"},{"path":"animation_controllers/guns/awp.json"},{"path":"sounds/guns/fnfal/pullforward.ogg"},{"path":"animations/projectile/bullet.json"},{"path":"sounds/bullet/impact/helmet_0.ogg"},{"path":"models/blocks/tools/workbench.json"},{"path":"sounds/effect/gun/dist_large.ogg"},{"path":"animation_controllers/guns/glock17.json"},{"path":"ui/_ui_defs.json"},{"path":"particles/bullet/bullet_sparks.json"},{"path":"sounds/bullet/impact/metal_1.ogg"},{"path":"sounds/guns/mossberg/fire_reverb.ogg"},{"path":"textures/ui/interact_pressed.png"},{"path":"textures/ui/screen/attachment_grip.png"},{"path":"animations/guns/ak47.json"},{"path":"sounds/guns/ak47/magout.ogg"},{"path":"animations/guns/glock18.json"},{"path":"textures/models/guns/ak47.png"},{"path":"sounds/guns/m4a1/fire.ogg"},{"path":"models/entity/guns/fnfal.json"},{"path":"sounds/bullet/eject/bounce_9mm.ogg"},{"path":"textures/blocks/loot/explosive_crate.png"},{"path":"sounds/bullet/impact/helmet_2.ogg"},{"path":"attachables/wearable/vest_6b3.json"},{"path":"textures/items/medical/bandage_military.png"},{"path":"EULA.pdf"},{"path":"sounds/guns/awp/fire_reverb.ogg"},{"path":"animation_controllers/guns/ak47.json"},{"path":"textures/particle/blood.png"},{"path":"sounds/guns/glock18/pullforward.ogg"},{"path":"models/entity/ui/sight_ui.json"},{"path":"textures/sight/scope_acog_blur.png"},{"path":"render_controllers/ui/sight_ui.json"},{"path":"textures/sight/scope_acog.png"},{"path":"textures/items/guns/mossberg.png"},{"path":"models/blocks/deco/landmine.json"}],"version":1}