{
	"format_version": "1.8.0",
	"animations": {
		"animation.bmx.move": {
			"loop": true,
			"animation_length": 0.44,
			"bones": {
				"hexadecagon9": {
					"rotation": {
						"0.0": [0, 0, 0],
						"0.32": [-67.5, 0, 0]
					}
				},
				"hexadecagon19": {
					"rotation": {
						"0.0": [0, 0, 0],
						"0.32": [-67.5, 0, 0]
					}
				},
				"hexadecagon25": {
					"rotation": {
						"0.0": [0, 0, 0],
						"0.32": [-67.5, 0, 0]
					}
				},
				"hexadecagon31": {
					"rotation": {
						"0.0": [0, 0, 0],
						"0.32": [-67.5, 0, 0]
					}
				},
				"bicycle": {
					"rotation": {
						"0.0": [0, 0, 0],
						"0.04": [0, 0, 0],
						"0.2": [0, 0, -5],
						"0.36": [0, 0, 5],
						"0.44": [0, 0, 0]
					},
					"position": {
						"0.0": [0, 0, 0],
						"0.04": [0, 0, 0]
					}
				},
				"wheel2": {
					"rotation": {
						"0.0": [0, 0, 0],
						"0.4": [110, 0, 0]
					}
				},
				"wheel": {
					"rotation": {
						"0.0": [0, 0, 0],
						"0.4": [110, 0, 0]
					}
				},
				"pedal": {
					"rotation": {
						"0.0": [0, 0, 0],
						"0.44": [360, 0, 0]
					}
				},
				"octagon36": {
					"rotation": {
						"0.0": [0, 0, 0],
						"0.44": [360, 0, 0]
					}
				}
			}
		},
		"animation.bmx.wheel": {
		    "loop": true,
		    "bones":{
				"steering": {
					"rotation": [0,"Math.max(-25, Math.min(25,query.yaw_speed * 0.5))*1",0]
				}
		    }
		}
	}
}