{"format_version":"1.20.30","minecraft:item":{"description":{"identifier":"gabrielaplok:guns_fix","menu_category":{"category":"items","group":"Tools"}},"components":{"minecraft:display_name":{"value":"Guns Fixer\n§7Eat to restart addon functions"},"minecraft:icon":{"texture":"config"},"minecraft:on_use":{"on_use":{"event":"gabrielaplok:used"}},"minecraft:glint":true},"events":{"gabrielaplok:used":{"run_command":{"command":["tag @a[tag=owner, tag=setup_ag_v100] remove setup_ag_v100","tag @a[tag=owner, tag=setup_ag_v101] remove setup_ag_v101","tag @a[tag=owner, tag=setup_ag_v102] remove setup_ag_v102","tag @a[tag=owner, tag=setup_ag_v103] remove setup_ag_v103","tag @a[tag=owner, tag=setup_ag_v104] remove setup_ag_v104","tag @a[tag=owner, tag=setup_ag_v105] remove setup_ag_v105","tag @a[tag=owner, tag=setup_ag_v106] remove setup_ag_v106","tag @a[tag=owner, tag=setup_ag_v107] remove setup_ag_v107","tag @s[tag=underground] remove underground","tag @s[tag=sneaking] remove sneaking","playsound random.pop @s","say I used the Guns Fixer!"]},"decrement_stack":{}}}}}