{"format_version":"1.10.0","render_controllers":{"controller.render.juggernaut_boots":{"geometry":"Geometry.default","materials":[{"*":"Material.default"}],"textures":["Texture.default"],"part_visibility":[{"*":false},{"leftFoot":true},{"rightFoot":true}]},"controller.render.juggernaut_chestplate":{"geometry":"Geometry.default","materials":[{"*":"Material.default"}],"textures":["Texture.default"],"part_visibility":[{"*":false},{"body":true},{"leftArm":true},{"rightArmExtra":true}]},"controller.render.juggernaut_helmet":{"geometry":"Geometry.default","materials":[{"*":"Material.default"}],"textures":["Texture.default"],"part_visibility":[{"*":false},{"head":true}]},"controller.render.juggernaut_leggings":{"geometry":"Geometry.default","materials":[{"*":"Material.default"}],"textures":["Texture.default"],"part_visibility":[{"*":false},{"leftLeg":true},{"rightLeg":true}]}}}