{
	"format_version": "1.8.0",
	"geometry.chair": {
		"texturewidth": 64,
		"textureheight": 64,
		"visible_bounds_width": 1,
		"visible_bounds_height": 2,
		"visible_bounds_offset": [0, 1, 0],
		"bones": [
			{
				"name": "body",
				"pivot": [0, 24, 0],
				"cubes": [
					{"origin": [-5, 8, -5], "size": [10, 2, 10], "uv": [0, 0]},
					{"origin": [-5, 0, -5], "size": [2, 8, 2], "uv": [0, 12]},
					{"origin": [3, 0, -5], "size": [2, 8, 2], "uv": [0, 12]},
					{"origin": [-5, 0, 3], "size": [2, 8, 2], "uv": [0, 12]},
					{"origin": [3, 0, 3], "size": [2, 8, 2], "uv": [0, 12]},
					{"origin": [-5, 10, 4], "size": [1, 12, 1], "uv": [0, 12]},
					{"origin": [-4, 10, 4], "size": [8, 1, 1], "uv": [0, 12]},
					{"origin": [-4, 12, 4], "size": [8, 1, 1], "uv": [0, 12]},
					{"origin": [-4, 14, 4], "size": [8, 1, 1], "uv": [0, 12]},
					{"origin": [-4, 16, 4], "size": [8, 1, 1], "uv": [0, 12]},
					{"origin": [-4, 18, 4], "size": [8, 1, 1], "uv": [0, 12]},
					{"origin": [-4, 20, 4], "size": [8, 1, 1], "uv": [0, 12]},
					{"origin": [-4, 22, 4], "size": [8, 1, 1], "uv": [0, 12]},
					{"origin": [4, 10, 4], "size": [1, 12, 1], "uv": [0, 12]}
				]
			}
		]
	}
}