{
	"format_version": "1.12.0",
	"minecraft:geometry": [
		{
			"description": {
				"identifier": "geometry.pa_basket02",
				"texture_width": 16,
				"texture_height": 16,
				"visible_bounds_width": 4,
				"visible_bounds_height": 2.5,
				"visible_bounds_offset": [0, 0.75, 0]
			},
			"bones": [
				{
					"name": "hexadecagon",
					"pivot": [-8, 8, 8],
					"cubes": [
						{
							"origin": [-1.5913, 15.5, -0.25],
							"size": [3.1826, 0.5, 0.5],
							"pivot": [0, 8, 0],
							"rotation": [0, 0, -45],
							"uv": {
								"north": {"uv": [0, 4], "uv_size": [1, 1]},
								"east": {"uv": [1, 5], "uv_size": [1, 1]},
								"south": {"uv": [0, 4], "uv_size": [1, 1]},
								"west": {"uv": [0, 4], "uv_size": [1, 1]},
								"up": {"uv": [1, 5], "uv_size": [-1, -1]},
								"down": {"uv": [1, 5], "uv_size": [-1, -1]}
							}
						},
						{
							"origin": [-1.5913, 15.5, -0.25],
							"size": [3.1826, 0.5, 0.5],
							"pivot": [0, 8, 0],
							"rotation": [0, 0, -22.5],
							"uv": {
								"north": {"uv": [0, 4], "uv_size": [1, 1]},
								"east": {"uv": [1, 5], "uv_size": [1, 1]},
								"south": {"uv": [0, 4], "uv_size": [1, 1]},
								"west": {"uv": [0, 4], "uv_size": [1, 1]},
								"up": {"uv": [1, 5], "uv_size": [-1, -1]},
								"down": {"uv": [1, 5], "uv_size": [-1, -1]}
							}
						},
						{
							"origin": [-1.5913, 15.5, -0.25],
							"size": [3.1826, 0.5, 0.5],
							"uv": {
								"north": {"uv": [0, 4], "uv_size": [1, 1]},
								"east": {"uv": [1, 5], "uv_size": [1, 1]},
								"south": {"uv": [0, 4], "uv_size": [1, 1]},
								"west": {"uv": [0, 4], "uv_size": [1, 1]},
								"up": {"uv": [1, 5], "uv_size": [-1, -1]},
								"down": {"uv": [1, 5], "uv_size": [-1, -1]}
							}
						},
						{
							"origin": [-1.5913, 15.5, -0.25],
							"size": [3.1826, 0.5, 0.5],
							"pivot": [0, 8, 0],
							"rotation": [0, 0, 22.5],
							"uv": {
								"north": {"uv": [0, 4], "uv_size": [1, 1]},
								"east": {"uv": [1, 5], "uv_size": [1, 1]},
								"south": {"uv": [0, 4], "uv_size": [1, 1]},
								"west": {"uv": [0, 4], "uv_size": [1, 1]},
								"up": {"uv": [1, 5], "uv_size": [-1, -1]},
								"down": {"uv": [1, 5], "uv_size": [-1, -1]}
							}
						},
						{
							"origin": [-1.5913, 15.5, -0.25],
							"size": [3.1826, 0.5, 0.5],
							"pivot": [0, 8, 0],
							"rotation": [0, 0, 45],
							"uv": {
								"north": {"uv": [0, 4], "uv_size": [1, 1]},
								"east": {"uv": [1, 5], "uv_size": [1, 1]},
								"south": {"uv": [0, 4], "uv_size": [1, 1]},
								"west": {"uv": [0, 4], "uv_size": [1, 1]},
								"up": {"uv": [1, 5], "uv_size": [-1, -1]},
								"down": {"uv": [1, 5], "uv_size": [-1, -1]}
							}
						},
						{
							"origin": [7.5, 6.4087, -0.25],
							"size": [0.5, 3.1826, 0.5],
							"pivot": [0, 8, 0],
							"rotation": [0, 0, -22.5],
							"uv": {
								"north": {"uv": [0, 4], "uv_size": [1, 1]},
								"east": {"uv": [1, 5], "uv_size": [1, 1]},
								"south": {"uv": [0, 4], "uv_size": [1, 1]},
								"west": {"uv": [0, 4], "uv_size": [1, 1]},
								"up": {"uv": [1, 5], "uv_size": [-1, -1]},
								"down": {"uv": [1, 5], "uv_size": [-1, -1]}
							}
						},
						{
							"origin": [7.5, 6.4087, -0.25],
							"size": [0.5, 3.1826, 0.5],
							"uv": {
								"north": {"uv": [0, 4], "uv_size": [1, 1]},
								"east": {"uv": [1, 5], "uv_size": [1, 1]},
								"south": {"uv": [0, 4], "uv_size": [1, 1]},
								"west": {"uv": [0, 4], "uv_size": [1, 1]},
								"up": {"uv": [1, 5], "uv_size": [-1, -1]},
								"down": {"uv": [1, 5], "uv_size": [-1, -1]}
							}
						},
						{
							"origin": [-8, 6.4087, -0.25],
							"size": [0.5, 3.1826, 0.5],
							"uv": {
								"north": {"uv": [0, 4], "uv_size": [1, 1]},
								"east": {"uv": [1, 5], "uv_size": [1, 1]},
								"south": {"uv": [0, 4], "uv_size": [1, 1]},
								"west": {"uv": [0, 4], "uv_size": [1, 1]},
								"up": {"uv": [1, 5], "uv_size": [-1, -1]},
								"down": {"uv": [1, 5], "uv_size": [-1, -1]}
							}
						},
						{
							"origin": [-8, 6.4087, -0.25],
							"size": [0.5, 3.1826, 0.5],
							"pivot": [0, 8, 0],
							"rotation": [0, 0, 22.5],
							"uv": {
								"north": {"uv": [0, 4], "uv_size": [1, 1]},
								"east": {"uv": [1, 5], "uv_size": [1, 1]},
								"south": {"uv": [0, 4], "uv_size": [1, 1]},
								"west": {"uv": [0, 4], "uv_size": [1, 1]},
								"up": {"uv": [1, 5], "uv_size": [-1, -1]},
								"down": {"uv": [1, 5], "uv_size": [-1, -1]}
							}
						}
					]
				},
				{
					"name": "bone",
					"pivot": [0, 0, 0],
					"cubes": [
						{
							"origin": [-7, 0, -6],
							"size": [14, 1, 12],
							"uv": {
								"north": {"uv": [0, 0], "uv_size": [14, 1]},
								"east": {"uv": [0, 0], "uv_size": [12, 1]},
								"south": {"uv": [0, 0], "uv_size": [14, 1]},
								"west": {"uv": [0, 0], "uv_size": [12, 1]},
								"up": {"uv": [10, 16], "uv_size": [-10, -7]},
								"down": {"uv": [12, 8], "uv_size": [-12, -5]}
							}
						},
						{
							"origin": [-7, 0, -7],
							"size": [15, 9, 1],
							"uv": {
								"north": {"uv": [0, 0], "uv_size": [15, 8]},
								"east": {"uv": [0, 0], "uv_size": [1, 9]},
								"south": {"uv": [0, 9], "uv_size": [15, 7]},
								"west": {"uv": [0, 0], "uv_size": [1, 8]},
								"up": {"uv": [1, 13], "uv_size": [-1, -4]},
								"down": {"uv": [15, 6], "uv_size": [-15, -6]}
							}
						},
						{
							"origin": [7, 0, -6],
							"size": [1, 9, 12],
							"uv": {
								"north": {"uv": [0, 0], "uv_size": [1, 9]},
								"east": {"uv": [0, 9], "uv_size": [12, 7]},
								"south": {"uv": [0, 0], "uv_size": [1, 9]},
								"west": {"uv": [0, 0], "uv_size": [12, 8]},
								"up": {"uv": [9, 14], "uv_size": [-9, -5]},
								"down": {"uv": [1, 7], "uv_size": [-1, -4]}
							}
						},
						{
							"origin": [-8, 0, -7],
							"size": [1, 9, 13],
							"uv": {
								"north": {"uv": [1, 0], "uv_size": [2, 8]},
								"east": {"uv": [0, 0], "uv_size": [15, 8]},
								"south": {"uv": [0, 0], "uv_size": [1, 9]},
								"west": {"uv": [0, 9], "uv_size": [15, 7]},
								"up": {"uv": [1, 13], "uv_size": [-1, -4]},
								"down": {"uv": [2, 7], "uv_size": [-2, -4]}
							}
						},
						{
							"origin": [-8, 0, 6],
							"size": [16, 9, 1],
							"uv": {
								"north": {"uv": [0, 9], "uv_size": [15, 7]},
								"east": {"uv": [2, 0], "uv_size": [1, 8]},
								"south": {"uv": [0, 0], "uv_size": [15, 8]},
								"west": {"uv": [0, 0], "uv_size": [1, 8]},
								"up": {"uv": [1, 13], "uv_size": [-1, -4]},
								"down": {"uv": [16, 5], "uv_size": [-16, -1]}
							}
						}
					]
				}
			]
		}
	]
}