{
	"format_version": "1.12.0",
	"minecraft:geometry": [
		{
			"description": {
				"identifier": "geometry.pa_basket03",
				"texture_width": 32,
				"texture_height": 32,
				"visible_bounds_width": 4,
				"visible_bounds_height": 2.5,
				"visible_bounds_offset": [0, 0.75, 0]
			},
			"bones": [
				{
					"name": "hexadecagon",
					"pivot": [-8, 8, 8],
					"cubes": [
						{
							"origin": [-1.5913, 15.5, -0.25],
							"size": [3.1826, 0.5, 0.5],
							"pivot": [0, 8, 0],
							"rotation": [0, 0, -45],
							"uv": {
								"north": {"uv": [0, 8], "uv_size": [2, 2]},
								"east": {"uv": [2, 10], "uv_size": [2, 2]},
								"south": {"uv": [0, 8], "uv_size": [2, 2]},
								"west": {"uv": [0, 8], "uv_size": [2, 2]},
								"up": {"uv": [2, 10], "uv_size": [-2, -2]},
								"down": {"uv": [2, 10], "uv_size": [-2, -2]}
							}
						},
						{
							"origin": [-1.5913, 15.5, -0.25],
							"size": [3.1826, 0.5, 0.5],
							"pivot": [0, 8, 0],
							"rotation": [0, 0, -22.5],
							"uv": {
								"north": {"uv": [0, 8], "uv_size": [2, 2]},
								"east": {"uv": [2, 10], "uv_size": [2, 2]},
								"south": {"uv": [0, 8], "uv_size": [2, 2]},
								"west": {"uv": [0, 8], "uv_size": [2, 2]},
								"up": {"uv": [2, 10], "uv_size": [-2, -2]},
								"down": {"uv": [2, 10], "uv_size": [-2, -2]}
							}
						},
						{
							"origin": [-1.5913, 15.5, -0.25],
							"size": [3.1826, 0.5, 0.5],
							"uv": {
								"north": {"uv": [0, 8], "uv_size": [2, 2]},
								"east": {"uv": [2, 10], "uv_size": [2, 2]},
								"south": {"uv": [0, 8], "uv_size": [2, 2]},
								"west": {"uv": [0, 8], "uv_size": [2, 2]},
								"up": {"uv": [2, 10], "uv_size": [-2, -2]},
								"down": {"uv": [2, 10], "uv_size": [-2, -2]}
							}
						},
						{
							"origin": [-1.5913, 15.5, -0.25],
							"size": [3.1826, 0.5, 0.5],
							"pivot": [0, 8, 0],
							"rotation": [0, 0, 22.5],
							"uv": {
								"north": {"uv": [0, 8], "uv_size": [2, 2]},
								"east": {"uv": [2, 10], "uv_size": [2, 2]},
								"south": {"uv": [0, 8], "uv_size": [2, 2]},
								"west": {"uv": [0, 8], "uv_size": [2, 2]},
								"up": {"uv": [2, 10], "uv_size": [-2, -2]},
								"down": {"uv": [2, 10], "uv_size": [-2, -2]}
							}
						},
						{
							"origin": [-1.5913, 15.5, -0.25],
							"size": [3.1826, 0.5, 0.5],
							"pivot": [0, 8, 0],
							"rotation": [0, 0, 45],
							"uv": {
								"north": {"uv": [0, 8], "uv_size": [2, 2]},
								"east": {"uv": [2, 10], "uv_size": [2, 2]},
								"south": {"uv": [0, 8], "uv_size": [2, 2]},
								"west": {"uv": [0, 8], "uv_size": [2, 2]},
								"up": {"uv": [2, 10], "uv_size": [-2, -2]},
								"down": {"uv": [2, 10], "uv_size": [-2, -2]}
							}
						},
						{
							"origin": [7.5, 6.4087, -0.25],
							"size": [0.5, 3.1826, 0.5],
							"pivot": [0, 8, 0],
							"rotation": [0, 0, -22.5],
							"uv": {
								"north": {"uv": [0, 8], "uv_size": [2, 2]},
								"east": {"uv": [2, 10], "uv_size": [2, 2]},
								"south": {"uv": [0, 8], "uv_size": [2, 2]},
								"west": {"uv": [0, 8], "uv_size": [2, 2]},
								"up": {"uv": [2, 10], "uv_size": [-2, -2]},
								"down": {"uv": [2, 10], "uv_size": [-2, -2]}
							}
						},
						{
							"origin": [7.5, 6.4087, -0.25],
							"size": [0.5, 3.1826, 0.5],
							"uv": {
								"north": {"uv": [0, 8], "uv_size": [2, 2]},
								"east": {"uv": [2, 10], "uv_size": [2, 2]},
								"south": {"uv": [0, 8], "uv_size": [2, 2]},
								"west": {"uv": [0, 8], "uv_size": [2, 2]},
								"up": {"uv": [2, 10], "uv_size": [-2, -2]},
								"down": {"uv": [2, 10], "uv_size": [-2, -2]}
							}
						},
						{
							"origin": [-8, 6.4087, -0.25],
							"size": [0.5, 3.1826, 0.5],
							"uv": {
								"north": {"uv": [0, 8], "uv_size": [2, 2]},
								"east": {"uv": [2, 10], "uv_size": [2, 2]},
								"south": {"uv": [0, 8], "uv_size": [2, 2]},
								"west": {"uv": [0, 8], "uv_size": [2, 2]},
								"up": {"uv": [2, 10], "uv_size": [-2, -2]},
								"down": {"uv": [2, 10], "uv_size": [-2, -2]}
							}
						},
						{
							"origin": [-8, 6.4087, -0.25],
							"size": [0.5, 3.1826, 0.5],
							"pivot": [0, 8, 0],
							"rotation": [0, 0, 22.5],
							"uv": {
								"north": {"uv": [0, 8], "uv_size": [2, 2]},
								"east": {"uv": [2, 10], "uv_size": [2, 2]},
								"south": {"uv": [0, 8], "uv_size": [2, 2]},
								"west": {"uv": [0, 8], "uv_size": [2, 2]},
								"up": {"uv": [2, 10], "uv_size": [-2, -2]},
								"down": {"uv": [2, 10], "uv_size": [-2, -2]}
							}
						}
					]
				},
				{
					"name": "bone",
					"pivot": [0, 0, 0],
					"cubes": [
						{
							"origin": [-7, 0, -6],
							"size": [14, 1, 12],
							"uv": {
								"north": {"uv": [0, 0], "uv_size": [28, 2]},
								"east": {"uv": [0, 0], "uv_size": [24, 2]},
								"south": {"uv": [0, 0], "uv_size": [28, 2]},
								"west": {"uv": [0, 0], "uv_size": [24, 2]},
								"up": {"uv": [16, 10], "uv_size": [-16, -10]},
								"down": {"uv": [16, 10], "uv_size": [-16, -10]}
							}
						},
						{
							"origin": [-8, 0, -7],
							"size": [16, 9, 1],
							"uv": {
								"north": {"uv": [0, 0], "uv_size": [16, 10]},
								"east": {"uv": [0, 0], "uv_size": [2, 10]},
								"south": {"uv": [0, 0], "uv_size": [16, 10]},
								"west": {"uv": [0, 0], "uv_size": [2, 10]},
								"up": {"uv": [2, 8], "uv_size": [-2, -8]},
								"down": {"uv": [2, 8], "uv_size": [-2, -8]}
							}
						},
						{
							"origin": [7, 0, -6],
							"size": [1, 9, 12],
							"uv": {
								"north": {"uv": [0, 0], "uv_size": [2, 18]},
								"east": {"uv": [0, 0], "uv_size": [16, 10]},
								"south": {"uv": [0, 0], "uv_size": [2, 18]},
								"west": {"uv": [0, 0], "uv_size": [16, 10]},
								"up": {"uv": [2, 8], "uv_size": [-2, -8]},
								"down": {"uv": [2, 8], "uv_size": [-2, -8]}
							}
						},
						{
							"origin": [-8, 0, -6],
							"size": [1, 9, 12],
							"uv": {
								"north": {"uv": [2, 0], "uv_size": [4, 16]},
								"east": {"uv": [0, 0], "uv_size": [16, 10]},
								"south": {"uv": [0, 0], "uv_size": [2, 18]},
								"west": {"uv": [0, 0], "uv_size": [16, 10]},
								"up": {"uv": [2, 8], "uv_size": [-2, -8]},
								"down": {"uv": [2, 8], "uv_size": [-2, -8]}
							}
						},
						{
							"origin": [-8, 0, 6],
							"size": [16, 9, 1],
							"uv": {
								"north": {"uv": [0, 0], "uv_size": [16, 10]},
								"east": {"uv": [0, 0], "uv_size": [2, 10]},
								"south": {"uv": [0, 0], "uv_size": [16, 10]},
								"west": {"uv": [0, 0], "uv_size": [2, 10]},
								"up": {"uv": [2, 8], "uv_size": [-2, -8]},
								"down": {"uv": [2, 8], "uv_size": [-2, -8]}
							}
						}
					]
				}
			]
		}
	]
}