{
	"format_version": "1.12.0",
	"minecraft:geometry": [
		{
			"description": {
				"identifier": "geometry.pa_basket01",
				"texture_width": 64,
				"texture_height": 64,
				"visible_bounds_width": 2,
				"visible_bounds_height": 2.5,
				"visible_bounds_offset": [0, 0.75, 0]
			},
			"bones": [
				{
					"name": "group",
					"pivot": [-8, 11.78138, 10.2537],
					"cubes": [
						{
							"origin": [-8, 0, -7],
							"size": [16, 7, 1],
							"uv": {
								"north": {"uv": [33, 0], "uv_size": [31, 20]},
								"east": {"uv": [0, 0], "uv_size": [5, 20]},
								"south": {"uv": [0, 20], "uv_size": [31, 16]},
								"west": {"uv": [0, 0], "uv_size": [5, 20]},
								"up": {"uv": [64, 4], "uv_size": [-64, -4]},
								"down": {"uv": [64, 4], "uv_size": [-64, -4]}
							}
						},
						{
							"origin": [-8, 0, -6],
							"size": [1, 7, 12],
							"uv": {
								"north": {"uv": [0, 0], "uv_size": [4, 28]},
								"east": {"uv": [33, 0], "uv_size": [31, 20]},
								"south": {"uv": [0, 0], "uv_size": [4, 28]},
								"west": {"uv": [0, 20], "uv_size": [31, 16]},
								"up": {"uv": [4, 20], "uv_size": [-4, -20]},
								"down": {"uv": [5, 20], "uv_size": [-5, -20]}
							}
						},
						{
							"origin": [-8, 3.78138, 3.7463],
							"size": [16, 11, 1],
							"pivot": [0, 11.78138, -3.2537],
							"rotation": [20, 0, 0],
							"uv": {
								"north": {"uv": [34, 20], "uv_size": [28, 23]},
								"east": {"uv": [0, 0], "uv_size": [5, 20]},
								"south": {"uv": [0, 0], "uv_size": [31, 20]},
								"west": {"uv": [0, 0], "uv_size": [5, 20]},
								"up": {"uv": [32.5, 4], "uv_size": [-32.5, -4]},
								"down": {"uv": [31.5, 4.5], "uv_size": [-31.5, -4.5]}
							}
						},
						{
							"origin": [-8, 0, 6],
							"size": [16, 7, 1],
							"uv": {
								"north": {"uv": [0, 20], "uv_size": [31, 16]},
								"east": {"uv": [0, 0], "uv_size": [5, 20]},
								"south": {"uv": [0, 0], "uv_size": [31, 20]},
								"west": {"uv": [0, 0], "uv_size": [4, 20]},
								"up": {"uv": [31.5, 4], "uv_size": [-31.5, -4]},
								"down": {"uv": [64, 4], "uv_size": [-64, -4]}
							}
						},
						{
							"origin": [7, 0, -6],
							"size": [1, 7, 12],
							"uv": {
								"north": {"uv": [0, 0], "uv_size": [4, 28]},
								"east": {"uv": [0, 20], "uv_size": [31, 16]},
								"south": {"uv": [0, 0], "uv_size": [4, 28]},
								"west": {"uv": [33, 0], "uv_size": [31, 20]},
								"up": {"uv": [4, 19], "uv_size": [-4, -19]},
								"down": {"uv": [5, 20], "uv_size": [-5, -20]}
							}
						},
						{
							"origin": [-7, 0, -6],
							"size": [14, 1, 12],
							"uv": {
								"north": {"uv": [0, 0], "uv_size": [14, 1]},
								"east": {"uv": [0, 0], "uv_size": [12, 1]},
								"south": {"uv": [0, 0], "uv_size": [14, 1]},
								"west": {"uv": [0, 0], "uv_size": [12, 1]},
								"up": {"uv": [14, 32], "uv_size": [-14, -12]},
								"down": {"uv": [64, 18], "uv_size": [-31, -18]}
							}
						}
					]
				},
				{
					"name": "group",
					"parent": "group",
					"pivot": [-12, 24, 13],
					"cubes": [
						{
							"origin": [-5, 17, 0],
							"size": [1, 0, 3],
							"uv": {
								"north": {"uv": [0, 0], "uv_size": [1, 0]},
								"east": {"uv": [0, 0], "uv_size": [3, 0]},
								"south": {"uv": [0, 0], "uv_size": [1, 0]},
								"west": {"uv": [0, 0], "uv_size": [3, 0]},
								"up": {"uv": [3, 49], "uv_size": [-1, -3]},
								"down": {"uv": [1, 3], "uv_size": [-1, -3]}
							}
						},
						{
							"origin": [-5, 16.8148, 8.29214],
							"size": [1, 3, 0],
							"pivot": [3, 26.8148, 1.29214],
							"rotation": [-52.5, 0, 0],
							"uv": {
								"north": {"uv": [2, 46], "uv_size": [1, 3]},
								"east": {"uv": [0, 0], "uv_size": [0, 3]},
								"south": {"uv": [0, 0], "uv_size": [1, 3]},
								"west": {"uv": [0, 0], "uv_size": [0, 3]},
								"up": {"uv": [1, 0], "uv_size": [-1, 0]},
								"down": {"uv": [1, 0], "uv_size": [-1, 0]}
							}
						},
						{
							"origin": [-3.74098, 2.25049, -8.42155],
							"size": [0.68525, 0.68525, 2.31008],
							"uv": {
								"north": {"uv": [0, 0], "uv_size": [1, 1]},
								"east": {"uv": [39, 45], "uv_size": [4.5, 4]},
								"south": {"uv": [0, 0], "uv_size": [1, 1]},
								"west": {"uv": [39, 45], "uv_size": [4.5, 4]},
								"up": {"uv": [43.5, 49], "uv_size": [-4.5, -4]},
								"down": {"uv": [43.5, 49], "uv_size": [-4.5, -4]}
							}
						},
						{
							"origin": [3.25902, 2.25049, -8.42155],
							"size": [0.68525, 0.68525, 2.31008],
							"uv": {
								"north": {"uv": [0, 0], "uv_size": [1, 1]},
								"east": {"uv": [39, 45], "uv_size": [4.5, 4]},
								"south": {"uv": [0, 0], "uv_size": [1, 1]},
								"west": {"uv": [39, 45], "uv_size": [4.5, 4]},
								"up": {"uv": [43.5, 49], "uv_size": [-4.5, -4]},
								"down": {"uv": [43.5, 49], "uv_size": [-4.5, -4]}
							}
						},
						{
							"origin": [-4, 2, -9],
							"size": [8, 1, 1],
							"uv": {
								"north": {"uv": [2, 52], "uv_size": [8, 7]},
								"east": {"uv": [2, 52], "uv_size": [8, 7]},
								"south": {"uv": [2, 52], "uv_size": [8, 7]},
								"west": {"uv": [2, 52], "uv_size": [8, 7]},
								"up": {"uv": [10, 59], "uv_size": [-8, -7]},
								"down": {"uv": [10, 59], "uv_size": [-8, -7]}
							}
						}
					]
				},
				{
					"name": "group",
					"parent": "group",
					"pivot": [-12, 24, 13],
					"cubes": [
						{
							"origin": [4, 17, 0],
							"size": [1, 0, 3],
							"uv": {
								"north": {"uv": [0, 0], "uv_size": [1, 0]},
								"east": {"uv": [0, 0], "uv_size": [3, 0]},
								"south": {"uv": [0, 0], "uv_size": [1, 0]},
								"west": {"uv": [0, 0], "uv_size": [3, 0]},
								"up": {"uv": [3, 49], "uv_size": [-1, -3]},
								"down": {"uv": [1, 3], "uv_size": [-1, -3]}
							}
						},
						{
							"origin": [4, 16.8148, 8.29214],
							"size": [1, 3, 0],
							"pivot": [12, 26.8148, 1.29214],
							"rotation": [-52.5, 0, 0],
							"uv": {
								"north": {"uv": [2, 46], "uv_size": [1, 3]},
								"east": {"uv": [0, 0], "uv_size": [0, 3]},
								"south": {"uv": [0, 0], "uv_size": [1, 3]},
								"west": {"uv": [0, 0], "uv_size": [0, 3]},
								"up": {"uv": [1, 0], "uv_size": [-1, 0]},
								"down": {"uv": [1, 0], "uv_size": [-1, 0]}
							}
						}
					]
				},
				{
					"name": "hexadecagon",
					"pivot": [-8, 8, 8],
					"cubes": [
						{
							"origin": [-4.63955, 16.69433, 1.85421],
							"size": [0.16412, 0.8251, 0.10314],
							"pivot": [-4.55749, 17.10688, 1.94445],
							"rotation": [-53.63976, 38.84468, 24.78507],
							"uv": {
								"north": {"uv": [37, 44], "uv_size": [21, 20]},
								"east": {"uv": [40, 46], "uv_size": [24, 16]},
								"south": {"uv": [0, 0], "uv_size": [1, 1]},
								"west": {"uv": [40, 46], "uv_size": [24, 16]},
								"up": {"uv": [64, 62], "uv_size": [-24, -16]},
								"down": {"uv": [64, 62], "uv_size": [-24, -16]}
							}
						},
						{
							"origin": [-4.63955, 16.69433, 1.85421],
							"size": [0.16412, 0.8251, 0.10314],
							"pivot": [-4.55749, 17.10688, 1.94445],
							"rotation": [-60.60058, 19.84302, 10.82777],
							"uv": {
								"north": {"uv": [37, 44], "uv_size": [21, 20]},
								"east": {"uv": [40, 46], "uv_size": [24, 16]},
								"south": {"uv": [0, 0], "uv_size": [1, 1]},
								"west": {"uv": [40, 46], "uv_size": [24, 16]},
								"up": {"uv": [64, 62], "uv_size": [-24, -16]},
								"down": {"uv": [64, 62], "uv_size": [-24, -16]}
							}
						},
						{
							"origin": [-4.63955, 16.69433, 1.85421],
							"size": [0.16412, 0.8251, 0.10314],
							"pivot": [-4.55749, 17.10688, 1.94445],
							"rotation": [-62.5, 0, 0],
							"uv": {
								"north": {"uv": [37, 44], "uv_size": [21, 20]},
								"east": {"uv": [40, 46], "uv_size": [24, 16]},
								"south": {"uv": [0, 0], "uv_size": [1, 1]},
								"west": {"uv": [40, 46], "uv_size": [24, 16]},
								"up": {"uv": [64, 62], "uv_size": [-24, -16]},
								"down": {"uv": [64, 62], "uv_size": [-24, -16]}
							}
						},
						{
							"origin": [-4.63955, 16.69433, 1.85421],
							"size": [0.16412, 0.8251, 0.10314],
							"pivot": [-4.55749, 17.10688, 1.94445],
							"rotation": [-60.60058, -19.84302, -10.82777],
							"uv": {
								"north": {"uv": [37, 44], "uv_size": [21, 20]},
								"east": {"uv": [40, 46], "uv_size": [24, 16]},
								"south": {"uv": [0, 0], "uv_size": [1, 1]},
								"west": {"uv": [40, 46], "uv_size": [24, 16]},
								"up": {"uv": [64, 62], "uv_size": [-24, -16]},
								"down": {"uv": [64, 62], "uv_size": [-24, -16]}
							}
						},
						{
							"origin": [-4.63955, 16.69433, 1.85421],
							"size": [0.16412, 0.8251, 0.10314],
							"pivot": [-4.55749, 17.10688, 1.94445],
							"rotation": [-53.63976, -38.84468, -24.78507],
							"uv": {
								"north": {"uv": [37, 44], "uv_size": [21, 20]},
								"east": {"uv": [40, 46], "uv_size": [24, 16]},
								"south": {"uv": [0, 0], "uv_size": [1, 1]},
								"west": {"uv": [40, 46], "uv_size": [24, 16]},
								"up": {"uv": [64, 62], "uv_size": [-24, -16]},
								"down": {"uv": [64, 62], "uv_size": [-24, -16]}
							}
						},
						{
							"origin": [-4.97004, 17.02481, 1.85421],
							"size": [0.8251, 0.16412, 0.10314],
							"pivot": [-4.55749, 17.10688, 1.94445],
							"rotation": [-60.60058, 19.84302, 10.82777],
							"uv": {
								"north": {"uv": [37, 44], "uv_size": [21, 20]},
								"east": {"uv": [40, 46], "uv_size": [24, 16]},
								"south": {"uv": [0, 0], "uv_size": [1, 1]},
								"west": {"uv": [40, 46], "uv_size": [24, 16]},
								"up": {"uv": [64, 62], "uv_size": [-24, -16]},
								"down": {"uv": [64, 62], "uv_size": [-24, -16]}
							}
						},
						{
							"origin": [-4.97004, 17.02481, 1.85421],
							"size": [0.8251, 0.16412, 0.10314],
							"pivot": [-4.55749, 17.10688, 1.94445],
							"rotation": [-62.5, 0, 0],
							"uv": {
								"north": {"uv": [37, 44], "uv_size": [21, 20]},
								"east": {"uv": [40, 46], "uv_size": [24, 16]},
								"south": {"uv": [0, 0], "uv_size": [1, 1]},
								"west": {"uv": [40, 46], "uv_size": [24, 16]},
								"up": {"uv": [64, 62], "uv_size": [-24, -16]},
								"down": {"uv": [64, 62], "uv_size": [-24, -16]}
							}
						},
						{
							"origin": [-4.97004, 17.02481, 1.85421],
							"size": [0.8251, 0.16412, 0.10314],
							"pivot": [-4.55749, 17.10688, 1.94445],
							"rotation": [-60.60058, -19.84302, -10.82777],
							"uv": {
								"north": {"uv": [37, 44], "uv_size": [21, 20]},
								"east": {"uv": [40, 46], "uv_size": [24, 16]},
								"south": {"uv": [0, 0], "uv_size": [1, 1]},
								"west": {"uv": [40, 46], "uv_size": [24, 16]},
								"up": {"uv": [64, 62], "uv_size": [-24, -16]},
								"down": {"uv": [64, 62], "uv_size": [-24, -16]}
							}
						}
					]
				},
				{
					"name": "hexadecagon",
					"pivot": [-8, 8, 8],
					"cubes": [
						{
							"origin": [4.36045, 16.69433, 1.85421],
							"size": [0.16412, 0.8251, 0.10314],
							"pivot": [4.44251, 17.10688, 1.94445],
							"rotation": [-53.63976, 38.84468, 24.78507],
							"uv": {
								"north": {"uv": [37, 44], "uv_size": [21, 20]},
								"east": {"uv": [40, 46], "uv_size": [24, 16]},
								"south": {"uv": [0, 0], "uv_size": [1, 1]},
								"west": {"uv": [40, 46], "uv_size": [24, 16]},
								"up": {"uv": [64, 62], "uv_size": [-24, -16]},
								"down": {"uv": [64, 62], "uv_size": [-24, -16]}
							}
						},
						{
							"origin": [4.36045, 16.69433, 1.85421],
							"size": [0.16412, 0.8251, 0.10314],
							"pivot": [4.44251, 17.10688, 1.94445],
							"rotation": [-60.60058, 19.84302, 10.82777],
							"uv": {
								"north": {"uv": [37, 44], "uv_size": [21, 20]},
								"east": {"uv": [40, 46], "uv_size": [24, 16]},
								"south": {"uv": [0, 0], "uv_size": [1, 1]},
								"west": {"uv": [40, 46], "uv_size": [24, 16]},
								"up": {"uv": [64, 62], "uv_size": [-24, -16]},
								"down": {"uv": [64, 62], "uv_size": [-24, -16]}
							}
						},
						{
							"origin": [4.36045, 16.69433, 1.85421],
							"size": [0.16412, 0.8251, 0.10314],
							"pivot": [4.44251, 17.10688, 1.94445],
							"rotation": [-62.5, 0, 0],
							"uv": {
								"north": {"uv": [37, 44], "uv_size": [21, 20]},
								"east": {"uv": [40, 46], "uv_size": [24, 16]},
								"south": {"uv": [0, 0], "uv_size": [1, 1]},
								"west": {"uv": [40, 46], "uv_size": [24, 16]},
								"up": {"uv": [64, 62], "uv_size": [-24, -16]},
								"down": {"uv": [64, 62], "uv_size": [-24, -16]}
							}
						},
						{
							"origin": [4.36045, 16.69433, 1.85421],
							"size": [0.16412, 0.8251, 0.10314],
							"pivot": [4.44251, 17.10688, 1.94445],
							"rotation": [-60.60058, -19.84302, -10.82777],
							"uv": {
								"north": {"uv": [37, 44], "uv_size": [21, 20]},
								"east": {"uv": [40, 46], "uv_size": [24, 16]},
								"south": {"uv": [0, 0], "uv_size": [1, 1]},
								"west": {"uv": [40, 46], "uv_size": [24, 16]},
								"up": {"uv": [64, 62], "uv_size": [-24, -16]},
								"down": {"uv": [64, 62], "uv_size": [-24, -16]}
							}
						},
						{
							"origin": [4.36045, 16.69433, 1.85421],
							"size": [0.16412, 0.8251, 0.10314],
							"pivot": [4.44251, 17.10688, 1.94445],
							"rotation": [-53.63976, -38.84468, -24.78507],
							"uv": {
								"north": {"uv": [37, 44], "uv_size": [21, 20]},
								"east": {"uv": [40, 46], "uv_size": [24, 16]},
								"south": {"uv": [0, 0], "uv_size": [1, 1]},
								"west": {"uv": [40, 46], "uv_size": [24, 16]},
								"up": {"uv": [64, 62], "uv_size": [-24, -16]},
								"down": {"uv": [64, 62], "uv_size": [-24, -16]}
							}
						},
						{
							"origin": [4.02996, 17.02481, 1.85421],
							"size": [0.8251, 0.16412, 0.10314],
							"pivot": [4.44251, 17.10688, 1.94445],
							"rotation": [-60.60058, 19.84302, 10.82777],
							"uv": {
								"north": {"uv": [37, 44], "uv_size": [21, 20]},
								"east": {"uv": [40, 46], "uv_size": [24, 16]},
								"south": {"uv": [0, 0], "uv_size": [1, 1]},
								"west": {"uv": [40, 46], "uv_size": [24, 16]},
								"up": {"uv": [64, 62], "uv_size": [-24, -16]},
								"down": {"uv": [64, 62], "uv_size": [-24, -16]}
							}
						},
						{
							"origin": [4.02996, 17.02481, 1.85421],
							"size": [0.8251, 0.16412, 0.10314],
							"pivot": [4.44251, 17.10688, 1.94445],
							"rotation": [-62.5, 0, 0],
							"uv": {
								"north": {"uv": [37, 44], "uv_size": [21, 20]},
								"east": {"uv": [40, 46], "uv_size": [24, 16]},
								"south": {"uv": [0, 0], "uv_size": [1, 1]},
								"west": {"uv": [40, 46], "uv_size": [24, 16]},
								"up": {"uv": [64, 62], "uv_size": [-24, -16]},
								"down": {"uv": [64, 62], "uv_size": [-24, -16]}
							}
						},
						{
							"origin": [4.02996, 17.02481, 1.85421],
							"size": [0.8251, 0.16412, 0.10314],
							"pivot": [4.44251, 17.10688, 1.94445],
							"rotation": [-60.60058, -19.84302, -10.82777],
							"uv": {
								"north": {"uv": [37, 44], "uv_size": [21, 20]},
								"east": {"uv": [40, 46], "uv_size": [24, 16]},
								"south": {"uv": [0, 0], "uv_size": [1, 1]},
								"west": {"uv": [40, 46], "uv_size": [24, 16]},
								"up": {"uv": [64, 62], "uv_size": [-24, -16]},
								"down": {"uv": [64, 62], "uv_size": [-24, -16]}
							}
						}
					]
				},
				{
					"name": "group",
					"pivot": [-8, 8, 8],
					"cubes": [
						{
							"origin": [-5.0632, 5.0456, -7.8832],
							"size": [0.3604, 0.7208, 0.3604],
							"uv": {
								"north": {"uv": [52, 53], "uv_size": [9, 6]},
								"east": {"uv": [52, 53], "uv_size": [9, 6]},
								"south": {"uv": [52, 53], "uv_size": [9, 6]},
								"west": {"uv": [52, 53], "uv_size": [9, 6]},
								"up": {"uv": [1, 1], "uv_size": [-1, -1]},
								"down": {"uv": [1, 1], "uv_size": [-1, -1]}
							}
						},
						{
							"origin": [-3.982, 5.0456, -7.8832],
							"size": [0.3604, 0.7208, 0.3604],
							"uv": {
								"north": {"uv": [52, 53], "uv_size": [9, 6]},
								"east": {"uv": [52, 53], "uv_size": [9, 6]},
								"south": {"uv": [52, 53], "uv_size": [9, 6]},
								"west": {"uv": [52, 53], "uv_size": [9, 6]},
								"up": {"uv": [1, 1], "uv_size": [-1, -1]},
								"down": {"uv": [1, 1], "uv_size": [-1, -1]}
							}
						},
						{
							"origin": [-5.0632, 4.6852, -7.8832],
							"size": [1.4416, 0.3604, 0.3604],
							"uv": {
								"north": {"uv": [52, 53], "uv_size": [9, 6]},
								"east": {"uv": [52, 53], "uv_size": [9, 6]},
								"south": {"uv": [52, 53], "uv_size": [9, 6]},
								"west": {"uv": [52, 53], "uv_size": [9, 6]},
								"up": {"uv": [61, 59], "uv_size": [-9, -6]},
								"down": {"uv": [4, 1], "uv_size": [-4, -1]}
							}
						},
						{
							"origin": [-5.0632, 5.7664, -7.8832],
							"size": [1.4416, 0.3604, 0.3604],
							"uv": {
								"north": {"uv": [52, 53], "uv_size": [9, 6]},
								"east": {"uv": [52, 53], "uv_size": [9, 6]},
								"south": {"uv": [52, 53], "uv_size": [9, 6]},
								"west": {"uv": [52, 53], "uv_size": [9, 6]},
								"up": {"uv": [61, 59], "uv_size": [-9, -6]},
								"down": {"uv": [4, 1], "uv_size": [-4, -1]}
							}
						}
					]
				},
				{
					"name": "group",
					"pivot": [-8, 8, 8],
					"cubes": [
						{
							"origin": [3.9368, 5.0456, -7.8832],
							"size": [0.3604, 0.7208, 0.3604],
							"uv": {
								"north": {"uv": [52, 53], "uv_size": [9, 6]},
								"east": {"uv": [52, 53], "uv_size": [9, 6]},
								"south": {"uv": [52, 53], "uv_size": [9, 6]},
								"west": {"uv": [52, 53], "uv_size": [9, 6]},
								"up": {"uv": [1, 1], "uv_size": [-1, -1]},
								"down": {"uv": [1, 1], "uv_size": [-1, -1]}
							}
						},
						{
							"origin": [5.018, 5.0456, -7.8832],
							"size": [0.3604, 0.7208, 0.3604],
							"uv": {
								"north": {"uv": [52, 53], "uv_size": [9, 6]},
								"east": {"uv": [52, 53], "uv_size": [9, 6]},
								"south": {"uv": [52, 53], "uv_size": [9, 6]},
								"west": {"uv": [52, 53], "uv_size": [9, 6]},
								"up": {"uv": [1, 1], "uv_size": [-1, -1]},
								"down": {"uv": [1, 1], "uv_size": [-1, -1]}
							}
						},
						{
							"origin": [3.9368, 4.6852, -7.8832],
							"size": [1.4416, 0.3604, 0.3604],
							"uv": {
								"north": {"uv": [52, 53], "uv_size": [9, 6]},
								"east": {"uv": [52, 53], "uv_size": [9, 6]},
								"south": {"uv": [52, 53], "uv_size": [9, 6]},
								"west": {"uv": [52, 53], "uv_size": [9, 6]},
								"up": {"uv": [61, 59], "uv_size": [-9, -6]},
								"down": {"uv": [4, 1], "uv_size": [-4, -1]}
							}
						},
						{
							"origin": [3.9368, 5.7664, -7.8832],
							"size": [1.4416, 0.3604, 0.3604],
							"uv": {
								"north": {"uv": [52, 53], "uv_size": [9, 6]},
								"east": {"uv": [52, 53], "uv_size": [9, 6]},
								"south": {"uv": [52, 53], "uv_size": [9, 6]},
								"west": {"uv": [52, 53], "uv_size": [9, 6]},
								"up": {"uv": [61, 59], "uv_size": [-9, -6]},
								"down": {"uv": [4, 1], "uv_size": [-4, -1]}
							}
						},
						{
							"origin": [-4.876, 1.9504, -8.8016],
							"size": [0.9752, 3.9008, 0],
							"pivot": [2.9256, 9.752, -15.628],
							"rotation": [12.5, 0, 0],
							"uv": {
								"north": {"uv": [8, 52], "uv_size": [6, 8]},
								"east": {"uv": [0, 0], "uv_size": [1, 5]},
								"south": {"uv": [8, 52], "uv_size": [6, 8]},
								"west": {"uv": [8, 52], "uv_size": [6, 8]},
								"up": {"uv": [1, 1], "uv_size": [-1, -1]},
								"down": {"uv": [1, 1], "uv_size": [-1, -1]}
							}
						},
						{
							"origin": [4.124, 1.9504, -8.8016],
							"size": [0.9752, 3.9008, 0],
							"pivot": [11.9256, 9.752, -15.628],
							"rotation": [12.5, 0, 0],
							"uv": {
								"north": {"uv": [8, 52], "uv_size": [6, 8]},
								"east": {"uv": [0, 0], "uv_size": [1, 5]},
								"south": {"uv": [8, 52], "uv_size": [6, 8]},
								"west": {"uv": [8, 52], "uv_size": [6, 8]},
								"up": {"uv": [1, 1], "uv_size": [-1, -1]},
								"down": {"uv": [1, 1], "uv_size": [-1, -1]}
							}
						}
					]
				}
			]
		}
	]
}