{
	"format_version": "1.12.0",
	"minecraft:geometry": [
		{
			"description": {
				"identifier": "geometry.pa_box02",
				"texture_width": 16,
				"texture_height": 16,
				"visible_bounds_width": 4,
				"visible_bounds_height": 2.5,
				"visible_bounds_offset": [0, 0.75, 0]
			},
			"bones": [
				{
					"name": "bone",
					"pivot": [0, 0, 0],
					"cubes": [
						{
							"origin": [-7, 0, -6],
							"size": [14, 1, 12],
							"uv": {
								"north": {"uv": [0, 0], "uv_size": [14, 1]},
								"east": {"uv": [0, 0], "uv_size": [8, 5]},
								"south": {"uv": [0, 0], "uv_size": [14, 1]},
								"west": {"uv": [0, 0], "uv_size": [12, 1]},
								"up": {"uv": [16, 11], "uv_size": [-8, -5]},
								"down": {"uv": [15, 11], "uv_size": [-8, -5]}
							}
						},
						{
							"origin": [-8, 0, -7],
							"size": [16, 8, 1],
							"uv": {
								"north": {"uv": [1, 1], "uv_size": [9, 6]},
								"east": {"uv": [15, 0], "uv_size": [1, 5]},
								"south": {"uv": [7, 6], "uv_size": [9, 5]},
								"west": {"uv": [15, 0], "uv_size": [1, 5]},
								"up": {"uv": [8, 1], "uv_size": [-8, -1]},
								"down": {"uv": [16, 11], "uv_size": [-9, -5]}
							}
						},
						{
							"origin": [-8, 0, 6],
							"size": [16, 8, 1],
							"uv": {
								"north": {"uv": [7, 6], "uv_size": [9, 5]},
								"east": {"uv": [15, 0], "uv_size": [1, 5]},
								"south": {"uv": [1, 0], "uv_size": [9, 6]},
								"west": {"uv": [15, 0], "uv_size": [1, 5]},
								"up": {"uv": [8, 1], "uv_size": [-8, -1]},
								"down": {"uv": [16, 11], "uv_size": [-9, -5]}
							}
						},
						{
							"origin": [7, 0, -6],
							"size": [1, 8, 12],
							"uv": {
								"north": {"uv": [0, 0], "uv_size": [1, 8]},
								"east": {"uv": [7, 6], "uv_size": [9, 5]},
								"south": {"uv": [0, 0], "uv_size": [1, 8]},
								"west": {"uv": [7, 6], "uv_size": [8, 5]},
								"up": {"uv": [1, 5], "uv_size": [-1, -5]},
								"down": {"uv": [16, 11], "uv_size": [-9, -5]}
							}
						},
						{
							"origin": [-8, 0, -6],
							"size": [1, 8, 12],
							"uv": {
								"north": {"uv": [0, 0], "uv_size": [1, 8]},
								"east": {"uv": [7, 6], "uv_size": [8, 5]},
								"south": {"uv": [0, 0], "uv_size": [1, 8]},
								"west": {"uv": [7, 6], "uv_size": [9, 5]},
								"up": {"uv": [1, 5], "uv_size": [-1, -5]},
								"down": {"uv": [16, 11], "uv_size": [-9, -5]}
							}
						}
					]
				}
			]
		}
	]
}