{
	"format_version": "1.12.0",
	"minecraft:geometry": [
		{
			"description": {
				"identifier": "geometry.pa_coffe",
				"texture_width": 16,
				"texture_height": 16,
				"visible_bounds_width": 2,
				"visible_bounds_height": 2.5,
				"visible_bounds_offset": [0, 0.75, 0]
			},
			"bones": [
				{
					"name": "hexadecagon",
					"pivot": [-8, 8, 8],
					"cubes": [
						{
							"origin": [-0.41883, 1.3542, -2.1056],
							"size": [0.83766, 5.7904, 0.1316],
							"pivot": [0, 1.42, 0],
							"rotation": [0, 45, 0],
							"uv": {
								"north": {"uv": [4, 3.5], "uv_size": [1.625, 10.75]},
								"east": {"uv": [2.125, 0.125], "uv_size": [4.5, 2.875]},
								"south": {"uv": [2.125, 0.125], "uv_size": [4.5, 2.875]},
								"west": {"uv": [2.125, 0.125], "uv_size": [4.5, 2.875]},
								"up": {"uv": [6.625, 3], "uv_size": [-4.5, -2.875]},
								"down": {"uv": [6.625, 3], "uv_size": [-4.5, -2.875]}
							}
						},
						{
							"origin": [-0.41883, 1.3542, -2.1056],
							"size": [0.83766, 5.7904, 0.1316],
							"pivot": [0, 1.42, 0],
							"rotation": [0, 22.5, 0],
							"uv": {
								"north": {"uv": [5.75, 3.5], "uv_size": [1.625, 10.75]},
								"east": {"uv": [2.125, 0.125], "uv_size": [4.5, 2.875]},
								"south": {"uv": [2.125, 0.125], "uv_size": [4.5, 2.875]},
								"west": {"uv": [2.125, 0.125], "uv_size": [4.5, 2.875]},
								"up": {"uv": [6.625, 3], "uv_size": [-4.5, -2.875]},
								"down": {"uv": [6.625, 3], "uv_size": [-4.5, -2.875]}
							}
						},
						{
							"origin": [-0.41883, 1.3542, -2.1056],
							"size": [0.83766, 5.7904, 0.1316],
							"uv": {
								"north": {"uv": [7.375, 3.5], "uv_size": [1.625, 10.75]},
								"east": {"uv": [2.125, 0.125], "uv_size": [4.5, 2.875]},
								"south": {"uv": [2.125, 0.125], "uv_size": [4.5, 2.875]},
								"west": {"uv": [2.125, 0.125], "uv_size": [4.5, 2.875]},
								"up": {"uv": [6.625, 3], "uv_size": [-4.5, -2.875]},
								"down": {"uv": [6.625, 3], "uv_size": [-4.5, -2.875]}
							}
						},
						{
							"origin": [-0.41883, 1.3542, -2.1056],
							"size": [0.83766, 5.7904, 0.1316],
							"pivot": [0, 1.42, 0],
							"rotation": [0, -22.5, 0],
							"uv": {
								"north": {"uv": [9.125, 3.5], "uv_size": [1.625, 10.75]},
								"east": {"uv": [2.125, 0.125], "uv_size": [4.5, 2.875]},
								"south": {"uv": [2.125, 0.125], "uv_size": [4.5, 2.875]},
								"west": {"uv": [2.125, 0.125], "uv_size": [4.5, 2.875]},
								"up": {"uv": [6.625, 3], "uv_size": [-4.5, -2.875]},
								"down": {"uv": [6.625, 3], "uv_size": [-4.5, -2.875]}
							}
						},
						{
							"origin": [-0.41883, 1.3542, -2.1056],
							"size": [0.83766, 5.7904, 0.1316],
							"pivot": [0, 1.42, 0],
							"rotation": [0, -45, 0],
							"uv": {
								"north": {"uv": [10.875, 3.5], "uv_size": [1.625, 10.75]},
								"east": {"uv": [2.125, 0.125], "uv_size": [4.5, 2.875]},
								"south": {"uv": [2.125, 0.125], "uv_size": [4.5, 2.875]},
								"west": {"uv": [2.125, 0.125], "uv_size": [4.5, 2.875]},
								"up": {"uv": [6.625, 3], "uv_size": [-4.5, -2.875]},
								"down": {"uv": [6.625, 3], "uv_size": [-4.5, -2.875]}
							}
						},
						{
							"origin": [-0.41883, 1.3542, 1.974],
							"size": [0.83766, 5.7904, 0.1316],
							"pivot": [0, 1.42, 0],
							"rotation": [0, 45, 0],
							"uv": {
								"north": {"uv": [2.125, 0.125], "uv_size": [4.5, 2.875]},
								"east": {"uv": [2.125, 0.125], "uv_size": [4.5, 2.875]},
								"south": {"uv": [2.125, 0.125], "uv_size": [4.5, 2.875]},
								"west": {"uv": [2.125, 0.125], "uv_size": [4.5, 2.875]},
								"up": {"uv": [6.625, 3], "uv_size": [-4.5, -2.875]},
								"down": {"uv": [6.625, 3], "uv_size": [-4.5, -2.875]}
							}
						},
						{
							"origin": [-0.41883, 1.3542, 1.974],
							"size": [0.83766, 5.7904, 0.1316],
							"pivot": [0, 1.42, 0],
							"rotation": [0, 22.5, 0],
							"uv": {
								"north": {"uv": [2.125, 0.125], "uv_size": [4.5, 2.875]},
								"east": {"uv": [2.125, 0.125], "uv_size": [4.5, 2.875]},
								"south": {"uv": [2.125, 0.125], "uv_size": [4.5, 2.875]},
								"west": {"uv": [2.125, 0.125], "uv_size": [4.5, 2.875]},
								"up": {"uv": [6.625, 3], "uv_size": [-4.5, -2.875]},
								"down": {"uv": [6.625, 3], "uv_size": [-4.5, -2.875]}
							}
						},
						{
							"origin": [-0.41883, 1.3542, 1.974],
							"size": [0.83766, 5.7904, 0.1316],
							"uv": {
								"north": {"uv": [2.125, 0.125], "uv_size": [4.5, 2.875]},
								"east": {"uv": [2.125, 0.125], "uv_size": [4.5, 2.875]},
								"south": {"uv": [2.125, 0.125], "uv_size": [4.5, 2.875]},
								"west": {"uv": [2.125, 0.125], "uv_size": [4.5, 2.875]},
								"up": {"uv": [6.625, 3], "uv_size": [-4.5, -2.875]},
								"down": {"uv": [6.625, 3], "uv_size": [-4.5, -2.875]}
							}
						},
						{
							"origin": [-0.41883, 1.3542, 1.974],
							"size": [0.83766, 5.7904, 0.1316],
							"pivot": [0, 1.42, 0],
							"rotation": [0, -22.5, 0],
							"uv": {
								"north": {"uv": [2.125, 0.125], "uv_size": [4.5, 2.875]},
								"east": {"uv": [2.125, 0.125], "uv_size": [4.5, 2.875]},
								"south": {"uv": [2.125, 0.125], "uv_size": [4.5, 2.875]},
								"west": {"uv": [2.125, 0.125], "uv_size": [4.5, 2.875]},
								"up": {"uv": [6.625, 3], "uv_size": [-4.5, -2.875]},
								"down": {"uv": [6.625, 3], "uv_size": [-4.5, -2.875]}
							}
						},
						{
							"origin": [-0.41883, 1.3542, 1.974],
							"size": [0.83766, 5.7904, 0.1316],
							"pivot": [0, 1.42, 0],
							"rotation": [0, -45, 0],
							"uv": {
								"north": {"uv": [2.125, 0.125], "uv_size": [4.5, 2.875]},
								"east": {"uv": [2.125, 0.125], "uv_size": [4.5, 2.875]},
								"south": {"uv": [2.125, 0.125], "uv_size": [4.5, 2.875]},
								"west": {"uv": [2.125, 0.125], "uv_size": [4.5, 2.875]},
								"up": {"uv": [6.625, 3], "uv_size": [-4.5, -2.875]},
								"down": {"uv": [6.625, 3], "uv_size": [-4.5, -2.875]}
							}
						},
						{
							"origin": [1.974, 1.3542, -0.41883],
							"size": [0.1316, 5.7904, 0.83766],
							"pivot": [0, 1.42, 0],
							"rotation": [0, 22.5, 0],
							"uv": {
								"north": {"uv": [2.125, 0.125], "uv_size": [4.5, 2.875]},
								"east": {"uv": [2.125, 0.125], "uv_size": [4.5, 2.875]},
								"south": {"uv": [2.125, 0.125], "uv_size": [4.5, 2.875]},
								"west": {"uv": [2.125, 0.125], "uv_size": [4.5, 2.875]},
								"up": {"uv": [6.625, 3], "uv_size": [-4.5, -2.875]},
								"down": {"uv": [6.625, 3], "uv_size": [-4.5, -2.875]}
							}
						},
						{
							"origin": [1.974, 1.3542, -0.41883],
							"size": [0.1316, 5.7904, 0.83766],
							"uv": {
								"north": {"uv": [2.125, 0.125], "uv_size": [4.5, 2.875]},
								"east": {"uv": [2.125, 0.125], "uv_size": [4.5, 2.875]},
								"south": {"uv": [2.125, 0.125], "uv_size": [4.5, 2.875]},
								"west": {"uv": [2.125, 0.125], "uv_size": [4.5, 2.875]},
								"up": {"uv": [6.625, 3], "uv_size": [-4.5, -2.875]},
								"down": {"uv": [6.625, 3], "uv_size": [-4.5, -2.875]}
							}
						},
						{
							"origin": [1.974, 1.3542, -0.41883],
							"size": [0.1316, 5.7904, 0.83766],
							"pivot": [0, 1.42, 0],
							"rotation": [0, -22.5, 0],
							"uv": {
								"north": {"uv": [2.125, 0.125], "uv_size": [4.5, 2.875]},
								"east": {"uv": [2.125, 0.125], "uv_size": [4.5, 2.875]},
								"south": {"uv": [2.125, 0.125], "uv_size": [4.5, 2.875]},
								"west": {"uv": [2.125, 0.125], "uv_size": [4.5, 2.875]},
								"up": {"uv": [6.625, 3], "uv_size": [-4.5, -2.875]},
								"down": {"uv": [6.625, 3], "uv_size": [-4.5, -2.875]}
							}
						},
						{
							"origin": [-2.1056, 1.3542, -0.41883],
							"size": [0.1316, 5.7904, 0.83766],
							"pivot": [0, 1.42, 0],
							"rotation": [0, 22.5, 0],
							"uv": {
								"north": {"uv": [2.125, 0.125], "uv_size": [4.5, 2.875]},
								"east": {"uv": [2.125, 0.125], "uv_size": [4.5, 2.875]},
								"south": {"uv": [2.125, 0.125], "uv_size": [4.5, 2.875]},
								"west": {"uv": [2.125, 0.125], "uv_size": [4.5, 2.875]},
								"up": {"uv": [6.625, 3], "uv_size": [-4.5, -2.875]},
								"down": {"uv": [6.625, 3], "uv_size": [-4.5, -2.875]}
							}
						},
						{
							"origin": [-2.1056, 1.3542, -0.41883],
							"size": [0.1316, 5.7904, 0.83766],
							"uv": {
								"north": {"uv": [2.125, 0.125], "uv_size": [4.5, 2.875]},
								"east": {"uv": [2.125, 0.125], "uv_size": [4.5, 2.875]},
								"south": {"uv": [2.125, 0.125], "uv_size": [4.5, 2.875]},
								"west": {"uv": [2.125, 0.125], "uv_size": [4.5, 2.875]},
								"up": {"uv": [6.625, 3], "uv_size": [-4.5, -2.875]},
								"down": {"uv": [6.625, 3], "uv_size": [-4.5, -2.875]}
							}
						},
						{
							"origin": [-2.1056, 1.3542, -0.41883],
							"size": [0.1316, 5.7904, 0.83766],
							"pivot": [0, 1.42, 0],
							"rotation": [0, -22.5, 0],
							"uv": {
								"north": {"uv": [2.125, 0.125], "uv_size": [4.5, 2.875]},
								"east": {"uv": [2.125, 0.125], "uv_size": [4.5, 2.875]},
								"south": {"uv": [2.125, 0.125], "uv_size": [4.5, 2.875]},
								"west": {"uv": [2.125, 0.125], "uv_size": [4.5, 2.875]},
								"up": {"uv": [6.625, 3], "uv_size": [-4.5, -2.875]},
								"down": {"uv": [6.625, 3], "uv_size": [-4.5, -2.875]}
							}
						}
					]
				},
				{
					"name": "hexadecagon",
					"pivot": [-8, 8, 8],
					"cubes": [
						{
							"origin": [-0.3937, 0.83964, -1.97926],
							"size": [0.7874, 0.6501, 3.95853],
							"pivot": [0, 1.1647, 0],
							"rotation": [0, 45, 0],
							"uv": {
								"north": {"uv": [2.125, 0.125], "uv_size": [4.5, 2.875]},
								"east": {"uv": [2.125, 0.125], "uv_size": [4.5, 2.875]},
								"south": {"uv": [2.125, 0.125], "uv_size": [4.5, 2.875]},
								"west": {"uv": [2.125, 0.125], "uv_size": [4.5, 2.875]},
								"up": {"uv": [1, 1], "uv_size": [-1, -1]},
								"down": {"uv": [6.625, 3], "uv_size": [-4.5, -2.875]}
							}
						},
						{
							"origin": [-0.3937, 0.83964, -1.97926],
							"size": [0.7874, 0.6501, 3.95853],
							"pivot": [0, 1.1647, 0],
							"rotation": [0, 22.5, 0],
							"uv": {
								"north": {"uv": [2.125, 0.125], "uv_size": [4.5, 2.875]},
								"east": {"uv": [2.125, 0.125], "uv_size": [4.5, 2.875]},
								"south": {"uv": [2.125, 0.125], "uv_size": [4.5, 2.875]},
								"west": {"uv": [2.125, 0.125], "uv_size": [4.5, 2.875]},
								"up": {"uv": [1, 1], "uv_size": [-1, -1]},
								"down": {"uv": [6.625, 3], "uv_size": [-4.5, -2.875]}
							}
						},
						{
							"origin": [-0.3937, 0.83964, -1.97926],
							"size": [0.7874, 0.6501, 3.95853],
							"uv": {
								"north": {"uv": [2.125, 0.125], "uv_size": [4.5, 2.875]},
								"east": {"uv": [2.125, 0.125], "uv_size": [4.5, 2.875]},
								"south": {"uv": [2.125, 0.125], "uv_size": [4.5, 2.875]},
								"west": {"uv": [2.125, 0.125], "uv_size": [4.5, 2.875]},
								"up": {"uv": [1, 1], "uv_size": [-1, -1]},
								"down": {"uv": [6.625, 3], "uv_size": [-4.5, -2.875]}
							}
						},
						{
							"origin": [-0.3937, 0.83964, -1.97926],
							"size": [0.7874, 0.6501, 3.95853],
							"pivot": [0, 1.1647, 0],
							"rotation": [0, -22.5, 0],
							"uv": {
								"north": {"uv": [2.125, 0.125], "uv_size": [4.5, 2.875]},
								"east": {"uv": [2.125, 0.125], "uv_size": [4.5, 2.875]},
								"south": {"uv": [2.125, 0.125], "uv_size": [4.5, 2.875]},
								"west": {"uv": [2.125, 0.125], "uv_size": [4.5, 2.875]},
								"up": {"uv": [1, 1], "uv_size": [-1, -1]},
								"down": {"uv": [6.625, 3], "uv_size": [-4.5, -2.875]}
							}
						},
						{
							"origin": [-0.3937, 0.83964, -1.97926],
							"size": [0.7874, 0.6501, 3.95853],
							"pivot": [0, 1.1647, 0],
							"rotation": [0, -45, 0],
							"uv": {
								"north": {"uv": [2.125, 0.125], "uv_size": [4.5, 2.875]},
								"east": {"uv": [2.125, 0.125], "uv_size": [4.5, 2.875]},
								"south": {"uv": [2.125, 0.125], "uv_size": [4.5, 2.875]},
								"west": {"uv": [2.125, 0.125], "uv_size": [4.5, 2.875]},
								"up": {"uv": [1, 1], "uv_size": [-1, -1]},
								"down": {"uv": [6.625, 3], "uv_size": [-4.5, -2.875]}
							}
						},
						{
							"origin": [-1.97926, 0.83964, -0.3937],
							"size": [3.95853, 0.6501, 0.7874],
							"pivot": [0, 1.1647, 0],
							"rotation": [0, 22.5, 0],
							"uv": {
								"north": {"uv": [2.125, 0.125], "uv_size": [4.5, 2.875]},
								"east": {"uv": [2.125, 0.125], "uv_size": [4.5, 2.875]},
								"south": {"uv": [2.125, 0.125], "uv_size": [4.5, 2.875]},
								"west": {"uv": [2.125, 0.125], "uv_size": [4.5, 2.875]},
								"up": {"uv": [1, 1], "uv_size": [-1, -1]},
								"down": {"uv": [6.625, 3], "uv_size": [-4.5, -2.875]}
							}
						},
						{
							"origin": [-1.97926, 0.83964, -0.3937],
							"size": [3.95853, 0.6501, 0.7874],
							"uv": {
								"north": {"uv": [2.125, 0.125], "uv_size": [4.5, 2.875]},
								"east": {"uv": [2.125, 0.125], "uv_size": [4.5, 2.875]},
								"south": {"uv": [2.125, 0.125], "uv_size": [4.5, 2.875]},
								"west": {"uv": [2.125, 0.125], "uv_size": [4.5, 2.875]},
								"up": {"uv": [1, 1], "uv_size": [-1, -1]},
								"down": {"uv": [6.625, 3], "uv_size": [-4.5, -2.875]}
							}
						},
						{
							"origin": [-1.97926, 0.83964, -0.3937],
							"size": [3.95853, 0.6501, 0.7874],
							"pivot": [0, 1.1647, 0],
							"rotation": [0, -22.5, 0],
							"uv": {
								"north": {"uv": [2.125, 0.125], "uv_size": [4.5, 2.875]},
								"east": {"uv": [2.125, 0.125], "uv_size": [4.5, 2.875]},
								"south": {"uv": [2.125, 0.125], "uv_size": [4.5, 2.875]},
								"west": {"uv": [2.125, 0.125], "uv_size": [4.5, 2.875]},
								"up": {"uv": [1, 1], "uv_size": [-1, -1]},
								"down": {"uv": [6.625, 3], "uv_size": [-4.5, -2.875]}
							}
						}
					]
				},
				{
					"name": "hexadecagon",
					"pivot": [-8, 8, 8],
					"cubes": [
						{
							"origin": [-0.36019, 0.42116, -1.81082],
							"size": [0.72039, 0.47113, 3.62163],
							"pivot": [0, 0.47774, 0],
							"rotation": [0, 45, 0],
							"uv": {
								"north": {"uv": [2.125, 0.125], "uv_size": [4.5, 2.875]},
								"east": {"uv": [2.125, 0.125], "uv_size": [4.5, 2.875]},
								"south": {"uv": [2.125, 0.125], "uv_size": [4.5, 2.875]},
								"west": {"uv": [2.125, 0.125], "uv_size": [4.5, 2.875]},
								"up": {"uv": [1, 1], "uv_size": [-1, -1]},
								"down": {"uv": [6.625, 3], "uv_size": [-4.5, -2.875]}
							}
						},
						{
							"origin": [-0.36019, 0.42116, -1.81082],
							"size": [0.72039, 0.47113, 3.62163],
							"pivot": [0, 0.47774, 0],
							"rotation": [0, 22.5, 0],
							"uv": {
								"north": {"uv": [2.125, 0.125], "uv_size": [4.5, 2.875]},
								"east": {"uv": [2.125, 0.125], "uv_size": [4.5, 2.875]},
								"south": {"uv": [2.125, 0.125], "uv_size": [4.5, 2.875]},
								"west": {"uv": [2.125, 0.125], "uv_size": [4.5, 2.875]},
								"up": {"uv": [1, 1], "uv_size": [-1, -1]},
								"down": {"uv": [6.625, 3], "uv_size": [-4.5, -2.875]}
							}
						},
						{
							"origin": [-0.36019, 0.42116, -1.81082],
							"size": [0.72039, 0.47113, 3.62163],
							"uv": {
								"north": {"uv": [2.125, 0.125], "uv_size": [4.5, 2.875]},
								"east": {"uv": [2.125, 0.125], "uv_size": [4.5, 2.875]},
								"south": {"uv": [2.125, 0.125], "uv_size": [4.5, 2.875]},
								"west": {"uv": [2.125, 0.125], "uv_size": [4.5, 2.875]},
								"up": {"uv": [1, 1], "uv_size": [-1, -1]},
								"down": {"uv": [6.625, 3], "uv_size": [-4.5, -2.875]}
							}
						},
						{
							"origin": [-0.36019, 0.42116, -1.81082],
							"size": [0.72039, 0.47113, 3.62163],
							"pivot": [0, 0.47774, 0],
							"rotation": [0, -22.5, 0],
							"uv": {
								"north": {"uv": [2.125, 0.125], "uv_size": [4.5, 2.875]},
								"east": {"uv": [2.125, 0.125], "uv_size": [4.5, 2.875]},
								"south": {"uv": [2.125, 0.125], "uv_size": [4.5, 2.875]},
								"west": {"uv": [2.125, 0.125], "uv_size": [4.5, 2.875]},
								"up": {"uv": [1, 1], "uv_size": [-1, -1]},
								"down": {"uv": [6.625, 3], "uv_size": [-4.5, -2.875]}
							}
						},
						{
							"origin": [-0.36019, 0.42116, -1.81082],
							"size": [0.72039, 0.47113, 3.62163],
							"pivot": [0, 0.47774, 0],
							"rotation": [0, -45, 0],
							"uv": {
								"north": {"uv": [2.125, 0.125], "uv_size": [4.5, 2.875]},
								"east": {"uv": [2.125, 0.125], "uv_size": [4.5, 2.875]},
								"south": {"uv": [2.125, 0.125], "uv_size": [4.5, 2.875]},
								"west": {"uv": [2.125, 0.125], "uv_size": [4.5, 2.875]},
								"up": {"uv": [1, 1], "uv_size": [-1, -1]},
								"down": {"uv": [6.625, 3], "uv_size": [-4.5, -2.875]}
							}
						},
						{
							"origin": [-1.81082, 0.42116, -0.36019],
							"size": [3.62163, 0.47113, 0.72039],
							"pivot": [0, 0.47774, 0],
							"rotation": [0, 22.5, 0],
							"uv": {
								"north": {"uv": [2.125, 0.125], "uv_size": [4.5, 2.875]},
								"east": {"uv": [2.125, 0.125], "uv_size": [4.5, 2.875]},
								"south": {"uv": [2.125, 0.125], "uv_size": [4.5, 2.875]},
								"west": {"uv": [2.125, 0.125], "uv_size": [4.5, 2.875]},
								"up": {"uv": [1, 1], "uv_size": [-1, -1]},
								"down": {"uv": [6.625, 3], "uv_size": [-4.5, -2.875]}
							}
						},
						{
							"origin": [-1.81082, 0.42116, -0.36019],
							"size": [3.62163, 0.47113, 0.72039],
							"uv": {
								"north": {"uv": [2.125, 0.125], "uv_size": [4.5, 2.875]},
								"east": {"uv": [2.125, 0.125], "uv_size": [4.5, 2.875]},
								"south": {"uv": [2.125, 0.125], "uv_size": [4.5, 2.875]},
								"west": {"uv": [2.125, 0.125], "uv_size": [4.5, 2.875]},
								"up": {"uv": [1, 1], "uv_size": [-1, -1]},
								"down": {"uv": [6.625, 3], "uv_size": [-4.5, -2.875]}
							}
						},
						{
							"origin": [-1.81082, 0.42116, -0.36019],
							"size": [3.62163, 0.47113, 0.72039],
							"pivot": [0, 0.47774, 0],
							"rotation": [0, -22.5, 0],
							"uv": {
								"north": {"uv": [2.125, 0.125], "uv_size": [4.5, 2.875]},
								"east": {"uv": [2.125, 0.125], "uv_size": [4.5, 2.875]},
								"south": {"uv": [2.125, 0.125], "uv_size": [4.5, 2.875]},
								"west": {"uv": [2.125, 0.125], "uv_size": [4.5, 2.875]},
								"up": {"uv": [1, 1], "uv_size": [-1, -1]},
								"down": {"uv": [6.625, 3], "uv_size": [-4.5, -2.875]}
							}
						}
					]
				},
				{
					"name": "hexadecagon",
					"pivot": [-8, 8, 8],
					"cubes": [
						{
							"origin": [-0.3937, 1.35815, -1.97926],
							"size": [0.7874, 5.08766, 3.95853],
							"pivot": [0, 1.42, 0],
							"rotation": [0, 45, 0],
							"uv": {
								"north": {"uv": [0, 0], "uv_size": [1, 1]},
								"east": {"uv": [0, 0], "uv_size": [1, 1]},
								"south": {"uv": [0, 0], "uv_size": [1, 1]},
								"west": {"uv": [0, 0], "uv_size": [1, 1]},
								"up": {"uv": [1, 1], "uv_size": [-1, -1]},
								"down": {"uv": [1, 1], "uv_size": [-1, -1]}
							}
						},
						{
							"origin": [-0.3937, 1.35815, -1.97926],
							"size": [0.7874, 5.08766, 3.95853],
							"pivot": [0, 1.42, 0],
							"rotation": [0, 22.5, 0],
							"uv": {
								"north": {"uv": [0, 0], "uv_size": [1, 1]},
								"east": {"uv": [0, 0], "uv_size": [1, 1]},
								"south": {"uv": [0, 0], "uv_size": [1, 1]},
								"west": {"uv": [0, 0], "uv_size": [1, 1]},
								"up": {"uv": [1, 1], "uv_size": [-1, -1]},
								"down": {"uv": [1, 1], "uv_size": [-1, -1]}
							}
						},
						{
							"origin": [-0.3937, 1.35815, -1.97926],
							"size": [0.7874, 5.08766, 3.95853],
							"uv": {
								"north": {"uv": [0, 0], "uv_size": [1, 1]},
								"east": {"uv": [0, 0], "uv_size": [1, 1]},
								"south": {"uv": [0, 0], "uv_size": [1, 1]},
								"west": {"uv": [0, 0], "uv_size": [1, 1]},
								"up": {"uv": [1, 1], "uv_size": [-1, -1]},
								"down": {"uv": [1, 1], "uv_size": [-1, -1]}
							}
						},
						{
							"origin": [-0.3937, 1.35815, -1.97926],
							"size": [0.7874, 5.08766, 3.95853],
							"pivot": [0, 1.42, 0],
							"rotation": [0, -22.5, 0],
							"uv": {
								"north": {"uv": [0, 0], "uv_size": [1, 1]},
								"east": {"uv": [0, 0], "uv_size": [1, 1]},
								"south": {"uv": [0, 0], "uv_size": [1, 1]},
								"west": {"uv": [0, 0], "uv_size": [1, 1]},
								"up": {"uv": [1, 1], "uv_size": [-1, -1]},
								"down": {"uv": [1, 1], "uv_size": [-1, -1]}
							}
						},
						{
							"origin": [-0.3937, 1.35815, -1.97926],
							"size": [0.7874, 5.08766, 3.95853],
							"pivot": [0, 1.42, 0],
							"rotation": [0, -45, 0],
							"uv": {
								"north": {"uv": [0, 0], "uv_size": [1, 1]},
								"east": {"uv": [0, 0], "uv_size": [1, 1]},
								"south": {"uv": [0, 0], "uv_size": [1, 1]},
								"west": {"uv": [0, 0], "uv_size": [1, 1]},
								"up": {"uv": [1, 1], "uv_size": [-1, -1]},
								"down": {"uv": [1, 1], "uv_size": [-1, -1]}
							}
						},
						{
							"origin": [-1.97926, 1.35815, -0.3937],
							"size": [3.95853, 5.08766, 0.7874],
							"pivot": [0, 1.42, 0],
							"rotation": [0, 22.5, 0],
							"uv": {
								"north": {"uv": [0, 0], "uv_size": [1, 1]},
								"east": {"uv": [0, 0], "uv_size": [1, 1]},
								"south": {"uv": [0, 0], "uv_size": [1, 1]},
								"west": {"uv": [0, 0], "uv_size": [1, 1]},
								"up": {"uv": [1, 1], "uv_size": [-1, -1]},
								"down": {"uv": [1, 1], "uv_size": [-1, -1]}
							}
						},
						{
							"origin": [-1.97926, 1.35815, -0.3937],
							"size": [3.95853, 5.08766, 0.7874],
							"uv": {
								"north": {"uv": [0, 0], "uv_size": [1, 1]},
								"east": {"uv": [0, 0], "uv_size": [1, 1]},
								"south": {"uv": [0, 0], "uv_size": [1, 1]},
								"west": {"uv": [0, 0], "uv_size": [1, 1]},
								"up": {"uv": [1, 1], "uv_size": [-1, -1]},
								"down": {"uv": [1, 1], "uv_size": [-1, -1]}
							}
						},
						{
							"origin": [-1.97926, 1.35815, -0.3937],
							"size": [3.95853, 5.08766, 0.7874],
							"pivot": [0, 1.42, 0],
							"rotation": [0, -22.5, 0],
							"uv": {
								"north": {"uv": [0, 0], "uv_size": [1, 1]},
								"east": {"uv": [0, 0], "uv_size": [1, 1]},
								"south": {"uv": [0, 0], "uv_size": [1, 1]},
								"west": {"uv": [0, 0], "uv_size": [1, 1]},
								"up": {"uv": [1, 1], "uv_size": [-1, -1]},
								"down": {"uv": [1, 1], "uv_size": [-1, -1]}
							}
						}
					]
				},
				{
					"name": "hexadecagon",
					"pivot": [-8, 8, 8],
					"cubes": [
						{
							"origin": [-0.03317, 1.41479, -0.16676],
							"size": [0.06634, 10.28822, 0.01042],
							"pivot": [0, 1.42, 0],
							"rotation": [0, 45, 10],
							"uv": {
								"north": {"uv": [0.5, 14.75], "uv_size": [1, 1]},
								"east": {"uv": [0.5, 14.75], "uv_size": [1, 1]},
								"south": {"uv": [0.5, 14.75], "uv_size": [1, 1]},
								"west": {"uv": [0.125, 14.75], "uv_size": [1, 1]},
								"up": {"uv": [1.25, 15.5], "uv_size": [-1, -1]},
								"down": {"uv": [1, 1], "uv_size": [-1, -1]}
							}
						},
						{
							"origin": [-0.03317, 1.41479, -0.16676],
							"size": [0.06634, 10.28822, 0.01042],
							"pivot": [0, 1.42, 0],
							"rotation": [0, 22.5, 10],
							"uv": {
								"north": {"uv": [0.5, 14.75], "uv_size": [1, 1]},
								"east": {"uv": [0.5, 14.75], "uv_size": [1, 1]},
								"south": {"uv": [0.5, 14.75], "uv_size": [1, 1]},
								"west": {"uv": [0.125, 14.75], "uv_size": [1, 1]},
								"up": {"uv": [1.25, 15.5], "uv_size": [-1, -1]},
								"down": {"uv": [1, 1], "uv_size": [-1, -1]}
							}
						},
						{
							"origin": [-0.03317, 1.41479, -0.16676],
							"size": [0.06634, 10.28822, 0.01042],
							"pivot": [0, 1.42, 0],
							"rotation": [0, 0, 10],
							"uv": {
								"north": {"uv": [0.5, 14.75], "uv_size": [1, 1]},
								"east": {"uv": [0.5, 14.75], "uv_size": [1, 1]},
								"south": {"uv": [0.5, 14.75], "uv_size": [1, 1]},
								"west": {"uv": [0.125, 14.75], "uv_size": [1, 1]},
								"up": {"uv": [1.25, 15.5], "uv_size": [-1, -1]},
								"down": {"uv": [1, 1], "uv_size": [-1, -1]}
							}
						},
						{
							"origin": [-0.03317, 1.41479, -0.16676],
							"size": [0.06634, 10.28822, 0.01042],
							"pivot": [0, 1.42, 0],
							"rotation": [0, -22.5, 10],
							"uv": {
								"north": {"uv": [0.5, 14.75], "uv_size": [1, 1]},
								"east": {"uv": [0.5, 14.75], "uv_size": [1, 1]},
								"south": {"uv": [0.5, 14.75], "uv_size": [1, 1]},
								"west": {"uv": [0.125, 14.75], "uv_size": [1, 1]},
								"up": {"uv": [1.25, 15.5], "uv_size": [-1, -1]},
								"down": {"uv": [1, 1], "uv_size": [-1, -1]}
							}
						},
						{
							"origin": [-0.03317, 1.41479, -0.16676],
							"size": [0.06634, 10.28822, 0.01042],
							"pivot": [0, 1.42, 0],
							"rotation": [0, -45, 10],
							"uv": {
								"north": {"uv": [0.5, 14.75], "uv_size": [1, 1]},
								"east": {"uv": [0.5, 14.75], "uv_size": [1, 1]},
								"south": {"uv": [0.5, 14.75], "uv_size": [1, 1]},
								"west": {"uv": [0.125, 14.75], "uv_size": [1, 1]},
								"up": {"uv": [1.25, 15.5], "uv_size": [-1, -1]},
								"down": {"uv": [1, 1], "uv_size": [-1, -1]}
							}
						},
						{
							"origin": [-0.03317, 1.41479, 0.15634],
							"size": [0.06634, 10.28822, 0.01042],
							"pivot": [0, 1.42, 0],
							"rotation": [0, 45, 10],
							"uv": {
								"north": {"uv": [0.5, 14.75], "uv_size": [1, 1]},
								"east": {"uv": [0.5, 14.75], "uv_size": [1, 1]},
								"south": {"uv": [0.5, 14.75], "uv_size": [1, 1]},
								"west": {"uv": [0.125, 14.75], "uv_size": [1, 1]},
								"up": {"uv": [1.25, 15.5], "uv_size": [-1, -1]},
								"down": {"uv": [1, 1], "uv_size": [-1, -1]}
							}
						},
						{
							"origin": [-0.03317, 1.41479, 0.15634],
							"size": [0.06634, 10.28822, 0.01042],
							"pivot": [0, 1.42, 0],
							"rotation": [0, 22.5, 10],
							"uv": {
								"north": {"uv": [0.5, 14.75], "uv_size": [1, 1]},
								"east": {"uv": [0.5, 14.75], "uv_size": [1, 1]},
								"south": {"uv": [0.5, 14.75], "uv_size": [1, 1]},
								"west": {"uv": [0.125, 14.75], "uv_size": [1, 1]},
								"up": {"uv": [1.25, 15.5], "uv_size": [-1, -1]},
								"down": {"uv": [1, 1], "uv_size": [-1, -1]}
							}
						},
						{
							"origin": [-0.03317, 1.41479, 0.15634],
							"size": [0.06634, 10.28822, 0.01042],
							"pivot": [0, 1.42, 0],
							"rotation": [0, 0, 10],
							"uv": {
								"north": {"uv": [0.5, 14.75], "uv_size": [1, 1]},
								"east": {"uv": [0.5, 14.75], "uv_size": [1, 1]},
								"south": {"uv": [0.5, 14.75], "uv_size": [1, 1]},
								"west": {"uv": [0.125, 14.75], "uv_size": [1, 1]},
								"up": {"uv": [1.25, 15.5], "uv_size": [-1, -1]},
								"down": {"uv": [1, 1], "uv_size": [-1, -1]}
							}
						},
						{
							"origin": [-0.03317, 1.41479, 0.15634],
							"size": [0.06634, 10.28822, 0.01042],
							"pivot": [0, 1.42, 0],
							"rotation": [0, -22.5, 10],
							"uv": {
								"north": {"uv": [0.5, 14.75], "uv_size": [1, 1]},
								"east": {"uv": [0.5, 14.75], "uv_size": [1, 1]},
								"south": {"uv": [0.5, 14.75], "uv_size": [1, 1]},
								"west": {"uv": [0.125, 14.75], "uv_size": [1, 1]},
								"up": {"uv": [1.25, 15.5], "uv_size": [-1, -1]},
								"down": {"uv": [1, 1], "uv_size": [-1, -1]}
							}
						},
						{
							"origin": [-0.03317, 1.41479, 0.15634],
							"size": [0.06634, 10.28822, 0.01042],
							"pivot": [0, 1.42, 0],
							"rotation": [0, -45, 10],
							"uv": {
								"north": {"uv": [0.5, 14.75], "uv_size": [1, 1]},
								"east": {"uv": [0.5, 14.75], "uv_size": [1, 1]},
								"south": {"uv": [0.5, 14.75], "uv_size": [1, 1]},
								"west": {"uv": [0.125, 14.75], "uv_size": [1, 1]},
								"up": {"uv": [1.25, 15.5], "uv_size": [-1, -1]},
								"down": {"uv": [1, 1], "uv_size": [-1, -1]}
							}
						},
						{
							"origin": [0.15634, 1.41479, -0.03317],
							"size": [0.01042, 10.28822, 0.06634],
							"pivot": [0, 1.42, 0],
							"rotation": [0, 22.5, 10],
							"uv": {
								"north": {"uv": [0.5, 14.75], "uv_size": [1, 1]},
								"east": {"uv": [0.5, 14.75], "uv_size": [1, 1]},
								"south": {"uv": [0.5, 14.75], "uv_size": [1, 1]},
								"west": {"uv": [0.125, 14.75], "uv_size": [1, 1]},
								"up": {"uv": [1.25, 15.5], "uv_size": [-1, -1]},
								"down": {"uv": [1, 1], "uv_size": [-1, -1]}
							}
						},
						{
							"origin": [0.15634, 1.41479, -0.03317],
							"size": [0.01042, 10.28822, 0.06634],
							"pivot": [0, 1.42, 0],
							"rotation": [0, 0, 10],
							"uv": {
								"north": {"uv": [0.5, 14.75], "uv_size": [1, 1]},
								"east": {"uv": [0.5, 14.75], "uv_size": [1, 1]},
								"south": {"uv": [0.5, 14.75], "uv_size": [1, 1]},
								"west": {"uv": [0.125, 14.75], "uv_size": [1, 1]},
								"up": {"uv": [1.25, 15.5], "uv_size": [-1, -1]},
								"down": {"uv": [1, 1], "uv_size": [-1, -1]}
							}
						},
						{
							"origin": [0.15634, 1.41479, -0.03317],
							"size": [0.01042, 10.28822, 0.06634],
							"pivot": [0, 1.42, 0],
							"rotation": [0, -22.5, 10],
							"uv": {
								"north": {"uv": [0.5, 14.75], "uv_size": [1, 1]},
								"east": {"uv": [0.5, 14.75], "uv_size": [1, 1]},
								"south": {"uv": [0.5, 14.75], "uv_size": [1, 1]},
								"west": {"uv": [0.125, 14.75], "uv_size": [1, 1]},
								"up": {"uv": [1.25, 15.5], "uv_size": [-1, -1]},
								"down": {"uv": [1, 1], "uv_size": [-1, -1]}
							}
						},
						{
							"origin": [-0.16676, 1.41479, -0.03317],
							"size": [0.01042, 10.28822, 0.06634],
							"pivot": [0, 1.42, 0],
							"rotation": [0, 22.5, 10],
							"uv": {
								"north": {"uv": [0.5, 14.75], "uv_size": [1, 1]},
								"east": {"uv": [0.5, 14.75], "uv_size": [1, 1]},
								"south": {"uv": [0.5, 14.75], "uv_size": [1, 1]},
								"west": {"uv": [0.125, 14.75], "uv_size": [1, 1]},
								"up": {"uv": [1.25, 15.5], "uv_size": [-1, -1]},
								"down": {"uv": [1, 1], "uv_size": [-1, -1]}
							}
						},
						{
							"origin": [-0.16676, 1.41479, -0.03317],
							"size": [0.01042, 10.28822, 0.06634],
							"pivot": [0, 1.42, 0],
							"rotation": [0, 0, 10],
							"uv": {
								"north": {"uv": [0.5, 14.75], "uv_size": [1, 1]},
								"east": {"uv": [0.5, 14.75], "uv_size": [1, 1]},
								"south": {"uv": [0.5, 14.75], "uv_size": [1, 1]},
								"west": {"uv": [0.125, 14.75], "uv_size": [1, 1]},
								"up": {"uv": [1.25, 15.5], "uv_size": [-1, -1]},
								"down": {"uv": [1, 1], "uv_size": [-1, -1]}
							}
						},
						{
							"origin": [-0.16676, 1.41479, -0.03317],
							"size": [0.01042, 10.28822, 0.06634],
							"pivot": [0, 1.42, 0],
							"rotation": [0, -22.5, 10],
							"uv": {
								"north": {"uv": [0.5, 14.75], "uv_size": [1, 1]},
								"east": {"uv": [0.5, 14.75], "uv_size": [1, 1]},
								"south": {"uv": [0.5, 14.75], "uv_size": [1, 1]},
								"west": {"uv": [0.125, 14.75], "uv_size": [1, 1]},
								"up": {"uv": [1.25, 15.5], "uv_size": [-1, -1]},
								"down": {"uv": [1, 1], "uv_size": [-1, -1]}
							}
						}
					]
				}
			]
		}
	]
}