{
	"format_version": "1.12.0",
	"minecraft:geometry": [
		{
			"description": {
				"identifier": "geometry.pa_cookie02",
				"texture_width": 32,
				"texture_height": 32,
				"visible_bounds_width": 3,
				"visible_bounds_height": 2.5,
				"visible_bounds_offset": [0, 0.75, 0]
			},
			"bones": [
				{
					"name": "bone",
					"pivot": [7, 1, -7],
					"cubes": [
						{
							"origin": [-5, 1, -2],
							"size": [10, 4, 3],
							"uv": {
								"north": {"uv": [2, 6], "uv_size": [29, 11]},
								"east": {"uv": [24, 16], "uv_size": [8, 10]},
								"south": {"uv": [2, 6], "uv_size": [29, 11]},
								"west": {"uv": [24, 16], "uv_size": [8, 10]},
								"up": {"uv": [32, 26], "uv_size": [-8, -10]},
								"down": {"uv": [32, 26], "uv_size": [-8, -10]}
							}
						},
						{
							"origin": [-7, 2, 2],
							"size": [10, 4, 3],
							"pivot": [-3, 10, 10],
							"rotation": [0, 0, -22.5],
							"uv": {
								"north": {"uv": [2, 6], "uv_size": [29, 11]},
								"east": {"uv": [24, 16], "uv_size": [8, 10]},
								"south": {"uv": [2, 6], "uv_size": [29, 11]},
								"west": {"uv": [24, 16], "uv_size": [8, 10]},
								"up": {"uv": [32, 26], "uv_size": [-8, -10]},
								"down": {"uv": [32, 26], "uv_size": [-8, -10]}
							}
						}
					]
				}
			]
		}
	]
}