{
	"format_version": "1.12.0",
	"minecraft:geometry": [
		{
			"description": {
				"identifier": "geometry.pa_cookie03",
				"texture_width": 32,
				"texture_height": 32,
				"visible_bounds_width": 3,
				"visible_bounds_height": 2.5,
				"visible_bounds_offset": [0, 0.75, 0]
			},
			"bones": [
				{
					"name": "bone",
					"pivot": [7, 1, -7],
					"cubes": [
						{
							"origin": [-5, 1, -2],
							"size": [10, 4, 3],
							"uv": {
								"north": {"uv": [1, 20], "uv_size": [26, 12]},
								"east": {"uv": [24, 20], "uv_size": [8, 10]},
								"south": {"uv": [1, 20], "uv_size": [26, 12]},
								"west": {"uv": [25, 20], "uv_size": [7, 12]},
								"up": {"uv": [24, 22], "uv_size": [-24, -3]},
								"down": {"uv": [26, 24], "uv_size": [-26, -1]}
							}
						},
						{
							"origin": [-7, 2, 2],
							"size": [10, 4, 3],
							"pivot": [-3, 10, 10],
							"rotation": [0, 0, -22.5],
							"uv": {
								"north": {"uv": [4, 6], "uv_size": [26, 10]},
								"east": {"uv": [24, 0], "uv_size": [8, 7]},
								"south": {"uv": [4, 6], "uv_size": [26, 10]},
								"west": {"uv": [24, 0], "uv_size": [8, 7]},
								"up": {"uv": [26, 5], "uv_size": [-26, -5]},
								"down": {"uv": [26, 5], "uv_size": [-26, -5]}
							}
						}
					]
				}
			]
		}
	]
}