{
	"format_version": "1.12.0",
	"minecraft:geometry": [
		{
			"description": {
				"identifier": "geometry.pa_parasol01",
				"texture_width": 16,
				"texture_height": 16,
				"visible_bounds_width": 5,
				"visible_bounds_height": 5.5,
				"visible_bounds_offset": [0, 2.25, 0]
			},
			"bones": [
				{
					"name": "octagon",
					"pivot": [-8, 8, 8],
					"cubes": [
						{
							"origin": [-12.51066, 50.23296, -29.49696],
							"size": [23.36244, 3.52512, 5.28768],
							"pivot": [-0.82944, 52.8768, -1.296],
							"rotation": [0, -22.5, 0],
							"uv": {
								"north": {"uv": [8, 14], "uv_size": [8, 2]},
								"east": {"uv": [8.625, 0.75], "uv_size": [1, 1]},
								"south": {"uv": [9.625, 1.25], "uv_size": [1, 1]},
								"west": {"uv": [8.625, 0.75], "uv_size": [1, 1]},
								"up": {"uv": [7.75, 8], "uv_size": [-7.75, -8]},
								"down": {"uv": [11.375, 4.125], "uv_size": [-1, -1]}
							}
						},
						{
							"origin": [-12.51066, 50.23296, -29.49696],
							"size": [23.36244, 3.52512, 5.28768],
							"pivot": [-0.82944, 52.8768, -1.296],
							"rotation": [0, 22.5, 0],
							"uv": {
								"north": {"uv": [8, 14], "uv_size": [8, 2]},
								"east": {"uv": [8.625, 0.75], "uv_size": [1, 1]},
								"south": {"uv": [9.625, 1.25], "uv_size": [1, 1]},
								"west": {"uv": [8.625, 0.75], "uv_size": [1, 1]},
								"up": {"uv": [7.75, 8], "uv_size": [-7.75, -8]},
								"down": {"uv": [11.375, 4.125], "uv_size": [-1, -1]}
							}
						},
						{
							"origin": [-12.51066, 50.23296, 21.61728],
							"size": [23.36244, 3.52512, 5.28768],
							"pivot": [-0.82944, 52.8768, -1.296],
							"rotation": [0, -22.5, 0],
							"uv": {
								"north": {"uv": [9.625, 1.25], "uv_size": [1, 1]},
								"east": {"uv": [8.625, 0.75], "uv_size": [1, 1]},
								"south": {"uv": [8, 14], "uv_size": [8, 2]},
								"west": {"uv": [8.625, 0.75], "uv_size": [1, 1]},
								"up": {"uv": [7.75, 8], "uv_size": [-7.75, -8]},
								"down": {"uv": [11.375, 4.125], "uv_size": [-1, -1]}
							}
						},
						{
							"origin": [-12.51066, 50.23296, 21.61728],
							"size": [23.36244, 3.52512, 5.28768],
							"pivot": [-0.82944, 52.8768, -1.296],
							"rotation": [0, 22.5, 0],
							"uv": {
								"north": {"uv": [9.625, 1.25], "uv_size": [1, 1]},
								"east": {"uv": [8.625, 0.75], "uv_size": [1, 1]},
								"south": {"uv": [8, 14], "uv_size": [8, 2]},
								"west": {"uv": [8.625, 0.75], "uv_size": [1, 1]},
								"up": {"uv": [7.75, 8], "uv_size": [-7.75, -8]},
								"down": {"uv": [11.375, 4.125], "uv_size": [-1, -1]}
							}
						},
						{
							"origin": [22.08384, 50.23296, -12.97722],
							"size": [5.28768, 3.52512, 23.36244],
							"pivot": [-0.82944, 52.8768, -1.296],
							"rotation": [0, -22.5, 0],
							"uv": {
								"north": {"uv": [8.625, 0.75], "uv_size": [1, 1]},
								"east": {"uv": [9.625, 1.25], "uv_size": [1, 1]},
								"south": {"uv": [8.625, 0.75], "uv_size": [1, 1]},
								"west": {"uv": [8, 14], "uv_size": [8, 2]},
								"up": {"uv": [7.75, 8], "uv_size": [-7.75, -8]},
								"down": {"uv": [11.375, 4.125], "uv_size": [-1, -1]}
							}
						},
						{
							"origin": [22.08384, 50.23296, -12.97722],
							"size": [5.28768, 3.52512, 23.36244],
							"pivot": [-0.82944, 52.8768, -1.296],
							"rotation": [0, 22.5, 0],
							"uv": {
								"north": {"uv": [8.625, 0.75], "uv_size": [1, 1]},
								"east": {"uv": [9.625, 1.25], "uv_size": [1, 1]},
								"south": {"uv": [8.625, 0.75], "uv_size": [1, 1]},
								"west": {"uv": [8, 14], "uv_size": [8, 2]},
								"up": {"uv": [7.75, 8], "uv_size": [-7.75, -8]},
								"down": {"uv": [11.375, 4.125], "uv_size": [-1, -1]}
							}
						},
						{
							"origin": [-29.0304, 50.23296, -12.97722],
							"size": [5.28768, 3.52512, 23.36244],
							"pivot": [-0.82944, 52.8768, -1.296],
							"rotation": [0, -22.5, 0],
							"uv": {
								"north": {"uv": [8.625, 0.75], "uv_size": [1, 1]},
								"east": {"uv": [8, 14], "uv_size": [8, 2]},
								"south": {"uv": [8.625, 0.75], "uv_size": [1, 1]},
								"west": {"uv": [9.625, 1.25], "uv_size": [1, 1]},
								"up": {"uv": [7.75, 8], "uv_size": [-7.75, -8]},
								"down": {"uv": [11.375, 4.125], "uv_size": [-1, -1]}
							}
						},
						{
							"origin": [-29.0304, 50.23296, -12.97722],
							"size": [5.28768, 3.52512, 23.36244],
							"pivot": [-0.82944, 52.8768, -1.296],
							"rotation": [0, 22.5, 0],
							"uv": {
								"north": {"uv": [8.625, 0.75], "uv_size": [1, 1]},
								"east": {"uv": [8, 14], "uv_size": [8, 2]},
								"south": {"uv": [8.625, 0.75], "uv_size": [1, 1]},
								"west": {"uv": [9.625, 1.25], "uv_size": [1, 1]},
								"up": {"uv": [7.75, 8], "uv_size": [-7.75, -8]},
								"down": {"uv": [11.375, 4.125], "uv_size": [-1, -1]}
							}
						}
					]
				},
				{
					"name": "octagon2",
					"pivot": [-8, 8, 8],
					"cubes": [
						{
							"origin": [-11.17433, 53.65727, -26.27077],
							"size": [20.68978, 1.56092, 4.68277],
							"pivot": [-0.82944, 54.43772, -1.296],
							"rotation": [0, -22.5, 0],
							"uv": {
								"north": {"uv": [0, 0], "uv_size": [1, 1]},
								"east": {"uv": [0, 0], "uv_size": [8, 7.875]},
								"south": {"uv": [0, 0], "uv_size": [1, 1]},
								"west": {"uv": [0, 0], "uv_size": [1, 1]},
								"up": {"uv": [7.875, 7.875], "uv_size": [-7.875, -7.875]},
								"down": {"uv": [1, 1], "uv_size": [-1, -1]}
							}
						},
						{
							"origin": [-11.17433, 53.65727, -26.27077],
							"size": [20.68978, 1.56092, 4.68277],
							"pivot": [-0.82944, 54.43772, -1.296],
							"rotation": [0, 22.5, 0],
							"uv": {
								"north": {"uv": [0, 0], "uv_size": [1, 1]},
								"east": {"uv": [0, 0], "uv_size": [8, 7.875]},
								"south": {"uv": [0, 0], "uv_size": [1, 1]},
								"west": {"uv": [0, 0], "uv_size": [1, 1]},
								"up": {"uv": [7.875, 7.875], "uv_size": [-7.875, -7.875]},
								"down": {"uv": [1, 1], "uv_size": [-1, -1]}
							}
						},
						{
							"origin": [-11.17433, 53.65727, 18.996],
							"size": [20.68978, 1.56092, 4.68277],
							"pivot": [-0.82944, 54.43772, -1.296],
							"rotation": [0, -22.5, 0],
							"uv": {
								"north": {"uv": [0, 0], "uv_size": [1, 1]},
								"east": {"uv": [0, 0], "uv_size": [8, 7.875]},
								"south": {"uv": [0, 0], "uv_size": [1, 1]},
								"west": {"uv": [0, 0], "uv_size": [1, 1]},
								"up": {"uv": [7.875, 7.875], "uv_size": [-7.875, -7.875]},
								"down": {"uv": [1, 1], "uv_size": [-1, -1]}
							}
						},
						{
							"origin": [-11.17433, 53.65727, 18.996],
							"size": [20.68978, 1.56092, 4.68277],
							"pivot": [-0.82944, 54.43772, -1.296],
							"rotation": [0, 22.5, 0],
							"uv": {
								"north": {"uv": [0, 0], "uv_size": [1, 1]},
								"east": {"uv": [0, 0], "uv_size": [8, 7.875]},
								"south": {"uv": [0, 0], "uv_size": [1, 1]},
								"west": {"uv": [0, 0], "uv_size": [1, 1]},
								"up": {"uv": [7.875, 7.875], "uv_size": [-7.875, -7.875]},
								"down": {"uv": [1, 1], "uv_size": [-1, -1]}
							}
						},
						{
							"origin": [19.46256, 53.65727, -11.64089],
							"size": [4.68277, 1.56092, 20.68978],
							"pivot": [-0.82944, 54.43772, -1.296],
							"rotation": [0, -22.5, 0],
							"uv": {
								"north": {"uv": [0, 0], "uv_size": [1, 1]},
								"east": {"uv": [0, 0], "uv_size": [8, 7.875]},
								"south": {"uv": [0, 0], "uv_size": [1, 1]},
								"west": {"uv": [0, 0], "uv_size": [1, 1]},
								"up": {"uv": [7.875, 7.875], "uv_size": [-7.875, -7.875]},
								"down": {"uv": [1, 1], "uv_size": [-1, -1]}
							}
						},
						{
							"origin": [19.46256, 53.65727, -11.64089],
							"size": [4.68277, 1.56092, 20.68978],
							"pivot": [-0.82944, 54.43772, -1.296],
							"rotation": [0, 22.5, 0],
							"uv": {
								"north": {"uv": [0, 0], "uv_size": [1, 1]},
								"east": {"uv": [0, 0], "uv_size": [8, 7.875]},
								"south": {"uv": [0, 0], "uv_size": [1, 1]},
								"west": {"uv": [0, 0], "uv_size": [1, 1]},
								"up": {"uv": [7.875, 7.875], "uv_size": [-7.875, -7.875]},
								"down": {"uv": [1, 1], "uv_size": [-1, -1]}
							}
						},
						{
							"origin": [-25.80421, 53.65727, -11.64089],
							"size": [4.68277, 1.56092, 20.68978],
							"pivot": [-0.82944, 54.43772, -1.296],
							"rotation": [0, -22.5, 0],
							"uv": {
								"north": {"uv": [0, 0], "uv_size": [1, 1]},
								"east": {"uv": [0, 0], "uv_size": [8, 7.875]},
								"south": {"uv": [0, 0], "uv_size": [1, 1]},
								"west": {"uv": [0, 0], "uv_size": [1, 1]},
								"up": {"uv": [7.875, 7.875], "uv_size": [-7.875, -7.875]},
								"down": {"uv": [1, 1], "uv_size": [-1, -1]}
							}
						},
						{
							"origin": [-25.80421, 53.65727, -11.64089],
							"size": [4.68277, 1.56092, 20.68978],
							"pivot": [-0.82944, 54.43772, -1.296],
							"rotation": [0, 22.5, 0],
							"uv": {
								"north": {"uv": [0, 0], "uv_size": [1, 1]},
								"east": {"uv": [0, 0], "uv_size": [8, 7.875]},
								"south": {"uv": [0, 0], "uv_size": [1, 1]},
								"west": {"uv": [0, 0], "uv_size": [1, 1]},
								"up": {"uv": [7.875, 7.875], "uv_size": [-7.875, -7.875]},
								"down": {"uv": [1, 1], "uv_size": [-1, -1]}
							}
						}
					]
				},
				{
					"name": "octagon3",
					"pivot": [-8, 8, 8],
					"cubes": [
						{
							"origin": [-9.72604, 55.0638, -22.7743],
							"size": [17.79322, 1.34239, 4.02718],
							"pivot": [-0.82944, 55.735, -1.296],
							"rotation": [0, -22.5, 0],
							"uv": {
								"north": {"uv": [0, 0], "uv_size": [1, 1]},
								"east": {"uv": [0, 0], "uv_size": [7.875, 8]},
								"south": {"uv": [0, 0], "uv_size": [1, 1]},
								"west": {"uv": [0, 0], "uv_size": [1, 1]},
								"up": {"uv": [7.875, 7.875], "uv_size": [-7.875, -7.875]},
								"down": {"uv": [1, 1], "uv_size": [-1, -1]}
							}
						},
						{
							"origin": [-9.72604, 55.0638, -22.7743],
							"size": [17.79322, 1.34239, 4.02718],
							"pivot": [-0.82944, 55.735, -1.296],
							"rotation": [0, 22.5, 0],
							"uv": {
								"north": {"uv": [0, 0], "uv_size": [1, 1]},
								"east": {"uv": [0, 0], "uv_size": [7.875, 8]},
								"south": {"uv": [0, 0], "uv_size": [1, 1]},
								"west": {"uv": [0, 0], "uv_size": [1, 1]},
								"up": {"uv": [7.875, 7.875], "uv_size": [-7.875, -7.875]},
								"down": {"uv": [1, 1], "uv_size": [-1, -1]}
							}
						},
						{
							"origin": [-9.72604, 55.0638, 16.15512],
							"size": [17.79322, 1.34239, 4.02718],
							"pivot": [-0.82944, 55.735, -1.296],
							"rotation": [0, -22.5, 0],
							"uv": {
								"north": {"uv": [0, 0], "uv_size": [1, 1]},
								"east": {"uv": [0, 0], "uv_size": [7.875, 8]},
								"south": {"uv": [0, 0], "uv_size": [1, 1]},
								"west": {"uv": [0, 0], "uv_size": [1, 1]},
								"up": {"uv": [7.875, 7.875], "uv_size": [-7.875, -7.875]},
								"down": {"uv": [1, 1], "uv_size": [-1, -1]}
							}
						},
						{
							"origin": [-9.72604, 55.0638, 16.15512],
							"size": [17.79322, 1.34239, 4.02718],
							"pivot": [-0.82944, 55.735, -1.296],
							"rotation": [0, 22.5, 0],
							"uv": {
								"north": {"uv": [0, 0], "uv_size": [1, 1]},
								"east": {"uv": [0, 0], "uv_size": [7.875, 8]},
								"south": {"uv": [0, 0], "uv_size": [1, 1]},
								"west": {"uv": [0, 0], "uv_size": [1, 1]},
								"up": {"uv": [7.875, 7.875], "uv_size": [-7.875, -7.875]},
								"down": {"uv": [1, 1], "uv_size": [-1, -1]}
							}
						},
						{
							"origin": [16.62168, 55.0638, -10.1926],
							"size": [4.02718, 1.34239, 17.79322],
							"pivot": [-0.82944, 55.735, -1.296],
							"rotation": [0, -22.5, 0],
							"uv": {
								"north": {"uv": [0, 0], "uv_size": [1, 1]},
								"east": {"uv": [0, 0], "uv_size": [7.875, 8]},
								"south": {"uv": [0, 0], "uv_size": [1, 1]},
								"west": {"uv": [0, 0], "uv_size": [1, 1]},
								"up": {"uv": [7.875, 7.875], "uv_size": [-7.875, -7.875]},
								"down": {"uv": [1, 1], "uv_size": [-1, -1]}
							}
						},
						{
							"origin": [16.62168, 55.0638, -10.1926],
							"size": [4.02718, 1.34239, 17.79322],
							"pivot": [-0.82944, 55.735, -1.296],
							"rotation": [0, 22.5, 0],
							"uv": {
								"north": {"uv": [0, 0], "uv_size": [1, 1]},
								"east": {"uv": [0, 0], "uv_size": [7.875, 8]},
								"south": {"uv": [0, 0], "uv_size": [1, 1]},
								"west": {"uv": [0, 0], "uv_size": [1, 1]},
								"up": {"uv": [7.875, 7.875], "uv_size": [-7.875, -7.875]},
								"down": {"uv": [1, 1], "uv_size": [-1, -1]}
							}
						},
						{
							"origin": [-22.30774, 55.0638, -10.1926],
							"size": [4.02718, 1.34239, 17.79322],
							"pivot": [-0.82944, 55.735, -1.296],
							"rotation": [0, -22.5, 0],
							"uv": {
								"north": {"uv": [0, 0], "uv_size": [1, 1]},
								"east": {"uv": [0, 0], "uv_size": [7.875, 8]},
								"south": {"uv": [0, 0], "uv_size": [1, 1]},
								"west": {"uv": [0, 0], "uv_size": [1, 1]},
								"up": {"uv": [7.875, 7.875], "uv_size": [-7.875, -7.875]},
								"down": {"uv": [1, 1], "uv_size": [-1, -1]}
							}
						},
						{
							"origin": [-22.30774, 55.0638, -10.1926],
							"size": [4.02718, 1.34239, 17.79322],
							"pivot": [-0.82944, 55.735, -1.296],
							"rotation": [0, 22.5, 0],
							"uv": {
								"north": {"uv": [0, 0], "uv_size": [1, 1]},
								"east": {"uv": [0, 0], "uv_size": [7.875, 8]},
								"south": {"uv": [0, 0], "uv_size": [1, 1]},
								"west": {"uv": [0, 0], "uv_size": [1, 1]},
								"up": {"uv": [7.875, 7.875], "uv_size": [-7.875, -7.875]},
								"down": {"uv": [1, 1], "uv_size": [-1, -1]}
							}
						}
					]
				},
				{
					"name": "octagon4",
					"pivot": [-8, 8, 8],
					"cubes": [
						{
							"origin": [-8.48052, 56.27342, -19.76735],
							"size": [15.30216, 1.15446, 3.46338],
							"pivot": [-0.82944, 56.85065, -1.296],
							"rotation": [0, -22.5, 0],
							"uv": {
								"north": {"uv": [0, 0], "uv_size": [1, 1]},
								"east": {"uv": [0, 0], "uv_size": [7.875, 8]},
								"south": {"uv": [0, 0], "uv_size": [1, 1]},
								"west": {"uv": [0, 0], "uv_size": [1, 1]},
								"up": {"uv": [7.875, 7.875], "uv_size": [-7.875, -7.875]},
								"down": {"uv": [1, 1], "uv_size": [-1, -1]}
							}
						},
						{
							"origin": [-8.48052, 56.27342, -19.76735],
							"size": [15.30216, 1.15446, 3.46338],
							"pivot": [-0.82944, 56.85065, -1.296],
							"rotation": [0, 22.5, 0],
							"uv": {
								"north": {"uv": [0, 0], "uv_size": [1, 1]},
								"east": {"uv": [0, 0], "uv_size": [7.875, 8]},
								"south": {"uv": [0, 0], "uv_size": [1, 1]},
								"west": {"uv": [0, 0], "uv_size": [1, 1]},
								"up": {"uv": [7.875, 7.875], "uv_size": [-7.875, -7.875]},
								"down": {"uv": [1, 1], "uv_size": [-1, -1]}
							}
						},
						{
							"origin": [-8.48052, 56.27342, 13.71197],
							"size": [15.30216, 1.15446, 3.46338],
							"pivot": [-0.82944, 56.85065, -1.296],
							"rotation": [0, -22.5, 0],
							"uv": {
								"north": {"uv": [0, 0], "uv_size": [1, 1]},
								"east": {"uv": [0, 0], "uv_size": [7.875, 8]},
								"south": {"uv": [0, 0], "uv_size": [1, 1]},
								"west": {"uv": [0, 0], "uv_size": [1, 1]},
								"up": {"uv": [7.875, 7.875], "uv_size": [-7.875, -7.875]},
								"down": {"uv": [1, 1], "uv_size": [-1, -1]}
							}
						},
						{
							"origin": [-8.48052, 56.27342, 13.71197],
							"size": [15.30216, 1.15446, 3.46338],
							"pivot": [-0.82944, 56.85065, -1.296],
							"rotation": [0, 22.5, 0],
							"uv": {
								"north": {"uv": [0, 0], "uv_size": [1, 1]},
								"east": {"uv": [0, 0], "uv_size": [7.875, 8]},
								"south": {"uv": [0, 0], "uv_size": [1, 1]},
								"west": {"uv": [0, 0], "uv_size": [1, 1]},
								"up": {"uv": [7.875, 7.875], "uv_size": [-7.875, -7.875]},
								"down": {"uv": [1, 1], "uv_size": [-1, -1]}
							}
						},
						{
							"origin": [14.17853, 56.27342, -8.94708],
							"size": [3.46338, 1.15446, 15.30216],
							"pivot": [-0.82944, 56.85065, -1.296],
							"rotation": [0, -22.5, 0],
							"uv": {
								"north": {"uv": [0, 0], "uv_size": [1, 1]},
								"east": {"uv": [0, 0], "uv_size": [7.875, 8]},
								"south": {"uv": [0, 0], "uv_size": [1, 1]},
								"west": {"uv": [0, 0], "uv_size": [1, 1]},
								"up": {"uv": [7.875, 7.875], "uv_size": [-7.875, -7.875]},
								"down": {"uv": [1, 1], "uv_size": [-1, -1]}
							}
						},
						{
							"origin": [14.17853, 56.27342, -8.94708],
							"size": [3.46338, 1.15446, 15.30216],
							"pivot": [-0.82944, 56.85065, -1.296],
							"rotation": [0, 22.5, 0],
							"uv": {
								"north": {"uv": [0, 0], "uv_size": [1, 1]},
								"east": {"uv": [0, 0], "uv_size": [7.875, 8]},
								"south": {"uv": [0, 0], "uv_size": [1, 1]},
								"west": {"uv": [0, 0], "uv_size": [1, 1]},
								"up": {"uv": [7.875, 7.875], "uv_size": [-7.875, -7.875]},
								"down": {"uv": [1, 1], "uv_size": [-1, -1]}
							}
						},
						{
							"origin": [-19.30079, 56.27342, -8.94708],
							"size": [3.46338, 1.15446, 15.30216],
							"pivot": [-0.82944, 56.85065, -1.296],
							"rotation": [0, -22.5, 0],
							"uv": {
								"north": {"uv": [0, 0], "uv_size": [1, 1]},
								"east": {"uv": [0, 0], "uv_size": [7.875, 8]},
								"south": {"uv": [0, 0], "uv_size": [1, 1]},
								"west": {"uv": [0, 0], "uv_size": [1, 1]},
								"up": {"uv": [7.875, 7.875], "uv_size": [-7.875, -7.875]},
								"down": {"uv": [1, 1], "uv_size": [-1, -1]}
							}
						},
						{
							"origin": [-19.30079, 56.27342, -8.94708],
							"size": [3.46338, 1.15446, 15.30216],
							"pivot": [-0.82944, 56.85065, -1.296],
							"rotation": [0, 22.5, 0],
							"uv": {
								"north": {"uv": [0, 0], "uv_size": [1, 1]},
								"east": {"uv": [0, 0], "uv_size": [7.875, 8]},
								"south": {"uv": [0, 0], "uv_size": [1, 1]},
								"west": {"uv": [0, 0], "uv_size": [1, 1]},
								"up": {"uv": [7.875, 7.875], "uv_size": [-7.875, -7.875]},
								"down": {"uv": [1, 1], "uv_size": [-1, -1]}
							}
						}
					]
				},
				{
					"name": "octagon5",
					"pivot": [-8, 8, 8],
					"cubes": [
						{
							"origin": [-7.10333, 57.10733, -16.4425],
							"size": [12.54776, 0.94666, 2.83997],
							"pivot": [-0.82944, 57.58066, -1.296],
							"rotation": [0, -22.5, 0],
							"uv": {
								"north": {"uv": [0, 0], "uv_size": [1, 1]},
								"east": {"uv": [0, 0], "uv_size": [8, 1.875]},
								"south": {"uv": [0, 0], "uv_size": [1, 1]},
								"west": {"uv": [0, 0], "uv_size": [1, 1]},
								"up": {"uv": [7.875, 7.875], "uv_size": [-7.875, -7.875]},
								"down": {"uv": [1, 1], "uv_size": [-1, -1]}
							}
						},
						{
							"origin": [-7.10333, 57.10733, -16.4425],
							"size": [12.54776, 0.94666, 2.83997],
							"pivot": [-0.82944, 57.58066, -1.296],
							"rotation": [0, 22.5, 0],
							"uv": {
								"north": {"uv": [0, 0], "uv_size": [1, 1]},
								"east": {"uv": [0, 0], "uv_size": [8, 1.875]},
								"south": {"uv": [0, 0], "uv_size": [1, 1]},
								"west": {"uv": [0, 0], "uv_size": [1, 1]},
								"up": {"uv": [7.875, 7.875], "uv_size": [-7.875, -7.875]},
								"down": {"uv": [1, 1], "uv_size": [-1, -1]}
							}
						},
						{
							"origin": [-7.10333, 57.10733, 11.01053],
							"size": [12.54776, 0.94666, 2.83997],
							"pivot": [-0.82944, 57.58066, -1.296],
							"rotation": [0, -22.5, 0],
							"uv": {
								"north": {"uv": [0, 0], "uv_size": [1, 1]},
								"east": {"uv": [0, 0], "uv_size": [8, 1.875]},
								"south": {"uv": [0, 0], "uv_size": [1, 1]},
								"west": {"uv": [0, 0], "uv_size": [1, 1]},
								"up": {"uv": [7.875, 7.875], "uv_size": [-7.875, -7.875]},
								"down": {"uv": [1, 1], "uv_size": [-1, -1]}
							}
						},
						{
							"origin": [-7.10333, 57.10733, 11.01053],
							"size": [12.54776, 0.94666, 2.83997],
							"pivot": [-0.82944, 57.58066, -1.296],
							"rotation": [0, 22.5, 0],
							"uv": {
								"north": {"uv": [0, 0], "uv_size": [1, 1]},
								"east": {"uv": [0, 0], "uv_size": [8, 1.875]},
								"south": {"uv": [0, 0], "uv_size": [1, 1]},
								"west": {"uv": [0, 0], "uv_size": [1, 1]},
								"up": {"uv": [7.875, 7.875], "uv_size": [-7.875, -7.875]},
								"down": {"uv": [1, 1], "uv_size": [-1, -1]}
							}
						},
						{
							"origin": [11.47709, 57.10733, -7.56989],
							"size": [2.83997, 0.94666, 12.54776],
							"pivot": [-0.82944, 57.58066, -1.296],
							"rotation": [0, -22.5, 0],
							"uv": {
								"north": {"uv": [0, 0], "uv_size": [1, 1]},
								"east": {"uv": [0, 0], "uv_size": [8, 1.875]},
								"south": {"uv": [0, 0], "uv_size": [1, 1]},
								"west": {"uv": [0, 0], "uv_size": [1, 1]},
								"up": {"uv": [7.875, 7.875], "uv_size": [-7.875, -7.875]},
								"down": {"uv": [1, 1], "uv_size": [-1, -1]}
							}
						},
						{
							"origin": [11.47709, 57.10733, -7.56989],
							"size": [2.83997, 0.94666, 12.54776],
							"pivot": [-0.82944, 57.58066, -1.296],
							"rotation": [0, 22.5, 0],
							"uv": {
								"north": {"uv": [0, 0], "uv_size": [1, 1]},
								"east": {"uv": [0, 0], "uv_size": [8, 1.875]},
								"south": {"uv": [0, 0], "uv_size": [1, 1]},
								"west": {"uv": [0, 0], "uv_size": [1, 1]},
								"up": {"uv": [7.875, 7.875], "uv_size": [-7.875, -7.875]},
								"down": {"uv": [1, 1], "uv_size": [-1, -1]}
							}
						},
						{
							"origin": [-15.97594, 57.10733, -7.56989],
							"size": [2.83997, 0.94666, 12.54776],
							"pivot": [-0.82944, 57.58066, -1.296],
							"rotation": [0, -22.5, 0],
							"uv": {
								"north": {"uv": [0, 0], "uv_size": [1, 1]},
								"east": {"uv": [0, 0], "uv_size": [8, 1.875]},
								"south": {"uv": [0, 0], "uv_size": [1, 1]},
								"west": {"uv": [0, 0], "uv_size": [1, 1]},
								"up": {"uv": [7.875, 7.875], "uv_size": [-7.875, -7.875]},
								"down": {"uv": [1, 1], "uv_size": [-1, -1]}
							}
						},
						{
							"origin": [-15.97594, 57.10733, -7.56989],
							"size": [2.83997, 0.94666, 12.54776],
							"pivot": [-0.82944, 57.58066, -1.296],
							"rotation": [0, 22.5, 0],
							"uv": {
								"north": {"uv": [0, 0], "uv_size": [1, 1]},
								"east": {"uv": [0, 0], "uv_size": [8, 1.875]},
								"south": {"uv": [0, 0], "uv_size": [1, 1]},
								"west": {"uv": [0, 0], "uv_size": [1, 1]},
								"up": {"uv": [7.875, 7.875], "uv_size": [-7.875, -7.875]},
								"down": {"uv": [1, 1], "uv_size": [-1, -1]}
							}
						}
					]
				},
				{
					"name": "octagon6",
					"pivot": [-8, 8, 8],
					"cubes": [
						{
							"origin": [-5.97403, 57.79112, -13.71612],
							"size": [10.28917, 0.77626, 2.32877],
							"pivot": [-0.82944, 58.17926, -1.296],
							"rotation": [0, -22.5, 0],
							"uv": {
								"north": {"uv": [0, 0], "uv_size": [1, 1]},
								"east": {"uv": [0, 0], "uv_size": [1, 1]},
								"south": {"uv": [0, 0], "uv_size": [1, 1]},
								"west": {"uv": [0, 0], "uv_size": [1, 1]},
								"up": {"uv": [7.875, 7.875], "uv_size": [-7.875, -7.875]},
								"down": {"uv": [1, 1], "uv_size": [-1, -1]}
							}
						},
						{
							"origin": [-5.97403, 57.79112, -13.71612],
							"size": [10.28917, 0.77626, 2.32877],
							"pivot": [-0.82944, 58.17926, -1.296],
							"rotation": [0, 22.5, 0],
							"uv": {
								"north": {"uv": [0, 0], "uv_size": [1, 1]},
								"east": {"uv": [0, 0], "uv_size": [1, 1]},
								"south": {"uv": [0, 0], "uv_size": [1, 1]},
								"west": {"uv": [0, 0], "uv_size": [1, 1]},
								"up": {"uv": [7.875, 7.875], "uv_size": [-7.875, -7.875]},
								"down": {"uv": [1, 1], "uv_size": [-1, -1]}
							}
						},
						{
							"origin": [-5.97403, 57.79112, 8.79535],
							"size": [10.28917, 0.77626, 2.32877],
							"pivot": [-0.82944, 58.17926, -1.296],
							"rotation": [0, -22.5, 0],
							"uv": {
								"north": {"uv": [0, 0], "uv_size": [1, 1]},
								"east": {"uv": [0, 0], "uv_size": [1, 1]},
								"south": {"uv": [0, 0], "uv_size": [1, 1]},
								"west": {"uv": [0, 0], "uv_size": [1, 1]},
								"up": {"uv": [7.875, 7.875], "uv_size": [-7.875, -7.875]},
								"down": {"uv": [1, 1], "uv_size": [-1, -1]}
							}
						},
						{
							"origin": [-5.97403, 57.79112, 8.79535],
							"size": [10.28917, 0.77626, 2.32877],
							"pivot": [-0.82944, 58.17926, -1.296],
							"rotation": [0, 22.5, 0],
							"uv": {
								"north": {"uv": [0, 0], "uv_size": [1, 1]},
								"east": {"uv": [0, 0], "uv_size": [1, 1]},
								"south": {"uv": [0, 0], "uv_size": [1, 1]},
								"west": {"uv": [0, 0], "uv_size": [1, 1]},
								"up": {"uv": [7.875, 7.875], "uv_size": [-7.875, -7.875]},
								"down": {"uv": [1, 1], "uv_size": [-1, -1]}
							}
						},
						{
							"origin": [9.26191, 57.79112, -6.44059],
							"size": [2.32877, 0.77626, 10.28917],
							"pivot": [-0.82944, 58.17926, -1.296],
							"rotation": [0, -22.5, 0],
							"uv": {
								"north": {"uv": [0, 0], "uv_size": [1, 1]},
								"east": {"uv": [0, 0], "uv_size": [1, 1]},
								"south": {"uv": [0, 0], "uv_size": [1, 1]},
								"west": {"uv": [0, 0], "uv_size": [1, 1]},
								"up": {"uv": [7.875, 7.875], "uv_size": [-7.875, -7.875]},
								"down": {"uv": [1, 1], "uv_size": [-1, -1]}
							}
						},
						{
							"origin": [9.26191, 57.79112, -6.44059],
							"size": [2.32877, 0.77626, 10.28917],
							"pivot": [-0.82944, 58.17926, -1.296],
							"rotation": [0, 22.5, 0],
							"uv": {
								"north": {"uv": [0, 0], "uv_size": [1, 1]},
								"east": {"uv": [0, 0], "uv_size": [1, 1]},
								"south": {"uv": [0, 0], "uv_size": [1, 1]},
								"west": {"uv": [0, 0], "uv_size": [1, 1]},
								"up": {"uv": [7.875, 7.875], "uv_size": [-7.875, -7.875]},
								"down": {"uv": [1, 1], "uv_size": [-1, -1]}
							}
						},
						{
							"origin": [-13.24956, 57.79112, -6.44059],
							"size": [2.32877, 0.77626, 10.28917],
							"pivot": [-0.82944, 58.17926, -1.296],
							"rotation": [0, -22.5, 0],
							"uv": {
								"north": {"uv": [0, 0], "uv_size": [1, 1]},
								"east": {"uv": [0, 0], "uv_size": [1, 1]},
								"south": {"uv": [0, 0], "uv_size": [1, 1]},
								"west": {"uv": [0, 0], "uv_size": [1, 1]},
								"up": {"uv": [7.875, 7.875], "uv_size": [-7.875, -7.875]},
								"down": {"uv": [1, 1], "uv_size": [-1, -1]}
							}
						},
						{
							"origin": [-13.24956, 57.79112, -6.44059],
							"size": [2.32877, 0.77626, 10.28917],
							"pivot": [-0.82944, 58.17926, -1.296],
							"rotation": [0, 22.5, 0],
							"uv": {
								"north": {"uv": [0, 0], "uv_size": [1, 1]},
								"east": {"uv": [0, 0], "uv_size": [1, 1]},
								"south": {"uv": [0, 0], "uv_size": [1, 1]},
								"west": {"uv": [0, 0], "uv_size": [1, 1]},
								"up": {"uv": [7.875, 7.875], "uv_size": [-7.875, -7.875]},
								"down": {"uv": [1, 1], "uv_size": [-1, -1]}
							}
						}
					]
				},
				{
					"name": "octagon7",
					"pivot": [-8, 8, 8],
					"cubes": [
						{
							"origin": [-5.2683, 58.56986, -12.01236],
							"size": [8.87773, 0.66977, 21.43273],
							"pivot": [-0.82944, 58.90476, -1.296],
							"rotation": [0, -22.5, 0],
							"uv": {
								"north": {"uv": [0, 0], "uv_size": [1, 1]},
								"east": {"uv": [0, 0], "uv_size": [1, 1]},
								"south": {"uv": [0, 0], "uv_size": [1, 1]},
								"west": {"uv": [0, 0], "uv_size": [1, 1]},
								"up": {"uv": [7.875, 7.875], "uv_size": [-7.875, -7.875]},
								"down": {"uv": [1, 1], "uv_size": [-1, -1]}
							}
						},
						{
							"origin": [-5.2683, 58.56986, -12.01236],
							"size": [8.87773, 0.66977, 21.43273],
							"pivot": [-0.82944, 58.90476, -1.296],
							"rotation": [0, 22.5, 0],
							"uv": {
								"north": {"uv": [0, 0], "uv_size": [1, 1]},
								"east": {"uv": [0, 0], "uv_size": [1, 1]},
								"south": {"uv": [0, 0], "uv_size": [1, 1]},
								"west": {"uv": [0, 0], "uv_size": [1, 1]},
								"up": {"uv": [7.875, 7.875], "uv_size": [-7.875, -7.875]},
								"down": {"uv": [1, 1], "uv_size": [-1, -1]}
							}
						},
						{
							"origin": [-11.5458, 58.56986, -5.73486],
							"size": [21.43273, 0.66977, 8.87773],
							"pivot": [-0.82944, 58.90476, -1.296],
							"rotation": [0, -22.5, 0],
							"uv": {
								"north": {"uv": [0, 0], "uv_size": [1, 1]},
								"east": {"uv": [0, 0], "uv_size": [1, 1]},
								"south": {"uv": [0, 0], "uv_size": [1, 1]},
								"west": {"uv": [0, 0], "uv_size": [1, 1]},
								"up": {"uv": [7.875, 7.875], "uv_size": [-7.875, -7.875]},
								"down": {"uv": [1, 1], "uv_size": [-1, -1]}
							}
						},
						{
							"origin": [-11.5458, 58.56986, -5.73486],
							"size": [21.43273, 0.66977, 8.87773],
							"pivot": [-0.82944, 58.90476, -1.296],
							"rotation": [0, 22.5, 0],
							"uv": {
								"north": {"uv": [0, 0], "uv_size": [1, 1]},
								"east": {"uv": [0, 0], "uv_size": [1, 1]},
								"south": {"uv": [0, 0], "uv_size": [1, 1]},
								"west": {"uv": [0, 0], "uv_size": [1, 1]},
								"up": {"uv": [7.875, 7.875], "uv_size": [-7.875, -7.875]},
								"down": {"uv": [1, 1], "uv_size": [-1, -1]}
							}
						}
					]
				},
				{
					"name": "hexadecagon",
					"pivot": [-8, 8, 8],
					"cubes": [
						{
							"origin": [-1.00445, 0.46602, -2.17586],
							"size": [0.35004, 63.08413, 1.75974],
							"pivot": [-0.82944, 14.10048, -1.296],
							"rotation": [0, 45, 0],
							"uv": {
								"north": {"uv": [0, 12], "uv_size": [1, 1]},
								"east": {"uv": [0, 0], "uv_size": [1, 1]},
								"south": {"uv": [0, 12], "uv_size": [1, 1]},
								"west": {"uv": [0, 0], "uv_size": [1, 1]},
								"up": {"uv": [2, 16], "uv_size": [-2, -1.875]},
								"down": {"uv": [1, 1], "uv_size": [-1, -1]}
							}
						},
						{
							"origin": [-1.00445, 0.46602, -2.17586],
							"size": [0.35004, 63.08413, 1.75974],
							"pivot": [-0.82944, 14.10048, -1.296],
							"rotation": [0, 22.5, 0],
							"uv": {
								"north": {"uv": [0, 12], "uv_size": [1, 1]},
								"east": {"uv": [0, 0], "uv_size": [1, 1]},
								"south": {"uv": [0, 12], "uv_size": [1, 1]},
								"west": {"uv": [0, 0], "uv_size": [1, 1]},
								"up": {"uv": [2, 16], "uv_size": [-2, -1.875]},
								"down": {"uv": [1, 1], "uv_size": [-1, -1]}
							}
						},
						{
							"origin": [-1.00445, 0.46602, -2.17586],
							"size": [0.35004, 63.08413, 1.75974],
							"uv": {
								"north": {"uv": [0, 12], "uv_size": [1, 1]},
								"east": {"uv": [0, 0], "uv_size": [1, 1]},
								"south": {"uv": [0, 12], "uv_size": [1, 1]},
								"west": {"uv": [0, 0], "uv_size": [1, 1]},
								"up": {"uv": [2, 16], "uv_size": [-2, -1.875]},
								"down": {"uv": [1, 1], "uv_size": [-1, -1]}
							}
						},
						{
							"origin": [-1.00445, 0.46602, -2.17586],
							"size": [0.35004, 63.08413, 1.75974],
							"pivot": [-0.82944, 14.10048, -1.296],
							"rotation": [0, -22.5, 0],
							"uv": {
								"north": {"uv": [0, 12], "uv_size": [1, 1]},
								"east": {"uv": [0, 0], "uv_size": [1, 1]},
								"south": {"uv": [0, 12], "uv_size": [1, 1]},
								"west": {"uv": [0, 0], "uv_size": [1, 1]},
								"up": {"uv": [2, 16], "uv_size": [-2, -1.875]},
								"down": {"uv": [1, 1], "uv_size": [-1, -1]}
							}
						},
						{
							"origin": [-1.00445, 0.46602, -2.17586],
							"size": [0.35004, 63.08413, 1.75974],
							"pivot": [-0.82944, 14.10048, -1.296],
							"rotation": [0, -45, 0],
							"uv": {
								"north": {"uv": [0, 12], "uv_size": [1, 1]},
								"east": {"uv": [0, 0], "uv_size": [1, 1]},
								"south": {"uv": [0, 12], "uv_size": [1, 1]},
								"west": {"uv": [0, 0], "uv_size": [1, 1]},
								"up": {"uv": [2, 16], "uv_size": [-2, -1.875]},
								"down": {"uv": [1, 1], "uv_size": [-1, -1]}
							}
						},
						{
							"origin": [-1.7093, 0.46602, -1.47101],
							"size": [1.75974, 63.08413, 0.35004],
							"pivot": [-0.82944, 14.10048, -1.296],
							"rotation": [0, 22.5, 0],
							"uv": {
								"north": {"uv": [0, 0], "uv_size": [1, 1]},
								"east": {"uv": [0, 12], "uv_size": [1, 1]},
								"south": {"uv": [0, 0], "uv_size": [1, 1]},
								"west": {"uv": [0, 12], "uv_size": [1, 1]},
								"up": {"uv": [2, 16], "uv_size": [-2, -1.875]},
								"down": {"uv": [1, 1], "uv_size": [-1, -1]}
							}
						},
						{
							"origin": [-1.7093, 0.46602, -1.47101],
							"size": [1.75974, 63.08413, 0.35004],
							"uv": {
								"north": {"uv": [0, 0], "uv_size": [1, 1]},
								"east": {"uv": [0, 12], "uv_size": [1, 1]},
								"south": {"uv": [0, 0], "uv_size": [1, 1]},
								"west": {"uv": [0, 12], "uv_size": [1, 1]},
								"up": {"uv": [2, 16], "uv_size": [-2, -1.875]},
								"down": {"uv": [1, 1], "uv_size": [-1, -1]}
							}
						},
						{
							"origin": [-1.7093, 0.46602, -1.47101],
							"size": [1.75974, 63.08413, 0.35004],
							"pivot": [-0.82944, 14.10048, -1.296],
							"rotation": [0, -22.5, 0],
							"uv": {
								"north": {"uv": [0, 0], "uv_size": [1, 1]},
								"east": {"uv": [0, 12], "uv_size": [1, 1]},
								"south": {"uv": [0, 0], "uv_size": [1, 1]},
								"west": {"uv": [0, 12], "uv_size": [1, 1]},
								"up": {"uv": [2, 16], "uv_size": [-2, -1.875]},
								"down": {"uv": [1, 1], "uv_size": [-1, -1]}
							}
						}
					]
				}
			]
		}
	]
}