{
	"format_version": "1.12.0",
	"minecraft:geometry": [
		{
			"description": {
				"identifier": "geometry.pa_pancake",
				"texture_width": 64,
				"texture_height": 64,
				"visible_bounds_width": 2,
				"visible_bounds_height": 1.5,
				"visible_bounds_offset": [0, 0.25, 0]
			},
			"bones": [
				{
					"name": "hexadecagon",
					"pivot": [-8, 9, 8],
					"cubes": [
						{
							"origin": [-3.7502, 4.53397, -0.58047],
							"size": [5.8364, 1.32231, 1.16093],
							"pivot": [-0.832, 4.62516, 0],
							"rotation": [0, 45, 0],
							"uv": {
								"north": {"uv": [24, 26], "uv_size": [10, 10]},
								"east": {"uv": [24, 26], "uv_size": [10, 10]},
								"south": {"uv": [24, 26], "uv_size": [10, 10]},
								"west": {"uv": [24, 26], "uv_size": [10, 10]},
								"up": {"uv": [8, 28], "uv_size": [-6, -4]},
								"down": {"uv": [4, 4], "uv_size": [-4, -4]}
							}
						},
						{
							"origin": [-3.7502, 4.53397, -0.58047],
							"size": [5.8364, 1.32231, 1.16093],
							"pivot": [-0.832, 4.62516, 0],
							"rotation": [0, 22.5, 0],
							"uv": {
								"north": {"uv": [24, 26], "uv_size": [10, 10]},
								"east": {"uv": [24, 26], "uv_size": [10, 10]},
								"south": {"uv": [24, 26], "uv_size": [10, 10]},
								"west": {"uv": [24, 26], "uv_size": [10, 10]},
								"up": {"uv": [8, 28], "uv_size": [-6, -4]},
								"down": {"uv": [4, 4], "uv_size": [-4, -4]}
							}
						},
						{
							"origin": [-3.7502, 4.53397, -0.58047],
							"size": [5.8364, 1.32231, 1.16093],
							"uv": {
								"north": {"uv": [24, 26], "uv_size": [10, 10]},
								"east": {"uv": [24, 26], "uv_size": [10, 10]},
								"south": {"uv": [24, 26], "uv_size": [10, 10]},
								"west": {"uv": [2, 28], "uv_size": [6, 4]},
								"up": {"uv": [8, 28], "uv_size": [-6, -4]},
								"down": {"uv": [4, 4], "uv_size": [-4, -4]}
							}
						},
						{
							"origin": [-3.7502, 4.53397, -0.58047],
							"size": [5.8364, 1.32231, 1.16093],
							"pivot": [-0.832, 4.62516, 0],
							"rotation": [0, -22.5, 0],
							"uv": {
								"north": {"uv": [24, 26], "uv_size": [10, 10]},
								"east": {"uv": [24, 26], "uv_size": [10, 10]},
								"south": {"uv": [24, 26], "uv_size": [10, 10]},
								"west": {"uv": [24, 26], "uv_size": [10, 10]},
								"up": {"uv": [8, 28], "uv_size": [-6, -4]},
								"down": {"uv": [4, 4], "uv_size": [-4, -4]}
							}
						},
						{
							"origin": [-3.7502, 4.53397, -0.58047],
							"size": [5.8364, 1.32231, 1.16093],
							"pivot": [-0.832, 4.62516, 0],
							"rotation": [0, -45, 0],
							"uv": {
								"north": {"uv": [24, 26], "uv_size": [10, 10]},
								"east": {"uv": [24, 26], "uv_size": [10, 10]},
								"south": {"uv": [24, 26], "uv_size": [10, 10]},
								"west": {"uv": [24, 26], "uv_size": [10, 10]},
								"up": {"uv": [8, 28], "uv_size": [-6, -4]},
								"down": {"uv": [4, 4], "uv_size": [-4, -4]}
							}
						},
						{
							"origin": [-1.41247, 4.53397, -2.9182],
							"size": [1.16093, 1.32231, 5.8364],
							"pivot": [-0.832, 4.62516, 0],
							"rotation": [0, 22.5, 0],
							"uv": {
								"north": {"uv": [24, 26], "uv_size": [10, 10]},
								"east": {"uv": [24, 26], "uv_size": [10, 10]},
								"south": {"uv": [24, 26], "uv_size": [10, 10]},
								"west": {"uv": [2, 24], "uv_size": [6, 4]},
								"up": {"uv": [8, 28], "uv_size": [-6, -4]},
								"down": {"uv": [4, 4], "uv_size": [-4, -4]}
							}
						},
						{
							"origin": [-1.41247, 4.53397, -2.9182],
							"size": [1.16093, 1.32231, 5.8364],
							"uv": {
								"north": {"uv": [24, 26], "uv_size": [10, 10]},
								"east": {"uv": [24, 26], "uv_size": [10, 10]},
								"south": {"uv": [24, 26], "uv_size": [10, 10]},
								"west": {"uv": [2, 24], "uv_size": [6, 4]},
								"up": {"uv": [8, 28], "uv_size": [-6, -4]},
								"down": {"uv": [4, 4], "uv_size": [-4, -4]}
							}
						},
						{
							"origin": [-1.41247, 4.53397, -2.9182],
							"size": [1.16093, 1.32231, 5.8364],
							"pivot": [-0.832, 4.62516, 0],
							"rotation": [0, -22.5, 0],
							"uv": {
								"north": {"uv": [24, 26], "uv_size": [10, 10]},
								"east": {"uv": [24, 26], "uv_size": [10, 10]},
								"south": {"uv": [24, 26], "uv_size": [10, 10]},
								"west": {"uv": [2, 24], "uv_size": [6, 4]},
								"up": {"uv": [8, 28], "uv_size": [-6, -4]},
								"down": {"uv": [4, 4], "uv_size": [-4, -4]}
							}
						}
					]
				},
				{
					"name": "hexadecagon2",
					"pivot": [-8, 9, 8],
					"cubes": [
						{
							"origin": [-2.4702, 3.25397, -0.58047],
							"size": [5.8364, 1.32231, 1.16093],
							"pivot": [0.448, 3.34516, 0],
							"rotation": [0, 45, 0],
							"uv": {
								"north": {"uv": [24, 26], "uv_size": [10, 10]},
								"east": {"uv": [24, 26], "uv_size": [10, 10]},
								"south": {"uv": [24, 26], "uv_size": [10, 10]},
								"west": {"uv": [24, 26], "uv_size": [10, 10]},
								"up": {"uv": [8, 28], "uv_size": [-6, -4]},
								"down": {"uv": [4, 4], "uv_size": [-4, -4]}
							}
						},
						{
							"origin": [-2.4702, 3.25397, -0.58047],
							"size": [5.8364, 1.32231, 1.16093],
							"pivot": [0.448, 3.34516, 0],
							"rotation": [0, 22.5, 0],
							"uv": {
								"north": {"uv": [24, 26], "uv_size": [10, 10]},
								"east": {"uv": [24, 26], "uv_size": [10, 10]},
								"south": {"uv": [24, 26], "uv_size": [10, 10]},
								"west": {"uv": [24, 26], "uv_size": [10, 10]},
								"up": {"uv": [8, 28], "uv_size": [-6, -4]},
								"down": {"uv": [4, 4], "uv_size": [-4, -4]}
							}
						},
						{
							"origin": [-2.4702, 3.25397, -0.58047],
							"size": [5.8364, 1.32231, 1.16093],
							"uv": {
								"north": {"uv": [24, 26], "uv_size": [10, 10]},
								"east": {"uv": [24, 26], "uv_size": [10, 10]},
								"south": {"uv": [24, 26], "uv_size": [10, 10]},
								"west": {"uv": [2, 28], "uv_size": [6, 4]},
								"up": {"uv": [8, 28], "uv_size": [-6, -4]},
								"down": {"uv": [4, 4], "uv_size": [-4, -4]}
							}
						},
						{
							"origin": [-2.4702, 3.25397, -0.58047],
							"size": [5.8364, 1.32231, 1.16093],
							"pivot": [0.448, 3.34516, 0],
							"rotation": [0, -22.5, 0],
							"uv": {
								"north": {"uv": [24, 26], "uv_size": [10, 10]},
								"east": {"uv": [24, 26], "uv_size": [10, 10]},
								"south": {"uv": [24, 26], "uv_size": [10, 10]},
								"west": {"uv": [24, 26], "uv_size": [10, 10]},
								"up": {"uv": [8, 28], "uv_size": [-6, -4]},
								"down": {"uv": [4, 4], "uv_size": [-4, -4]}
							}
						},
						{
							"origin": [-2.4702, 3.25397, -0.58047],
							"size": [5.8364, 1.32231, 1.16093],
							"pivot": [0.448, 3.34516, 0],
							"rotation": [0, -45, 0],
							"uv": {
								"north": {"uv": [24, 26], "uv_size": [10, 10]},
								"east": {"uv": [24, 26], "uv_size": [10, 10]},
								"south": {"uv": [24, 26], "uv_size": [10, 10]},
								"west": {"uv": [24, 26], "uv_size": [10, 10]},
								"up": {"uv": [8, 28], "uv_size": [-6, -4]},
								"down": {"uv": [4, 4], "uv_size": [-4, -4]}
							}
						},
						{
							"origin": [-0.13247, 3.25397, -2.9182],
							"size": [1.16093, 1.32231, 5.8364],
							"pivot": [0.448, 3.34516, 0],
							"rotation": [0, 22.5, 0],
							"uv": {
								"north": {"uv": [24, 26], "uv_size": [10, 10]},
								"east": {"uv": [24, 26], "uv_size": [10, 10]},
								"south": {"uv": [24, 26], "uv_size": [10, 10]},
								"west": {"uv": [2, 24], "uv_size": [6, 4]},
								"up": {"uv": [8, 28], "uv_size": [-6, -4]},
								"down": {"uv": [4, 4], "uv_size": [-4, -4]}
							}
						},
						{
							"origin": [-0.13247, 3.25397, -2.9182],
							"size": [1.16093, 1.32231, 5.8364],
							"uv": {
								"north": {"uv": [24, 26], "uv_size": [10, 10]},
								"east": {"uv": [24, 26], "uv_size": [10, 10]},
								"south": {"uv": [24, 26], "uv_size": [10, 10]},
								"west": {"uv": [2, 24], "uv_size": [6, 4]},
								"up": {"uv": [8, 28], "uv_size": [-6, -4]},
								"down": {"uv": [4, 4], "uv_size": [-4, -4]}
							}
						},
						{
							"origin": [-0.13247, 3.25397, -2.9182],
							"size": [1.16093, 1.32231, 5.8364],
							"pivot": [0.448, 3.34516, 0],
							"rotation": [0, -22.5, 0],
							"uv": {
								"north": {"uv": [24, 26], "uv_size": [10, 10]},
								"east": {"uv": [24, 26], "uv_size": [10, 10]},
								"south": {"uv": [24, 26], "uv_size": [10, 10]},
								"west": {"uv": [2, 24], "uv_size": [6, 4]},
								"up": {"uv": [8, 28], "uv_size": [-6, -4]},
								"down": {"uv": [4, 4], "uv_size": [-4, -4]}
							}
						}
					]
				},
				{
					"name": "hexadecagon3",
					"pivot": [-8, 9, 8],
					"cubes": [
						{
							"origin": [-3.1102, 1.97397, -0.58047],
							"size": [5.8364, 1.32231, 1.16093],
							"pivot": [-0.192, 2.06516, 0],
							"rotation": [0, 45, 0],
							"uv": {
								"north": {"uv": [24, 26], "uv_size": [10, 10]},
								"east": {"uv": [24, 26], "uv_size": [10, 10]},
								"south": {"uv": [24, 26], "uv_size": [10, 10]},
								"west": {"uv": [24, 26], "uv_size": [10, 10]},
								"up": {"uv": [8, 28], "uv_size": [-6, -4]},
								"down": {"uv": [4, 4], "uv_size": [-4, -4]}
							}
						},
						{
							"origin": [-3.1102, 1.97397, -0.58047],
							"size": [5.8364, 1.32231, 1.16093],
							"pivot": [-0.192, 2.06516, 0],
							"rotation": [0, 22.5, 0],
							"uv": {
								"north": {"uv": [24, 26], "uv_size": [10, 10]},
								"east": {"uv": [24, 26], "uv_size": [10, 10]},
								"south": {"uv": [24, 26], "uv_size": [10, 10]},
								"west": {"uv": [24, 26], "uv_size": [10, 10]},
								"up": {"uv": [8, 28], "uv_size": [-6, -4]},
								"down": {"uv": [4, 4], "uv_size": [-4, -4]}
							}
						},
						{
							"origin": [-3.1102, 1.97397, -0.58047],
							"size": [5.8364, 1.32231, 1.16093],
							"uv": {
								"north": {"uv": [24, 26], "uv_size": [10, 10]},
								"east": {"uv": [24, 26], "uv_size": [10, 10]},
								"south": {"uv": [24, 26], "uv_size": [10, 10]},
								"west": {"uv": [2, 28], "uv_size": [6, 4]},
								"up": {"uv": [8, 28], "uv_size": [-6, -4]},
								"down": {"uv": [4, 4], "uv_size": [-4, -4]}
							}
						},
						{
							"origin": [-3.1102, 1.97397, -0.58047],
							"size": [5.8364, 1.32231, 1.16093],
							"pivot": [-0.192, 2.06516, 0],
							"rotation": [0, -22.5, 0],
							"uv": {
								"north": {"uv": [24, 26], "uv_size": [10, 10]},
								"east": {"uv": [24, 26], "uv_size": [10, 10]},
								"south": {"uv": [24, 26], "uv_size": [10, 10]},
								"west": {"uv": [24, 26], "uv_size": [10, 10]},
								"up": {"uv": [8, 28], "uv_size": [-6, -4]},
								"down": {"uv": [4, 4], "uv_size": [-4, -4]}
							}
						},
						{
							"origin": [-3.1102, 1.97397, -0.58047],
							"size": [5.8364, 1.32231, 1.16093],
							"pivot": [-0.192, 2.06516, 0],
							"rotation": [0, -45, 0],
							"uv": {
								"north": {"uv": [24, 26], "uv_size": [10, 10]},
								"east": {"uv": [24, 26], "uv_size": [10, 10]},
								"south": {"uv": [24, 26], "uv_size": [10, 10]},
								"west": {"uv": [24, 26], "uv_size": [10, 10]},
								"up": {"uv": [8, 28], "uv_size": [-6, -4]},
								"down": {"uv": [4, 4], "uv_size": [-4, -4]}
							}
						},
						{
							"origin": [-0.77247, 1.97397, -2.9182],
							"size": [1.16093, 1.32231, 5.8364],
							"pivot": [-0.192, 2.06516, 0],
							"rotation": [0, 22.5, 0],
							"uv": {
								"north": {"uv": [24, 26], "uv_size": [10, 10]},
								"east": {"uv": [24, 26], "uv_size": [10, 10]},
								"south": {"uv": [24, 26], "uv_size": [10, 10]},
								"west": {"uv": [2, 24], "uv_size": [6, 4]},
								"up": {"uv": [8, 28], "uv_size": [-6, -4]},
								"down": {"uv": [4, 4], "uv_size": [-4, -4]}
							}
						},
						{
							"origin": [-0.77247, 1.97397, -2.9182],
							"size": [1.16093, 1.32231, 5.8364],
							"uv": {
								"north": {"uv": [24, 26], "uv_size": [10, 10]},
								"east": {"uv": [24, 26], "uv_size": [10, 10]},
								"south": {"uv": [24, 26], "uv_size": [10, 10]},
								"west": {"uv": [2, 24], "uv_size": [6, 4]},
								"up": {"uv": [8, 28], "uv_size": [-6, -4]},
								"down": {"uv": [4, 4], "uv_size": [-4, -4]}
							}
						},
						{
							"origin": [-0.77247, 1.97397, -2.9182],
							"size": [1.16093, 1.32231, 5.8364],
							"pivot": [-0.192, 2.06516, 0],
							"rotation": [0, -22.5, 0],
							"uv": {
								"north": {"uv": [24, 26], "uv_size": [10, 10]},
								"east": {"uv": [24, 26], "uv_size": [10, 10]},
								"south": {"uv": [24, 26], "uv_size": [10, 10]},
								"west": {"uv": [2, 24], "uv_size": [6, 4]},
								"up": {"uv": [8, 28], "uv_size": [-6, -4]},
								"down": {"uv": [4, 4], "uv_size": [-4, -4]}
							}
						}
					]
				},
				{
					"name": "bone",
					"pivot": [0, 0, 0],
					"cubes": [
						{
							"origin": [-1.69728, 5.78464, -0.43264],
							"size": [1.29792, 0.86528, 1.29792],
							"uv": {
								"north": {"uv": [28, 6], "uv_size": [4, 4]},
								"east": {"uv": [28, 6], "uv_size": [4, 4]},
								"south": {"uv": [28, 6], "uv_size": [4, 4]},
								"west": {"uv": [28, 6], "uv_size": [4, 4]},
								"up": {"uv": [32, 10], "uv_size": [-4, -4]},
								"down": {"uv": [4, 4], "uv_size": [-4, -4]}
							}
						},
						{
							"origin": [-4.2, 1, -4.2],
							"size": [9.24, 0.84, 8.4],
							"uv": {
								"north": {"uv": [0, 0], "uv_size": [22, 2]},
								"east": {"uv": [0, 0], "uv_size": [20, 2]},
								"south": {"uv": [0, 0], "uv_size": [22, 2]},
								"west": {"uv": [0, 0], "uv_size": [20, 2]},
								"up": {"uv": [64, 64], "uv_size": [-28, -27]},
								"down": {"uv": [64, 22], "uv_size": [-20, -22]}
							}
						}
					]
				}
			]
		}
	]
}