{
	"format_version": "1.12.0",
	"minecraft:geometry": [
		{
			"description": {
				"identifier": "geometry.pa_pot02",
				"texture_width": 16,
				"texture_height": 16,
				"visible_bounds_width": 2,
				"visible_bounds_height": 2.5,
				"visible_bounds_offset": [0, 0.75, 0]
			},
			"bones": [
				{
					"name": "hexadecagon",
					"pivot": [-8, 8, 8],
					"cubes": [
						{
							"origin": [-0.57287, -0.09, -2.88],
							"size": [1.14574, 1.18, 5.76],
							"pivot": [0, 0, 0],
							"rotation": [0, 45, 0],
							"uv": {
								"north": {"uv": [0, 0], "uv_size": [1, 1]},
								"east": {"uv": [0, 0], "uv_size": [1, 1]},
								"south": {"uv": [0, 0], "uv_size": [1, 1]},
								"west": {"uv": [0, 0], "uv_size": [1, 1]},
								"up": {"uv": [1, 1], "uv_size": [-1, -1]},
								"down": {"uv": [1, 1], "uv_size": [-1, -1]}
							}
						},
						{
							"origin": [-0.57287, -0.09, -2.88],
							"size": [1.14574, 1.18, 5.76],
							"pivot": [0, 0, 0],
							"rotation": [0, 22.5, 0],
							"uv": {
								"north": {"uv": [0, 0], "uv_size": [1, 1]},
								"east": {"uv": [0, 0], "uv_size": [1, 1]},
								"south": {"uv": [0, 0], "uv_size": [1, 1]},
								"west": {"uv": [0, 0], "uv_size": [1, 1]},
								"up": {"uv": [1, 1], "uv_size": [-1, -1]},
								"down": {"uv": [1, 1], "uv_size": [-1, -1]}
							}
						},
						{
							"origin": [-0.57287, -0.09, -2.88],
							"size": [1.14574, 1.18, 5.76],
							"uv": {
								"north": {"uv": [0, 0], "uv_size": [1, 1]},
								"east": {"uv": [0, 0], "uv_size": [1, 1]},
								"south": {"uv": [0, 0], "uv_size": [1, 1]},
								"west": {"uv": [0, 0], "uv_size": [1, 1]},
								"up": {"uv": [1, 1], "uv_size": [-1, -1]},
								"down": {"uv": [1, 1], "uv_size": [-1, -1]}
							}
						},
						{
							"origin": [-0.57287, -0.09, -2.88],
							"size": [1.14574, 1.18, 5.76],
							"pivot": [0, 0, 0],
							"rotation": [0, -22.5, 0],
							"uv": {
								"north": {"uv": [0, 0], "uv_size": [1, 1]},
								"east": {"uv": [0, 0], "uv_size": [1, 1]},
								"south": {"uv": [0, 0], "uv_size": [1, 1]},
								"west": {"uv": [0, 0], "uv_size": [1, 1]},
								"up": {"uv": [1, 1], "uv_size": [-1, -1]},
								"down": {"uv": [1, 1], "uv_size": [-1, -1]}
							}
						},
						{
							"origin": [-0.57287, -0.09, -2.88],
							"size": [1.14574, 1.18, 5.76],
							"pivot": [0, 0, 0],
							"rotation": [0, -45, 0],
							"uv": {
								"north": {"uv": [0, 0], "uv_size": [1, 1]},
								"east": {"uv": [0, 0], "uv_size": [1, 1]},
								"south": {"uv": [0, 0], "uv_size": [1, 1]},
								"west": {"uv": [0, 0], "uv_size": [1, 1]},
								"up": {"uv": [1, 1], "uv_size": [-1, -1]},
								"down": {"uv": [1, 1], "uv_size": [-1, -1]}
							}
						},
						{
							"origin": [-2.88, -0.09, -0.57287],
							"size": [5.76, 1.18, 1.14574],
							"pivot": [0, 0, 0],
							"rotation": [0, 22.5, 0],
							"uv": {
								"north": {"uv": [0, 0], "uv_size": [1, 1]},
								"east": {"uv": [0, 0], "uv_size": [1, 1]},
								"south": {"uv": [0, 0], "uv_size": [1, 1]},
								"west": {"uv": [0, 0], "uv_size": [1, 1]},
								"up": {"uv": [1, 1], "uv_size": [-1, -1]},
								"down": {"uv": [1, 1], "uv_size": [-1, -1]}
							}
						},
						{
							"origin": [-2.88, -0.09, -0.57287],
							"size": [5.76, 1.18, 1.14574],
							"uv": {
								"north": {"uv": [0, 0], "uv_size": [1, 1]},
								"east": {"uv": [0, 0], "uv_size": [1, 1]},
								"south": {"uv": [0, 0], "uv_size": [1, 1]},
								"west": {"uv": [0, 0], "uv_size": [1, 1]},
								"up": {"uv": [1, 1], "uv_size": [-1, -1]},
								"down": {"uv": [1, 1], "uv_size": [-1, -1]}
							}
						},
						{
							"origin": [-2.88, -0.09, -0.57287],
							"size": [5.76, 1.18, 1.14574],
							"pivot": [0, 0, 0],
							"rotation": [0, -22.5, 0],
							"uv": {
								"north": {"uv": [0, 0], "uv_size": [1, 1]},
								"east": {"uv": [0, 0], "uv_size": [1, 1]},
								"south": {"uv": [0, 0], "uv_size": [1, 1]},
								"west": {"uv": [0, 0], "uv_size": [1, 1]},
								"up": {"uv": [1, 1], "uv_size": [-1, -1]},
								"down": {"uv": [1, 1], "uv_size": [-1, -1]}
							}
						}
					]
				},
				{
					"name": "hexadecagon2",
					"pivot": [-8, 8, 8],
					"cubes": [
						{
							"origin": [-0.66453, 1.0956, -3.3408],
							"size": [1.32905, 8.2088, 6.6816],
							"pivot": [0, 2.2, 0],
							"rotation": [0, 45, 0],
							"uv": {
								"north": {"uv": [0, 8], "uv_size": [13, 7]},
								"east": {"uv": [0, 0], "uv_size": [1, 1]},
								"south": {"uv": [0, 8], "uv_size": [13, 7]},
								"west": {"uv": [0, 0], "uv_size": [1, 1]},
								"up": {"uv": [1, 1], "uv_size": [-1, -1]},
								"down": {"uv": [1, 1], "uv_size": [-1, -1]}
							}
						},
						{
							"origin": [-0.66453, 1.0956, -3.3408],
							"size": [1.32905, 8.2088, 6.6816],
							"pivot": [0, 2.2, 0],
							"rotation": [0, 22.5, 0],
							"uv": {
								"north": {"uv": [0, 8], "uv_size": [13, 7]},
								"east": {"uv": [0, 0], "uv_size": [1, 1]},
								"south": {"uv": [0, 8], "uv_size": [13, 7]},
								"west": {"uv": [0, 0], "uv_size": [1, 1]},
								"up": {"uv": [1, 1], "uv_size": [-1, -1]},
								"down": {"uv": [1, 1], "uv_size": [-1, -1]}
							}
						},
						{
							"origin": [-0.66453, 1.0956, -3.3408],
							"size": [1.32905, 8.2088, 6.6816],
							"uv": {
								"north": {"uv": [0, 8], "uv_size": [13, 7]},
								"east": {"uv": [0, 0], "uv_size": [1, 1]},
								"south": {"uv": [0, 8], "uv_size": [13, 7]},
								"west": {"uv": [0, 0], "uv_size": [1, 1]},
								"up": {"uv": [1, 1], "uv_size": [-1, -1]},
								"down": {"uv": [1, 1], "uv_size": [-1, -1]}
							}
						},
						{
							"origin": [-0.66453, 1.0956, -3.3408],
							"size": [1.32905, 8.2088, 6.6816],
							"pivot": [0, 2.2, 0],
							"rotation": [0, -22.5, 0],
							"uv": {
								"north": {"uv": [13, 8], "uv_size": [1, 7]},
								"east": {"uv": [0, 0], "uv_size": [1, 1]},
								"south": {"uv": [0, 8], "uv_size": [13, 7]},
								"west": {"uv": [0, 0], "uv_size": [1, 1]},
								"up": {"uv": [1, 1], "uv_size": [-1, -1]},
								"down": {"uv": [1, 1], "uv_size": [-1, -1]}
							}
						},
						{
							"origin": [-0.66453, 1.0956, -3.3408],
							"size": [1.32905, 8.2088, 6.6816],
							"pivot": [0, 2.2, 0],
							"rotation": [0, -45, 0],
							"uv": {
								"north": {"uv": [0, 8], "uv_size": [13, 7]},
								"east": {"uv": [0, 0], "uv_size": [1, 1]},
								"south": {"uv": [0, 8], "uv_size": [13, 7]},
								"west": {"uv": [0, 0], "uv_size": [1, 1]},
								"up": {"uv": [1, 1], "uv_size": [-1, -1]},
								"down": {"uv": [1, 1], "uv_size": [-1, -1]}
							}
						},
						{
							"origin": [-3.3408, 1.0956, -0.66453],
							"size": [6.6816, 8.2088, 1.32905],
							"pivot": [0, 2.2, 0],
							"rotation": [0, 22.5, 0],
							"uv": {
								"north": {"uv": [0, 8], "uv_size": [13, 7]},
								"east": {"uv": [0, 8], "uv_size": [13, 7]},
								"south": {"uv": [0, 0], "uv_size": [1, 1]},
								"west": {"uv": [0, 8], "uv_size": [13, 7]},
								"up": {"uv": [1, 1], "uv_size": [-1, -1]},
								"down": {"uv": [1, 1], "uv_size": [-1, -1]}
							}
						},
						{
							"origin": [-3.3408, 1.0956, -0.66453],
							"size": [6.6816, 8.2088, 1.32905],
							"uv": {
								"north": {"uv": [0, 8], "uv_size": [13, 7]},
								"east": {"uv": [0, 8], "uv_size": [13, 7]},
								"south": {"uv": [0, 0], "uv_size": [1, 1]},
								"west": {"uv": [0, 8], "uv_size": [13, 7]},
								"up": {"uv": [1, 1], "uv_size": [-1, -1]},
								"down": {"uv": [1, 1], "uv_size": [-1, -1]}
							}
						},
						{
							"origin": [-3.3408, 1.0956, -0.66453],
							"size": [6.6816, 8.2088, 1.32905],
							"pivot": [0, 2.2, 0],
							"rotation": [0, -22.5, 0],
							"uv": {
								"north": {"uv": [0, 8], "uv_size": [13, 7]},
								"east": {"uv": [0, 8], "uv_size": [13, 7]},
								"south": {"uv": [0, 0], "uv_size": [1, 1]},
								"west": {"uv": [0, 8], "uv_size": [13, 7]},
								"up": {"uv": [1, 1], "uv_size": [-1, -1]},
								"down": {"uv": [1, 1], "uv_size": [-1, -1]}
							}
						}
					]
				},
				{
					"name": "hexadecagon3",
					"pivot": [-8, 8, 8],
					"cubes": [
						{
							"origin": [-0.57287, 8.91, -2.88],
							"size": [1.14574, 1.18, 5.76],
							"pivot": [0, 9, 0],
							"rotation": [0, 45, 0],
							"uv": {
								"north": {"uv": [13, 1], "uv_size": [1, 1]},
								"east": {"uv": [0, 0], "uv_size": [1, 1]},
								"south": {"uv": [14, 1], "uv_size": [1, 1]},
								"west": {"uv": [0, 0], "uv_size": [1, 1]},
								"up": {"uv": [16, 2], "uv_size": [-1, -1]},
								"down": {"uv": [1, 1], "uv_size": [-1, -1]}
							}
						},
						{
							"origin": [-0.57287, 8.91, -2.88],
							"size": [1.14574, 1.18, 5.76],
							"pivot": [0, 9, 0],
							"rotation": [0, 22.5, 0],
							"uv": {
								"north": {"uv": [13, 1], "uv_size": [1, 1]},
								"east": {"uv": [0, 0], "uv_size": [1, 1]},
								"south": {"uv": [14, 1], "uv_size": [1, 1]},
								"west": {"uv": [0, 0], "uv_size": [1, 1]},
								"up": {"uv": [16, 2], "uv_size": [-1, -1]},
								"down": {"uv": [1, 1], "uv_size": [-1, -1]}
							}
						},
						{
							"origin": [-0.57287, 8.91, -2.88],
							"size": [1.14574, 1.18, 5.76],
							"uv": {
								"north": {"uv": [13, 1], "uv_size": [1, 1]},
								"east": {"uv": [0, 0], "uv_size": [1, 1]},
								"south": {"uv": [14, 1], "uv_size": [1, 1]},
								"west": {"uv": [0, 0], "uv_size": [1, 1]},
								"up": {"uv": [16, 2], "uv_size": [-1, -1]},
								"down": {"uv": [1, 1], "uv_size": [-1, -1]}
							}
						},
						{
							"origin": [-0.57287, 8.91, -2.88],
							"size": [1.14574, 1.18, 5.76],
							"pivot": [0, 9, 0],
							"rotation": [0, -22.5, 0],
							"uv": {
								"north": {"uv": [13, 1], "uv_size": [1, 1]},
								"east": {"uv": [0, 0], "uv_size": [1, 1]},
								"south": {"uv": [14, 1], "uv_size": [1, 1]},
								"west": {"uv": [0, 0], "uv_size": [1, 1]},
								"up": {"uv": [16, 2], "uv_size": [-1, -1]},
								"down": {"uv": [1, 1], "uv_size": [-1, -1]}
							}
						},
						{
							"origin": [-0.57287, 8.91, -2.88],
							"size": [1.14574, 1.18, 5.76],
							"pivot": [0, 9, 0],
							"rotation": [0, -45, 0],
							"uv": {
								"north": {"uv": [13, 1], "uv_size": [1, 1]},
								"east": {"uv": [0, 0], "uv_size": [1, 1]},
								"south": {"uv": [14, 1], "uv_size": [1, 1]},
								"west": {"uv": [0, 0], "uv_size": [1, 1]},
								"up": {"uv": [16, 2], "uv_size": [-1, -1]},
								"down": {"uv": [1, 1], "uv_size": [-1, -1]}
							}
						},
						{
							"origin": [-2.88, 8.91, -0.57287],
							"size": [5.76, 1.18, 1.14574],
							"pivot": [0, 9, 0],
							"rotation": [0, 22.5, 0],
							"uv": {
								"north": {"uv": [13, 1], "uv_size": [1, 1]},
								"east": {"uv": [14, 1], "uv_size": [1, 1]},
								"south": {"uv": [0, 0], "uv_size": [1, 1]},
								"west": {"uv": [14, 1], "uv_size": [1, 1]},
								"up": {"uv": [16, 2], "uv_size": [-1, -1]},
								"down": {"uv": [1, 1], "uv_size": [-1, -1]}
							}
						},
						{
							"origin": [-2.88, 8.91, -0.57287],
							"size": [5.76, 1.18, 1.14574],
							"uv": {
								"north": {"uv": [13, 1], "uv_size": [1, 1]},
								"east": {"uv": [14, 1], "uv_size": [1, 1]},
								"south": {"uv": [0, 0], "uv_size": [1, 1]},
								"west": {"uv": [14, 1], "uv_size": [1, 1]},
								"up": {"uv": [16, 2], "uv_size": [-1, -1]},
								"down": {"uv": [1, 1], "uv_size": [-1, -1]}
							}
						},
						{
							"origin": [-2.88, 8.91, -0.57287],
							"size": [5.76, 1.18, 1.14574],
							"pivot": [0, 9, 0],
							"rotation": [0, -22.5, 0],
							"uv": {
								"north": {"uv": [13, 1], "uv_size": [1, 1]},
								"east": {"uv": [14, 1], "uv_size": [1, 1]},
								"south": {"uv": [0, 0], "uv_size": [1, 1]},
								"west": {"uv": [14, 1], "uv_size": [1, 1]},
								"up": {"uv": [16, 2], "uv_size": [-1, -1]},
								"down": {"uv": [1, 1], "uv_size": [-1, -1]}
							}
						}
					]
				},
				{
					"name": "hexadecagon4",
					"pivot": [-8, 8, 8],
					"cubes": [
						{
							"origin": [-0.16361, 9.1911, -0.82253],
							"size": [0.32722, 2.01701, 1.64506],
							"pivot": [0, 9.2168, 0],
							"rotation": [0, 45, 0],
							"uv": {
								"north": {"uv": [5, 0], "uv_size": [1, 2]},
								"east": {"uv": [0, 0], "uv_size": [1, 1]},
								"south": {"uv": [5, 0], "uv_size": [1, 1]},
								"west": {"uv": [0, 0], "uv_size": [1, 1]},
								"up": {"uv": [6, 1], "uv_size": [-1, -1]},
								"down": {"uv": [1, 1], "uv_size": [-1, -1]}
							}
						},
						{
							"origin": [-0.16361, 9.1911, -0.82253],
							"size": [0.32722, 2.01701, 1.64506],
							"pivot": [0, 9.2168, 0],
							"rotation": [0, 22.5, 0],
							"uv": {
								"north": {"uv": [5, 0], "uv_size": [1, 2]},
								"east": {"uv": [0, 0], "uv_size": [1, 1]},
								"south": {"uv": [5, 0], "uv_size": [1, 1]},
								"west": {"uv": [0, 0], "uv_size": [1, 1]},
								"up": {"uv": [6, 1], "uv_size": [-1, -1]},
								"down": {"uv": [1, 1], "uv_size": [-1, -1]}
							}
						},
						{
							"origin": [-0.16361, 9.1911, -0.82253],
							"size": [0.32722, 2.01701, 1.64506],
							"uv": {
								"north": {"uv": [5, 0], "uv_size": [1, 2]},
								"east": {"uv": [0, 0], "uv_size": [1, 1]},
								"south": {"uv": [5, 0], "uv_size": [1, 1]},
								"west": {"uv": [0, 0], "uv_size": [1, 1]},
								"up": {"uv": [6, 1], "uv_size": [-1, -1]},
								"down": {"uv": [1, 1], "uv_size": [-1, -1]}
							}
						},
						{
							"origin": [-0.16361, 9.1911, -0.82253],
							"size": [0.32722, 2.01701, 1.64506],
							"pivot": [0, 9.2168, 0],
							"rotation": [0, -22.5, 0],
							"uv": {
								"north": {"uv": [5, 0], "uv_size": [1, 2]},
								"east": {"uv": [0, 0], "uv_size": [1, 1]},
								"south": {"uv": [5, 0], "uv_size": [1, 1]},
								"west": {"uv": [0, 0], "uv_size": [1, 1]},
								"up": {"uv": [6, 1], "uv_size": [-1, -1]},
								"down": {"uv": [1, 1], "uv_size": [-1, -1]}
							}
						},
						{
							"origin": [-0.16361, 9.1911, -0.82253],
							"size": [0.32722, 2.01701, 1.64506],
							"pivot": [0, 9.2168, 0],
							"rotation": [0, -45, 0],
							"uv": {
								"north": {"uv": [5, 0], "uv_size": [1, 2]},
								"east": {"uv": [0, 0], "uv_size": [1, 1]},
								"south": {"uv": [5, 0], "uv_size": [1, 1]},
								"west": {"uv": [0, 0], "uv_size": [1, 1]},
								"up": {"uv": [6, 1], "uv_size": [-1, -1]},
								"down": {"uv": [1, 1], "uv_size": [-1, -1]}
							}
						},
						{
							"origin": [-0.82253, 9.1911, -0.16361],
							"size": [1.64506, 2.01701, 0.32722],
							"pivot": [0, 9.2168, 0],
							"rotation": [0, 22.5, 0],
							"uv": {
								"north": {"uv": [5, 0], "uv_size": [1, 2]},
								"east": {"uv": [5, 0], "uv_size": [1, 1]},
								"south": {"uv": [0, 0], "uv_size": [1, 1]},
								"west": {"uv": [5, 0], "uv_size": [1, 1]},
								"up": {"uv": [6, 1], "uv_size": [-1, -1]},
								"down": {"uv": [1, 1], "uv_size": [-1, -1]}
							}
						},
						{
							"origin": [-0.82253, 9.1911, -0.16361],
							"size": [1.64506, 2.01701, 0.32722],
							"uv": {
								"north": {"uv": [5, 0], "uv_size": [1, 2]},
								"east": {"uv": [5, 0], "uv_size": [1, 1]},
								"south": {"uv": [0, 0], "uv_size": [1, 1]},
								"west": {"uv": [5, 0], "uv_size": [1, 1]},
								"up": {"uv": [6, 1], "uv_size": [-1, -1]},
								"down": {"uv": [1, 1], "uv_size": [-1, -1]}
							}
						},
						{
							"origin": [-0.82253, 9.1911, -0.16361],
							"size": [1.64506, 2.01701, 0.32722],
							"pivot": [0, 9.2168, 0],
							"rotation": [0, -22.5, 0],
							"uv": {
								"north": {"uv": [5, 0], "uv_size": [1, 2]},
								"east": {"uv": [5, 0], "uv_size": [1, 1]},
								"south": {"uv": [0, 0], "uv_size": [1, 1]},
								"west": {"uv": [5, 0], "uv_size": [1, 1]},
								"up": {"uv": [6, 1], "uv_size": [-1, -1]},
								"down": {"uv": [1, 1], "uv_size": [-1, -1]}
							}
						}
					]
				},
				{
					"name": "hexadecagon5",
					"pivot": [-8, 8, 8],
					"cubes": [
						{
							"origin": [-4.31301, 7.82403, -0.34474],
							"size": [0.96862, 0.68947, 0.68947],
							"pivot": [-5.5387, -2.51805, 0],
							"rotation": [0, 0, -10],
							"uv": {
								"north": {"uv": [4, 0], "uv_size": [1, 1]},
								"east": {"uv": [4, 0], "uv_size": [1, 1]},
								"south": {"uv": [4, 0], "uv_size": [1, 1]},
								"west": {"uv": [0, 0], "uv_size": [1, 1]},
								"up": {"uv": [5, 1], "uv_size": [-1, -1]},
								"down": {"uv": [5, 1], "uv_size": [-1, -1]}
							}
						},
						{
							"origin": [-8.60662, 8.57382, -0.34474],
							"size": [2.10862, 0.68947, 0.68947],
							"pivot": [-8.69231, -1.76826, 0],
							"rotation": [0, 0, 17.5],
							"uv": {
								"north": {"uv": [4, 0], "uv_size": [1, 1]},
								"east": {"uv": [0, 0], "uv_size": [1, 1]},
								"south": {"uv": [4, 0], "uv_size": [1, 1]},
								"west": {"uv": [0, 0], "uv_size": [1, 1]},
								"up": {"uv": [5, 1], "uv_size": [-1, -1]},
								"down": {"uv": [5, 1], "uv_size": [-1, -1]}
							}
						},
						{
							"origin": [-2.29232, -0.35031, -0.34474],
							"size": [0.68947, 4.38862, 0.68947],
							"pivot": [-12.6344, 1.844, 0],
							"rotation": [0, 0, -22.5],
							"uv": {
								"north": {"uv": [4, 0], "uv_size": [1, 1]},
								"east": {"uv": [4, 0], "uv_size": [1, 1]},
								"south": {"uv": [4, 0], "uv_size": [1, 1]},
								"west": {"uv": [0, 0], "uv_size": [1, 1]},
								"up": {"uv": [5, 1], "uv_size": [-1, -1]},
								"down": {"uv": [5, 1], "uv_size": [-1, -1]}
							}
						}
					]
				},
				{
					"name": "hexadecagon6",
					"pivot": [-8, 8, 8],
					"cubes": [
						{
							"origin": [-2.42171, 0.2894, -0.2288],
							"size": [2.91271, 0.4576, 0.4576],
							"pivot": [-0.96535, 7.611, 0],
							"rotation": [0, 0, -45],
							"uv": {
								"north": {"uv": [0, 0], "uv_size": [1, 1]},
								"east": {"uv": [0, 0], "uv_size": [1, 1]},
								"south": {"uv": [0, 0], "uv_size": [1, 1]},
								"west": {"uv": [0, 0], "uv_size": [1, 1]},
								"up": {"uv": [1, 1], "uv_size": [-1, -1]},
								"down": {"uv": [1, 1], "uv_size": [-1, -1]}
							}
						},
						{
							"origin": [-2.42171, 9.093, -0.2288],
							"size": [2.91271, 0.4576, 0.4576],
							"pivot": [-0.96535, 2.229, 0],
							"rotation": [0, 0, 45],
							"uv": {
								"north": {"uv": [0, 0], "uv_size": [1, 1]},
								"east": {"uv": [0, 0], "uv_size": [1, 1]},
								"south": {"uv": [0, 0], "uv_size": [1, 1]},
								"west": {"uv": [0, 0], "uv_size": [1, 1]},
								"up": {"uv": [1, 1], "uv_size": [-1, -1]},
								"down": {"uv": [1, 1], "uv_size": [-1, -1]}
							}
						},
						{
							"origin": [4.784, 3.46364, -0.2288],
							"size": [0.4576, 2.91271, 0.4576],
							"uv": {
								"north": {"uv": [0, 0], "uv_size": [1, 1]},
								"east": {"uv": [0, 0], "uv_size": [1, 1]},
								"south": {"uv": [0, 0], "uv_size": [1, 1]},
								"west": {"uv": [0, 0], "uv_size": [1, 1]},
								"up": {"uv": [1, 1], "uv_size": [-1, -1]},
								"down": {"uv": [1, 1], "uv_size": [-1, -1]}
							}
						}
					]
				}
			]
		}
	]
}