{
	"format_version": "1.12.0",
	"minecraft:geometry": [
		{
			"description": {
				"identifier": "geometry.pa_parasol04",
				"texture_width": 16,
				"texture_height": 16,
				"visible_bounds_width": 6,
				"visible_bounds_height": 5.5,
				"visible_bounds_offset": [0, 2.25, 0]
			},
			"bones": [
				{
					"name": "octagon",
					"pivot": [-8, 8, 8],
					"cubes": [
						{
							"origin": [-12.56285, 50.44246, -29.61997],
							"size": [23.45987, 3.53983, 5.30971],
							"pivot": [-0.83291, 53.09733, -1.30141],
							"rotation": [0, -22.5, 0],
							"uv": {
								"north": {"uv": [9, 14], "uv_size": [6, 2]},
								"east": {"uv": [8.625, 0.75], "uv_size": [1, 1]},
								"south": {"uv": [9.625, 1.25], "uv_size": [1, 1]},
								"west": {"uv": [8.625, 0.75], "uv_size": [1, 1]},
								"up": {"uv": [7.75, 8], "uv_size": [-7.75, -8]},
								"down": {"uv": [11.375, 4.125], "uv_size": [-1, -1]}
							}
						},
						{
							"origin": [-12.56285, 50.44246, -29.61997],
							"size": [23.45987, 3.53983, 5.30971],
							"pivot": [-0.83291, 53.09733, -1.30141],
							"rotation": [0, 22.5, 0],
							"uv": {
								"north": {"uv": [9, 14], "uv_size": [6, 2]},
								"east": {"uv": [8.625, 0.75], "uv_size": [1, 1]},
								"south": {"uv": [9.625, 1.25], "uv_size": [1, 1]},
								"west": {"uv": [8.625, 0.75], "uv_size": [1, 1]},
								"up": {"uv": [7.75, 8], "uv_size": [-7.75, -8]},
								"down": {"uv": [11.375, 4.125], "uv_size": [-1, -1]}
							}
						},
						{
							"origin": [-12.56285, 50.44246, 21.70744],
							"size": [23.45987, 3.53983, 5.30971],
							"pivot": [-0.83291, 53.09733, -1.30141],
							"rotation": [0, -22.5, 0],
							"uv": {
								"north": {"uv": [9.625, 1.25], "uv_size": [1, 1]},
								"east": {"uv": [8.625, 0.75], "uv_size": [1, 1]},
								"south": {"uv": [9, 14], "uv_size": [6, 2]},
								"west": {"uv": [8.625, 0.75], "uv_size": [1, 1]},
								"up": {"uv": [7.75, 8], "uv_size": [-7.75, -8]},
								"down": {"uv": [11.375, 4.125], "uv_size": [-1, -1]}
							}
						},
						{
							"origin": [-12.56285, 50.44246, 21.70744],
							"size": [23.45987, 3.53983, 5.30971],
							"pivot": [-0.83291, 53.09733, -1.30141],
							"rotation": [0, 22.5, 0],
							"uv": {
								"north": {"uv": [9.625, 1.25], "uv_size": [1, 1]},
								"east": {"uv": [8.625, 0.75], "uv_size": [1, 1]},
								"south": {"uv": [9, 14], "uv_size": [6, 2]},
								"west": {"uv": [8.625, 0.75], "uv_size": [1, 1]},
								"up": {"uv": [7.75, 8], "uv_size": [-7.75, -8]},
								"down": {"uv": [11.375, 4.125], "uv_size": [-1, -1]}
							}
						},
						{
							"origin": [22.17595, 50.44246, -13.03136],
							"size": [5.30971, 3.53983, 23.45987],
							"pivot": [-0.83291, 53.09733, -1.30141],
							"rotation": [0, -22.5, 0],
							"uv": {
								"north": {"uv": [8.625, 0.75], "uv_size": [1, 1]},
								"east": {"uv": [9.625, 1.25], "uv_size": [1, 1]},
								"south": {"uv": [8.625, 0.75], "uv_size": [1, 1]},
								"west": {"uv": [9, 14], "uv_size": [6, 2]},
								"up": {"uv": [7.75, 8], "uv_size": [-7.75, -8]},
								"down": {"uv": [11.375, 4.125], "uv_size": [-1, -1]}
							}
						},
						{
							"origin": [22.17595, 50.44246, -13.03136],
							"size": [5.30971, 3.53983, 23.45987],
							"pivot": [-0.83291, 53.09733, -1.30141],
							"rotation": [0, 22.5, 0],
							"uv": {
								"north": {"uv": [8.625, 0.75], "uv_size": [1, 1]},
								"east": {"uv": [9.625, 1.25], "uv_size": [1, 1]},
								"south": {"uv": [8.625, 0.75], "uv_size": [1, 1]},
								"west": {"uv": [9, 14], "uv_size": [6, 2]},
								"up": {"uv": [7.75, 8], "uv_size": [-7.75, -8]},
								"down": {"uv": [11.375, 4.125], "uv_size": [-1, -1]}
							}
						},
						{
							"origin": [-29.15149, 50.44246, -13.03136],
							"size": [5.30971, 3.53983, 23.45987],
							"pivot": [-0.83291, 53.09733, -1.30141],
							"rotation": [0, -22.5, 0],
							"uv": {
								"north": {"uv": [8.625, 0.75], "uv_size": [1, 1]},
								"east": {"uv": [9, 14], "uv_size": [6, 2]},
								"south": {"uv": [8.625, 0.75], "uv_size": [1, 1]},
								"west": {"uv": [9.625, 1.25], "uv_size": [1, 1]},
								"up": {"uv": [7.75, 8], "uv_size": [-7.75, -8]},
								"down": {"uv": [11.375, 4.125], "uv_size": [-1, -1]}
							}
						},
						{
							"origin": [-29.15149, 50.44246, -13.03136],
							"size": [5.30971, 3.53983, 23.45987],
							"pivot": [-0.83291, 53.09733, -1.30141],
							"rotation": [0, 22.5, 0],
							"uv": {
								"north": {"uv": [8.625, 0.75], "uv_size": [1, 1]},
								"east": {"uv": [9, 14], "uv_size": [6, 2]},
								"south": {"uv": [8.625, 0.75], "uv_size": [1, 1]},
								"west": {"uv": [9.625, 1.25], "uv_size": [1, 1]},
								"up": {"uv": [7.75, 8], "uv_size": [-7.75, -8]},
								"down": {"uv": [11.375, 4.125], "uv_size": [-1, -1]}
							}
						}
					]
				},
				{
					"name": "octagon2",
					"pivot": [-8, 8, 8],
					"cubes": [
						{
							"origin": [-11.22094, 53.88106, -26.38034],
							"size": [20.77606, 1.56744, 4.70231],
							"pivot": [-0.83291, 54.66478, -1.30141],
							"rotation": [0, -22.5, 0],
							"uv": {
								"north": {"uv": [0, 0], "uv_size": [1, 1]},
								"east": {"uv": [0, 0], "uv_size": [8, 7.875]},
								"south": {"uv": [0, 0], "uv_size": [1, 1]},
								"west": {"uv": [0, 0], "uv_size": [1, 1]},
								"up": {"uv": [7.875, 7.875], "uv_size": [-7.875, -7.875]},
								"down": {"uv": [1, 1], "uv_size": [-1, -1]}
							}
						},
						{
							"origin": [-11.22094, 53.88106, -26.38034],
							"size": [20.77606, 1.56744, 4.70231],
							"pivot": [-0.83291, 54.66478, -1.30141],
							"rotation": [0, 22.5, 0],
							"uv": {
								"north": {"uv": [0, 0], "uv_size": [1, 1]},
								"east": {"uv": [0, 0], "uv_size": [8, 7.875]},
								"south": {"uv": [0, 0], "uv_size": [1, 1]},
								"west": {"uv": [0, 0], "uv_size": [1, 1]},
								"up": {"uv": [7.875, 7.875], "uv_size": [-7.875, -7.875]},
								"down": {"uv": [1, 1], "uv_size": [-1, -1]}
							}
						},
						{
							"origin": [-11.22094, 53.88106, 19.07522],
							"size": [20.77606, 1.56744, 4.7023],
							"pivot": [-0.83291, 54.66478, -1.30141],
							"rotation": [0, -22.5, 0],
							"uv": {
								"north": {"uv": [0, 0], "uv_size": [1, 1]},
								"east": {"uv": [0, 0], "uv_size": [8, 7.875]},
								"south": {"uv": [0, 0], "uv_size": [1, 1]},
								"west": {"uv": [0, 0], "uv_size": [1, 1]},
								"up": {"uv": [7.875, 7.875], "uv_size": [-7.875, -7.875]},
								"down": {"uv": [1, 1], "uv_size": [-1, -1]}
							}
						},
						{
							"origin": [-11.22094, 53.88106, 19.07522],
							"size": [20.77606, 1.56744, 4.7023],
							"pivot": [-0.83291, 54.66478, -1.30141],
							"rotation": [0, 22.5, 0],
							"uv": {
								"north": {"uv": [0, 0], "uv_size": [1, 1]},
								"east": {"uv": [0, 0], "uv_size": [8, 7.875]},
								"south": {"uv": [0, 0], "uv_size": [1, 1]},
								"west": {"uv": [0, 0], "uv_size": [1, 1]},
								"up": {"uv": [7.875, 7.875], "uv_size": [-7.875, -7.875]},
								"down": {"uv": [1, 1], "uv_size": [-1, -1]}
							}
						},
						{
							"origin": [19.54374, 53.88106, -11.68944],
							"size": [4.70231, 1.56744, 20.77606],
							"pivot": [-0.83291, 54.66478, -1.30141],
							"rotation": [0, -22.5, 0],
							"uv": {
								"north": {"uv": [0, 0], "uv_size": [1, 1]},
								"east": {"uv": [0, 0], "uv_size": [8, 7.875]},
								"south": {"uv": [0, 0], "uv_size": [1, 1]},
								"west": {"uv": [0, 0], "uv_size": [1, 1]},
								"up": {"uv": [7.875, 7.875], "uv_size": [-7.875, -7.875]},
								"down": {"uv": [1, 1], "uv_size": [-1, -1]}
							}
						},
						{
							"origin": [19.54374, 53.88106, -11.68944],
							"size": [4.70231, 1.56744, 20.77606],
							"pivot": [-0.83291, 54.66478, -1.30141],
							"rotation": [0, 22.5, 0],
							"uv": {
								"north": {"uv": [0, 0], "uv_size": [1, 1]},
								"east": {"uv": [0, 0], "uv_size": [8, 7.875]},
								"south": {"uv": [0, 0], "uv_size": [1, 1]},
								"west": {"uv": [0, 0], "uv_size": [1, 1]},
								"up": {"uv": [7.875, 7.875], "uv_size": [-7.875, -7.875]},
								"down": {"uv": [1, 1], "uv_size": [-1, -1]}
							}
						},
						{
							"origin": [-25.91185, 53.88106, -11.68944],
							"size": [4.70231, 1.56744, 20.77606],
							"pivot": [-0.83291, 54.66478, -1.30141],
							"rotation": [0, -22.5, 0],
							"uv": {
								"north": {"uv": [0, 0], "uv_size": [1, 1]},
								"east": {"uv": [0, 0], "uv_size": [8, 7.875]},
								"south": {"uv": [0, 0], "uv_size": [1, 1]},
								"west": {"uv": [0, 0], "uv_size": [1, 1]},
								"up": {"uv": [7.875, 7.875], "uv_size": [-7.875, -7.875]},
								"down": {"uv": [1, 1], "uv_size": [-1, -1]}
							}
						},
						{
							"origin": [-25.91185, 53.88106, -11.68944],
							"size": [4.70231, 1.56744, 20.77606],
							"pivot": [-0.83291, 54.66478, -1.30141],
							"rotation": [0, 22.5, 0],
							"uv": {
								"north": {"uv": [0, 0], "uv_size": [1, 1]},
								"east": {"uv": [0, 0], "uv_size": [8, 7.875]},
								"south": {"uv": [0, 0], "uv_size": [1, 1]},
								"west": {"uv": [0, 0], "uv_size": [1, 1]},
								"up": {"uv": [7.875, 7.875], "uv_size": [-7.875, -7.875]},
								"down": {"uv": [1, 1], "uv_size": [-1, -1]}
							}
						}
					]
				},
				{
					"name": "octagon3",
					"pivot": [-8, 8, 8],
					"cubes": [
						{
							"origin": [-9.7666, 55.29348, -22.86929],
							"size": [17.86743, 1.34799, 4.04397],
							"pivot": [-0.83291, 55.96745, -1.30141],
							"rotation": [0, -22.5, 0],
							"uv": {
								"north": {"uv": [0, 0], "uv_size": [1, 1]},
								"east": {"uv": [0, 0], "uv_size": [7.875, 8]},
								"south": {"uv": [0, 0], "uv_size": [1, 1]},
								"west": {"uv": [0, 0], "uv_size": [1, 1]},
								"up": {"uv": [7.875, 7.875], "uv_size": [-7.875, -7.875]},
								"down": {"uv": [1, 1], "uv_size": [-1, -1]}
							}
						},
						{
							"origin": [-9.7666, 55.29348, -22.86929],
							"size": [17.86743, 1.34799, 4.04397],
							"pivot": [-0.83291, 55.96745, -1.30141],
							"rotation": [0, 22.5, 0],
							"uv": {
								"north": {"uv": [0, 0], "uv_size": [1, 1]},
								"east": {"uv": [0, 0], "uv_size": [7.875, 8]},
								"south": {"uv": [0, 0], "uv_size": [1, 1]},
								"west": {"uv": [0, 0], "uv_size": [1, 1]},
								"up": {"uv": [7.875, 7.875], "uv_size": [-7.875, -7.875]},
								"down": {"uv": [1, 1], "uv_size": [-1, -1]}
							}
						},
						{
							"origin": [-9.7666, 55.29348, 16.2225],
							"size": [17.86743, 1.34799, 4.04397],
							"pivot": [-0.83291, 55.96745, -1.30141],
							"rotation": [0, -22.5, 0],
							"uv": {
								"north": {"uv": [0, 0], "uv_size": [1, 1]},
								"east": {"uv": [0, 0], "uv_size": [7.875, 8]},
								"south": {"uv": [0, 0], "uv_size": [1, 1]},
								"west": {"uv": [0, 0], "uv_size": [1, 1]},
								"up": {"uv": [7.875, 7.875], "uv_size": [-7.875, -7.875]},
								"down": {"uv": [1, 1], "uv_size": [-1, -1]}
							}
						},
						{
							"origin": [-9.7666, 55.29348, 16.2225],
							"size": [17.86743, 1.34799, 4.04397],
							"pivot": [-0.83291, 55.96745, -1.30141],
							"rotation": [0, 22.5, 0],
							"uv": {
								"north": {"uv": [0, 0], "uv_size": [1, 1]},
								"east": {"uv": [0, 0], "uv_size": [7.875, 8]},
								"south": {"uv": [0, 0], "uv_size": [1, 1]},
								"west": {"uv": [0, 0], "uv_size": [1, 1]},
								"up": {"uv": [7.875, 7.875], "uv_size": [-7.875, -7.875]},
								"down": {"uv": [1, 1], "uv_size": [-1, -1]}
							}
						},
						{
							"origin": [16.69101, 55.29348, -10.23511],
							"size": [4.04397, 1.34799, 17.86743],
							"pivot": [-0.83291, 55.96745, -1.30141],
							"rotation": [0, -22.5, 0],
							"uv": {
								"north": {"uv": [0, 0], "uv_size": [1, 1]},
								"east": {"uv": [0, 0], "uv_size": [7.875, 8]},
								"south": {"uv": [0, 0], "uv_size": [1, 1]},
								"west": {"uv": [0, 0], "uv_size": [1, 1]},
								"up": {"uv": [7.875, 7.875], "uv_size": [-7.875, -7.875]},
								"down": {"uv": [1, 1], "uv_size": [-1, -1]}
							}
						},
						{
							"origin": [16.69101, 55.29348, -10.23511],
							"size": [4.04397, 1.34799, 17.86743],
							"pivot": [-0.83291, 55.96745, -1.30141],
							"rotation": [0, 22.5, 0],
							"uv": {
								"north": {"uv": [0, 0], "uv_size": [1, 1]},
								"east": {"uv": [0, 0], "uv_size": [7.875, 8]},
								"south": {"uv": [0, 0], "uv_size": [1, 1]},
								"west": {"uv": [0, 0], "uv_size": [1, 1]},
								"up": {"uv": [7.875, 7.875], "uv_size": [-7.875, -7.875]},
								"down": {"uv": [1, 1], "uv_size": [-1, -1]}
							}
						},
						{
							"origin": [-22.40078, 55.29348, -10.23511],
							"size": [4.04397, 1.34799, 17.86743],
							"pivot": [-0.83291, 55.96745, -1.30141],
							"rotation": [0, -22.5, 0],
							"uv": {
								"north": {"uv": [0, 0], "uv_size": [1, 1]},
								"east": {"uv": [0, 0], "uv_size": [7.875, 8]},
								"south": {"uv": [0, 0], "uv_size": [1, 1]},
								"west": {"uv": [0, 0], "uv_size": [1, 1]},
								"up": {"uv": [7.875, 7.875], "uv_size": [-7.875, -7.875]},
								"down": {"uv": [1, 1], "uv_size": [-1, -1]}
							}
						},
						{
							"origin": [-22.40078, 55.29348, -10.23511],
							"size": [4.04397, 1.34799, 17.86743],
							"pivot": [-0.83291, 55.96745, -1.30141],
							"rotation": [0, 22.5, 0],
							"uv": {
								"north": {"uv": [0, 0], "uv_size": [1, 1]},
								"east": {"uv": [0, 0], "uv_size": [7.875, 8]},
								"south": {"uv": [0, 0], "uv_size": [1, 1]},
								"west": {"uv": [0, 0], "uv_size": [1, 1]},
								"up": {"uv": [7.875, 7.875], "uv_size": [-7.875, -7.875]},
								"down": {"uv": [1, 1], "uv_size": [-1, -1]}
							}
						}
					]
				},
				{
					"name": "octagon4",
					"pivot": [-8, 8, 8],
					"cubes": [
						{
							"origin": [-8.51588, 56.50814, -19.84979],
							"size": [15.36596, 1.15928, 3.47783],
							"pivot": [-0.83291, 57.08775, -1.30141],
							"rotation": [0, -22.5, 0],
							"uv": {
								"north": {"uv": [0, 0], "uv_size": [1, 1]},
								"east": {"uv": [0, 0], "uv_size": [7.875, 8]},
								"south": {"uv": [0, 0], "uv_size": [1, 1]},
								"west": {"uv": [0, 0], "uv_size": [1, 1]},
								"up": {"uv": [7.875, 7.875], "uv_size": [-7.875, -7.875]},
								"down": {"uv": [1, 1], "uv_size": [-1, -1]}
							}
						},
						{
							"origin": [-8.51588, 56.50814, -19.84979],
							"size": [15.36596, 1.15928, 3.47783],
							"pivot": [-0.83291, 57.08775, -1.30141],
							"rotation": [0, 22.5, 0],
							"uv": {
								"north": {"uv": [0, 0], "uv_size": [1, 1]},
								"east": {"uv": [0, 0], "uv_size": [7.875, 8]},
								"south": {"uv": [0, 0], "uv_size": [1, 1]},
								"west": {"uv": [0, 0], "uv_size": [1, 1]},
								"up": {"uv": [7.875, 7.875], "uv_size": [-7.875, -7.875]},
								"down": {"uv": [1, 1], "uv_size": [-1, -1]}
							}
						},
						{
							"origin": [-8.51588, 56.50814, 13.76915],
							"size": [15.36596, 1.15928, 3.47783],
							"pivot": [-0.83291, 57.08775, -1.30141],
							"rotation": [0, -22.5, 0],
							"uv": {
								"north": {"uv": [0, 0], "uv_size": [1, 1]},
								"east": {"uv": [0, 0], "uv_size": [7.875, 8]},
								"south": {"uv": [0, 0], "uv_size": [1, 1]},
								"west": {"uv": [0, 0], "uv_size": [1, 1]},
								"up": {"uv": [7.875, 7.875], "uv_size": [-7.875, -7.875]},
								"down": {"uv": [1, 1], "uv_size": [-1, -1]}
							}
						},
						{
							"origin": [-8.51588, 56.50814, 13.76915],
							"size": [15.36596, 1.15928, 3.47783],
							"pivot": [-0.83291, 57.08775, -1.30141],
							"rotation": [0, 22.5, 0],
							"uv": {
								"north": {"uv": [0, 0], "uv_size": [1, 1]},
								"east": {"uv": [0, 0], "uv_size": [7.875, 8]},
								"south": {"uv": [0, 0], "uv_size": [1, 1]},
								"west": {"uv": [0, 0], "uv_size": [1, 1]},
								"up": {"uv": [7.875, 7.875], "uv_size": [-7.875, -7.875]},
								"down": {"uv": [1, 1], "uv_size": [-1, -1]}
							}
						},
						{
							"origin": [14.23765, 56.50814, -8.98437],
							"size": [3.47783, 1.15928, 15.36596],
							"pivot": [-0.83291, 57.08775, -1.30141],
							"rotation": [0, -22.5, 0],
							"uv": {
								"north": {"uv": [0, 0], "uv_size": [1, 1]},
								"east": {"uv": [0, 0], "uv_size": [7.875, 8]},
								"south": {"uv": [0, 0], "uv_size": [1, 1]},
								"west": {"uv": [0, 0], "uv_size": [1, 1]},
								"up": {"uv": [7.875, 7.875], "uv_size": [-7.875, -7.875]},
								"down": {"uv": [1, 1], "uv_size": [-1, -1]}
							}
						},
						{
							"origin": [14.23765, 56.50814, -8.98437],
							"size": [3.47783, 1.15928, 15.36596],
							"pivot": [-0.83291, 57.08775, -1.30141],
							"rotation": [0, 22.5, 0],
							"uv": {
								"north": {"uv": [0, 0], "uv_size": [1, 1]},
								"east": {"uv": [0, 0], "uv_size": [7.875, 8]},
								"south": {"uv": [0, 0], "uv_size": [1, 1]},
								"west": {"uv": [0, 0], "uv_size": [1, 1]},
								"up": {"uv": [7.875, 7.875], "uv_size": [-7.875, -7.875]},
								"down": {"uv": [1, 1], "uv_size": [-1, -1]}
							}
						},
						{
							"origin": [-19.38127, 56.50814, -8.98437],
							"size": [3.47783, 1.15928, 15.36596],
							"pivot": [-0.83291, 57.08775, -1.30141],
							"rotation": [0, -22.5, 0],
							"uv": {
								"north": {"uv": [0, 0], "uv_size": [1, 1]},
								"east": {"uv": [0, 0], "uv_size": [7.875, 8]},
								"south": {"uv": [0, 0], "uv_size": [1, 1]},
								"west": {"uv": [0, 0], "uv_size": [1, 1]},
								"up": {"uv": [7.875, 7.875], "uv_size": [-7.875, -7.875]},
								"down": {"uv": [1, 1], "uv_size": [-1, -1]}
							}
						},
						{
							"origin": [-19.38127, 56.50814, -8.98437],
							"size": [3.47783, 1.15928, 15.36596],
							"pivot": [-0.83291, 57.08775, -1.30141],
							"rotation": [0, 22.5, 0],
							"uv": {
								"north": {"uv": [0, 0], "uv_size": [1, 1]},
								"east": {"uv": [0, 0], "uv_size": [7.875, 8]},
								"south": {"uv": [0, 0], "uv_size": [1, 1]},
								"west": {"uv": [0, 0], "uv_size": [1, 1]},
								"up": {"uv": [7.875, 7.875], "uv_size": [-7.875, -7.875]},
								"down": {"uv": [1, 1], "uv_size": [-1, -1]}
							}
						}
					]
				},
				{
					"name": "octagon5",
					"pivot": [-8, 8, 8],
					"cubes": [
						{
							"origin": [-7.13294, 57.34551, -16.51109],
							"size": [12.6001, 0.9506, 2.85181],
							"pivot": [-0.83291, 57.82081, -1.30141],
							"rotation": [0, -22.5, 0],
							"uv": {
								"north": {"uv": [0, 0], "uv_size": [1, 1]},
								"east": {"uv": [0, 0], "uv_size": [8, 1.875]},
								"south": {"uv": [0, 0], "uv_size": [1, 1]},
								"west": {"uv": [0, 0], "uv_size": [1, 1]},
								"up": {"uv": [7.875, 7.875], "uv_size": [-7.875, -7.875]},
								"down": {"uv": [1, 1], "uv_size": [-1, -1]}
							}
						},
						{
							"origin": [-7.13294, 57.34551, -16.51109],
							"size": [12.6001, 0.9506, 2.85181],
							"pivot": [-0.83291, 57.82081, -1.30141],
							"rotation": [0, 22.5, 0],
							"uv": {
								"north": {"uv": [0, 0], "uv_size": [1, 1]},
								"east": {"uv": [0, 0], "uv_size": [8, 1.875]},
								"south": {"uv": [0, 0], "uv_size": [1, 1]},
								"west": {"uv": [0, 0], "uv_size": [1, 1]},
								"up": {"uv": [7.875, 7.875], "uv_size": [-7.875, -7.875]},
								"down": {"uv": [1, 1], "uv_size": [-1, -1]}
							}
						},
						{
							"origin": [-7.13294, 57.34551, 11.05644],
							"size": [12.6001, 0.9506, 2.85181],
							"pivot": [-0.83291, 57.82081, -1.30141],
							"rotation": [0, -22.5, 0],
							"uv": {
								"north": {"uv": [0, 0], "uv_size": [1, 1]},
								"east": {"uv": [0, 0], "uv_size": [8, 1.875]},
								"south": {"uv": [0, 0], "uv_size": [1, 1]},
								"west": {"uv": [0, 0], "uv_size": [1, 1]},
								"up": {"uv": [7.875, 7.875], "uv_size": [-7.875, -7.875]},
								"down": {"uv": [1, 1], "uv_size": [-1, -1]}
							}
						},
						{
							"origin": [-7.13294, 57.34551, 11.05644],
							"size": [12.6001, 0.9506, 2.85181],
							"pivot": [-0.83291, 57.82081, -1.30141],
							"rotation": [0, 22.5, 0],
							"uv": {
								"north": {"uv": [0, 0], "uv_size": [1, 1]},
								"east": {"uv": [0, 0], "uv_size": [8, 1.875]},
								"south": {"uv": [0, 0], "uv_size": [1, 1]},
								"west": {"uv": [0, 0], "uv_size": [1, 1]},
								"up": {"uv": [7.875, 7.875], "uv_size": [-7.875, -7.875]},
								"down": {"uv": [1, 1], "uv_size": [-1, -1]}
							}
						},
						{
							"origin": [11.52498, 57.34551, -7.60146],
							"size": [2.85181, 0.9506, 12.6001],
							"pivot": [-0.83291, 57.82081, -1.30141],
							"rotation": [0, -22.5, 0],
							"uv": {
								"north": {"uv": [0, 0], "uv_size": [1, 1]},
								"east": {"uv": [0, 0], "uv_size": [8, 1.875]},
								"south": {"uv": [0, 0], "uv_size": [1, 1]},
								"west": {"uv": [0, 0], "uv_size": [1, 1]},
								"up": {"uv": [7.875, 7.875], "uv_size": [-7.875, -7.875]},
								"down": {"uv": [1, 1], "uv_size": [-1, -1]}
							}
						},
						{
							"origin": [11.52498, 57.34551, -7.60146],
							"size": [2.85181, 0.9506, 12.6001],
							"pivot": [-0.83291, 57.82081, -1.30141],
							"rotation": [0, 22.5, 0],
							"uv": {
								"north": {"uv": [0, 0], "uv_size": [1, 1]},
								"east": {"uv": [0, 0], "uv_size": [8, 1.875]},
								"south": {"uv": [0, 0], "uv_size": [1, 1]},
								"west": {"uv": [0, 0], "uv_size": [1, 1]},
								"up": {"uv": [7.875, 7.875], "uv_size": [-7.875, -7.875]},
								"down": {"uv": [1, 1], "uv_size": [-1, -1]}
							}
						},
						{
							"origin": [-16.04255, 57.34551, -7.60146],
							"size": [2.85181, 0.9506, 12.6001],
							"pivot": [-0.83291, 57.82081, -1.30141],
							"rotation": [0, -22.5, 0],
							"uv": {
								"north": {"uv": [0, 0], "uv_size": [1, 1]},
								"east": {"uv": [0, 0], "uv_size": [8, 1.875]},
								"south": {"uv": [0, 0], "uv_size": [1, 1]},
								"west": {"uv": [0, 0], "uv_size": [1, 1]},
								"up": {"uv": [7.875, 7.875], "uv_size": [-7.875, -7.875]},
								"down": {"uv": [1, 1], "uv_size": [-1, -1]}
							}
						},
						{
							"origin": [-16.04255, 57.34551, -7.60146],
							"size": [2.85181, 0.9506, 12.6001],
							"pivot": [-0.83291, 57.82081, -1.30141],
							"rotation": [0, 22.5, 0],
							"uv": {
								"north": {"uv": [0, 0], "uv_size": [1, 1]},
								"east": {"uv": [0, 0], "uv_size": [8, 1.875]},
								"south": {"uv": [0, 0], "uv_size": [1, 1]},
								"west": {"uv": [0, 0], "uv_size": [1, 1]},
								"up": {"uv": [7.875, 7.875], "uv_size": [-7.875, -7.875]},
								"down": {"uv": [1, 1], "uv_size": [-1, -1]}
							}
						}
					]
				},
				{
					"name": "octagon6",
					"pivot": [-8, 8, 8],
					"cubes": [
						{
							"origin": [-5.99894, 58.03217, -13.77333],
							"size": [10.33209, 0.77948, 2.33849],
							"pivot": [-0.83291, 58.42192, -1.30141],
							"rotation": [0, -22.5, 0],
							"uv": {
								"north": {"uv": [0, 0], "uv_size": [1, 1]},
								"east": {"uv": [0, 0], "uv_size": [1, 1]},
								"south": {"uv": [0, 0], "uv_size": [1, 1]},
								"west": {"uv": [0, 0], "uv_size": [1, 1]},
								"up": {"uv": [7.875, 7.875], "uv_size": [-7.875, -7.875]},
								"down": {"uv": [1, 1], "uv_size": [-1, -1]}
							}
						},
						{
							"origin": [-5.99894, 58.03217, -13.77333],
							"size": [10.33209, 0.77948, 2.33849],
							"pivot": [-0.83291, 58.42192, -1.30141],
							"rotation": [0, 22.5, 0],
							"uv": {
								"north": {"uv": [0, 0], "uv_size": [1, 1]},
								"east": {"uv": [0, 0], "uv_size": [1, 1]},
								"south": {"uv": [0, 0], "uv_size": [1, 1]},
								"west": {"uv": [0, 0], "uv_size": [1, 1]},
								"up": {"uv": [7.875, 7.875], "uv_size": [-7.875, -7.875]},
								"down": {"uv": [1, 1], "uv_size": [-1, -1]}
							}
						},
						{
							"origin": [-5.99894, 58.03217, 8.83205],
							"size": [10.33209, 0.77948, 2.33849],
							"pivot": [-0.83291, 58.42192, -1.30141],
							"rotation": [0, -22.5, 0],
							"uv": {
								"north": {"uv": [0, 0], "uv_size": [1, 1]},
								"east": {"uv": [0, 0], "uv_size": [1, 1]},
								"south": {"uv": [0, 0], "uv_size": [1, 1]},
								"west": {"uv": [0, 0], "uv_size": [1, 1]},
								"up": {"uv": [7.875, 7.875], "uv_size": [-7.875, -7.875]},
								"down": {"uv": [1, 1], "uv_size": [-1, -1]}
							}
						},
						{
							"origin": [-5.99894, 58.03217, 8.83205],
							"size": [10.33209, 0.77948, 2.33849],
							"pivot": [-0.83291, 58.42192, -1.30141],
							"rotation": [0, 22.5, 0],
							"uv": {
								"north": {"uv": [0, 0], "uv_size": [1, 1]},
								"east": {"uv": [0, 0], "uv_size": [1, 1]},
								"south": {"uv": [0, 0], "uv_size": [1, 1]},
								"west": {"uv": [0, 0], "uv_size": [1, 1]},
								"up": {"uv": [7.875, 7.875], "uv_size": [-7.875, -7.875]},
								"down": {"uv": [1, 1], "uv_size": [-1, -1]}
							}
						},
						{
							"origin": [9.30053, 58.03217, -6.46744],
							"size": [2.33849, 0.77948, 10.33209],
							"pivot": [-0.83291, 58.42192, -1.30141],
							"rotation": [0, -22.5, 0],
							"uv": {
								"north": {"uv": [0, 0], "uv_size": [1, 1]},
								"east": {"uv": [0, 0], "uv_size": [1, 1]},
								"south": {"uv": [0, 0], "uv_size": [1, 1]},
								"west": {"uv": [0, 0], "uv_size": [1, 1]},
								"up": {"uv": [7.875, 7.875], "uv_size": [-7.875, -7.875]},
								"down": {"uv": [1, 1], "uv_size": [-1, -1]}
							}
						},
						{
							"origin": [9.30053, 58.03217, -6.46744],
							"size": [2.33849, 0.77948, 10.33209],
							"pivot": [-0.83291, 58.42192, -1.30141],
							"rotation": [0, 22.5, 0],
							"uv": {
								"north": {"uv": [0, 0], "uv_size": [1, 1]},
								"east": {"uv": [0, 0], "uv_size": [1, 1]},
								"south": {"uv": [0, 0], "uv_size": [1, 1]},
								"west": {"uv": [0, 0], "uv_size": [1, 1]},
								"up": {"uv": [7.875, 7.875], "uv_size": [-7.875, -7.875]},
								"down": {"uv": [1, 1], "uv_size": [-1, -1]}
							}
						},
						{
							"origin": [-13.30482, 58.03217, -6.46744],
							"size": [2.33849, 0.77948, 10.33209],
							"pivot": [-0.83291, 58.42192, -1.30141],
							"rotation": [0, -22.5, 0],
							"uv": {
								"north": {"uv": [0, 0], "uv_size": [1, 1]},
								"east": {"uv": [0, 0], "uv_size": [1, 1]},
								"south": {"uv": [0, 0], "uv_size": [1, 1]},
								"west": {"uv": [0, 0], "uv_size": [1, 1]},
								"up": {"uv": [7.875, 7.875], "uv_size": [-7.875, -7.875]},
								"down": {"uv": [1, 1], "uv_size": [-1, -1]}
							}
						},
						{
							"origin": [-13.30482, 58.03217, -6.46744],
							"size": [2.33849, 0.77948, 10.33209],
							"pivot": [-0.83291, 58.42192, -1.30141],
							"rotation": [0, 22.5, 0],
							"uv": {
								"north": {"uv": [0, 0], "uv_size": [1, 1]},
								"east": {"uv": [0, 0], "uv_size": [1, 1]},
								"south": {"uv": [0, 0], "uv_size": [1, 1]},
								"west": {"uv": [0, 0], "uv_size": [1, 1]},
								"up": {"uv": [7.875, 7.875], "uv_size": [-7.875, -7.875]},
								"down": {"uv": [1, 1], "uv_size": [-1, -1]}
							}
						}
					]
				},
				{
					"name": "octagon7",
					"pivot": [-8, 8, 8],
					"cubes": [
						{
							"origin": [-5.29028, 58.81416, -12.06246],
							"size": [8.91476, 0.67256, 21.52213],
							"pivot": [-0.83291, 59.15042, -1.30141],
							"rotation": [0, -22.5, 0],
							"uv": {
								"north": {"uv": [0, 0], "uv_size": [1, 1]},
								"east": {"uv": [0, 0], "uv_size": [1, 1]},
								"south": {"uv": [0, 0], "uv_size": [1, 1]},
								"west": {"uv": [0, 0], "uv_size": [1, 1]},
								"up": {"uv": [7.875, 7.875], "uv_size": [-7.875, -7.875]},
								"down": {"uv": [1, 1], "uv_size": [-1, -1]}
							}
						},
						{
							"origin": [-5.29028, 58.81416, -12.06246],
							"size": [8.91476, 0.67256, 21.52213],
							"pivot": [-0.83291, 59.15042, -1.30141],
							"rotation": [0, 22.5, 0],
							"uv": {
								"north": {"uv": [0, 0], "uv_size": [1, 1]},
								"east": {"uv": [0, 0], "uv_size": [1, 1]},
								"south": {"uv": [0, 0], "uv_size": [1, 1]},
								"west": {"uv": [0, 0], "uv_size": [1, 1]},
								"up": {"uv": [7.875, 7.875], "uv_size": [-7.875, -7.875]},
								"down": {"uv": [1, 1], "uv_size": [-1, -1]}
							}
						},
						{
							"origin": [-11.59396, 58.81416, -5.75878],
							"size": [21.52213, 0.67256, 8.91476],
							"pivot": [-0.83291, 59.15042, -1.30141],
							"rotation": [0, -22.5, 0],
							"uv": {
								"north": {"uv": [0, 0], "uv_size": [1, 1]},
								"east": {"uv": [0, 0], "uv_size": [1, 1]},
								"south": {"uv": [0, 0], "uv_size": [1, 1]},
								"west": {"uv": [0, 0], "uv_size": [1, 1]},
								"up": {"uv": [7.875, 7.875], "uv_size": [-7.875, -7.875]},
								"down": {"uv": [1, 1], "uv_size": [-1, -1]}
							}
						},
						{
							"origin": [-11.59396, 58.81416, -5.75878],
							"size": [21.52213, 0.67256, 8.91476],
							"pivot": [-0.83291, 59.15042, -1.30141],
							"rotation": [0, 22.5, 0],
							"uv": {
								"north": {"uv": [0, 0], "uv_size": [1, 1]},
								"east": {"uv": [0, 0], "uv_size": [1, 1]},
								"south": {"uv": [0, 0], "uv_size": [1, 1]},
								"west": {"uv": [0, 0], "uv_size": [1, 1]},
								"up": {"uv": [7.875, 7.875], "uv_size": [-7.875, -7.875]},
								"down": {"uv": [1, 1], "uv_size": [-1, -1]}
							}
						}
					]
				},
				{
					"name": "hexadecagon",
					"pivot": [-8, 8, 8],
					"cubes": [
						{
							"origin": [-1.00863, 0.46798, -2.18495],
							"size": [0.35149, 63.34723, 1.76708],
							"pivot": [-0.83291, 14.15928, -1.30141],
							"rotation": [0, 45, 0],
							"uv": {
								"north": {"uv": [0, 12], "uv_size": [1, 1]},
								"east": {"uv": [0, 0], "uv_size": [1, 1]},
								"south": {"uv": [0, 12], "uv_size": [1, 1]},
								"west": {"uv": [0, 0], "uv_size": [1, 1]},
								"up": {"uv": [2, 16], "uv_size": [-2, -1.875]},
								"down": {"uv": [1, 1], "uv_size": [-1, -1]}
							}
						},
						{
							"origin": [-1.00863, 0.46798, -2.18495],
							"size": [0.35149, 63.34723, 1.76708],
							"pivot": [-0.83291, 14.15928, -1.30141],
							"rotation": [0, 22.5, 0],
							"uv": {
								"north": {"uv": [0, 12], "uv_size": [1, 1]},
								"east": {"uv": [0, 0], "uv_size": [1, 1]},
								"south": {"uv": [0, 12], "uv_size": [1, 1]},
								"west": {"uv": [0, 0], "uv_size": [1, 1]},
								"up": {"uv": [2, 16], "uv_size": [-2, -1.875]},
								"down": {"uv": [1, 1], "uv_size": [-1, -1]}
							}
						},
						{
							"origin": [-1.00863, 0.46798, -2.18495],
							"size": [0.35149, 63.34723, 1.76708],
							"uv": {
								"north": {"uv": [0, 12], "uv_size": [1, 1]},
								"east": {"uv": [0, 0], "uv_size": [1, 1]},
								"south": {"uv": [0, 12], "uv_size": [1, 1]},
								"west": {"uv": [0, 0], "uv_size": [1, 1]},
								"up": {"uv": [2, 16], "uv_size": [-2, -1.875]},
								"down": {"uv": [1, 1], "uv_size": [-1, -1]}
							}
						},
						{
							"origin": [-1.00863, 0.46798, -2.18495],
							"size": [0.35149, 63.34723, 1.76708],
							"pivot": [-0.83291, 14.15928, -1.30141],
							"rotation": [0, -22.5, 0],
							"uv": {
								"north": {"uv": [0, 12], "uv_size": [1, 1]},
								"east": {"uv": [0, 0], "uv_size": [1, 1]},
								"south": {"uv": [0, 12], "uv_size": [1, 1]},
								"west": {"uv": [0, 0], "uv_size": [1, 1]},
								"up": {"uv": [2, 16], "uv_size": [-2, -1.875]},
								"down": {"uv": [1, 1], "uv_size": [-1, -1]}
							}
						},
						{
							"origin": [-1.00863, 0.46798, -2.18495],
							"size": [0.35149, 63.34723, 1.76708],
							"pivot": [-0.83291, 14.15928, -1.30141],
							"rotation": [0, -45, 0],
							"uv": {
								"north": {"uv": [0, 12], "uv_size": [1, 1]},
								"east": {"uv": [0, 0], "uv_size": [1, 1]},
								"south": {"uv": [0, 12], "uv_size": [1, 1]},
								"west": {"uv": [0, 0], "uv_size": [1, 1]},
								"up": {"uv": [2, 16], "uv_size": [-2, -1.875]},
								"down": {"uv": [1, 1], "uv_size": [-1, -1]}
							}
						},
						{
							"origin": [-1.71646, 0.46798, -1.47715],
							"size": [1.76708, 63.34723, 0.35149],
							"pivot": [-0.83291, 14.15928, -1.30141],
							"rotation": [0, 22.5, 0],
							"uv": {
								"north": {"uv": [0, 0], "uv_size": [1, 1]},
								"east": {"uv": [0, 12], "uv_size": [1, 1]},
								"south": {"uv": [0, 0], "uv_size": [1, 1]},
								"west": {"uv": [0, 12], "uv_size": [1, 1]},
								"up": {"uv": [2, 16], "uv_size": [-2, -1.875]},
								"down": {"uv": [1, 1], "uv_size": [-1, -1]}
							}
						},
						{
							"origin": [-1.71646, 0.46798, -1.47715],
							"size": [1.76708, 63.34723, 0.35149],
							"uv": {
								"north": {"uv": [0, 0], "uv_size": [1, 1]},
								"east": {"uv": [0, 12], "uv_size": [1, 1]},
								"south": {"uv": [0, 0], "uv_size": [1, 1]},
								"west": {"uv": [0, 12], "uv_size": [1, 1]},
								"up": {"uv": [2, 16], "uv_size": [-2, -1.875]},
								"down": {"uv": [1, 1], "uv_size": [-1, -1]}
							}
						},
						{
							"origin": [-1.71646, 0.46798, -1.47715],
							"size": [1.76708, 63.34723, 0.35149],
							"pivot": [-0.83291, 14.15928, -1.30141],
							"rotation": [0, -22.5, 0],
							"uv": {
								"north": {"uv": [0, 0], "uv_size": [1, 1]},
								"east": {"uv": [0, 12], "uv_size": [1, 1]},
								"south": {"uv": [0, 0], "uv_size": [1, 1]},
								"west": {"uv": [0, 12], "uv_size": [1, 1]},
								"up": {"uv": [2, 16], "uv_size": [-2, -1.875]},
								"down": {"uv": [1, 1], "uv_size": [-1, -1]}
							}
						}
					]
				}
			]
		}
	]
}