{
	"format_version": "1.12.0",
	"minecraft:geometry": [
		{
			"description": {
				"identifier": "geometry.pa_radio",
				"texture_width": 16,
				"texture_height": 16,
				"visible_bounds_width": 2,
				"visible_bounds_height": 2.5,
				"visible_bounds_offset": [0, 0.75, 0]
			},
			"bones": [
				{
					"name": "hexadecagon",
					"pivot": [-8, 8, 8],
					"cubes": [
						{
							"origin": [3.95417, 3.9928, 1.7696],
							"size": [0.09166, 13.0544, 0.4608],
							"pivot": [4, 4, 2],
							"rotation": [0, 45, -45],
							"uv": {
								"north": {"uv": [8, 15], "uv_size": [5, 1]},
								"east": {"uv": [0, 0], "uv_size": [1, 1]},
								"south": {"uv": [8, 15], "uv_size": [5, 1]},
								"west": {"uv": [0, 0], "uv_size": [1, 1]},
								"up": {"uv": [13, 16], "uv_size": [-5, -1]},
								"down": {"uv": [1, 1], "uv_size": [-1, -1]}
							}
						},
						{
							"origin": [3.95417, 3.9928, 1.7696],
							"size": [0.09166, 13.0544, 0.4608],
							"pivot": [4, 4, 2],
							"rotation": [0, 22.5, -45],
							"uv": {
								"north": {"uv": [8, 15], "uv_size": [5, 1]},
								"east": {"uv": [0, 0], "uv_size": [1, 1]},
								"south": {"uv": [8, 15], "uv_size": [5, 1]},
								"west": {"uv": [0, 0], "uv_size": [1, 1]},
								"up": {"uv": [13, 16], "uv_size": [-5, -1]},
								"down": {"uv": [1, 1], "uv_size": [-1, -1]}
							}
						},
						{
							"origin": [3.95417, 3.9928, 1.7696],
							"size": [0.09166, 13.0544, 0.4608],
							"pivot": [4, 4, 2],
							"rotation": [0, 0, -45],
							"uv": {
								"north": {"uv": [8, 15], "uv_size": [5, 1]},
								"east": {"uv": [0, 0], "uv_size": [1, 1]},
								"south": {"uv": [8, 15], "uv_size": [5, 1]},
								"west": {"uv": [0, 0], "uv_size": [1, 1]},
								"up": {"uv": [13, 16], "uv_size": [-5, -1]},
								"down": {"uv": [1, 1], "uv_size": [-1, -1]}
							}
						},
						{
							"origin": [3.95417, 3.9928, 1.7696],
							"size": [0.09166, 13.0544, 0.4608],
							"pivot": [4, 4, 2],
							"rotation": [0, -22.5, -45],
							"uv": {
								"north": {"uv": [8, 15], "uv_size": [5, 1]},
								"east": {"uv": [0, 0], "uv_size": [1, 1]},
								"south": {"uv": [8, 15], "uv_size": [5, 1]},
								"west": {"uv": [0, 0], "uv_size": [1, 1]},
								"up": {"uv": [13, 16], "uv_size": [-5, -1]},
								"down": {"uv": [1, 1], "uv_size": [-1, -1]}
							}
						},
						{
							"origin": [3.95417, 3.9928, 1.7696],
							"size": [0.09166, 13.0544, 0.4608],
							"pivot": [4, 4, 2],
							"rotation": [0, -45, -45],
							"uv": {
								"north": {"uv": [8, 15], "uv_size": [5, 1]},
								"east": {"uv": [0, 0], "uv_size": [1, 1]},
								"south": {"uv": [8, 15], "uv_size": [5, 1]},
								"west": {"uv": [0, 0], "uv_size": [1, 1]},
								"up": {"uv": [13, 16], "uv_size": [-5, -1]},
								"down": {"uv": [1, 1], "uv_size": [-1, -1]}
							}
						},
						{
							"origin": [3.7696, 3.9928, 1.95417],
							"size": [0.4608, 13.0544, 0.09166],
							"pivot": [4, 4, 2],
							"rotation": [0, 22.5, -45],
							"uv": {
								"north": {"uv": [8, 15], "uv_size": [5, 1]},
								"east": {"uv": [8, 15], "uv_size": [5, 1]},
								"south": {"uv": [0, 0], "uv_size": [1, 1]},
								"west": {"uv": [8, 15], "uv_size": [5, 1]},
								"up": {"uv": [13, 16], "uv_size": [-5, -1]},
								"down": {"uv": [1, 1], "uv_size": [-1, -1]}
							}
						},
						{
							"origin": [3.7696, 3.9928, 1.95417],
							"size": [0.4608, 13.0544, 0.09166],
							"pivot": [4, 4, 2],
							"rotation": [0, 0, -45],
							"uv": {
								"north": {"uv": [8, 15], "uv_size": [5, 1]},
								"east": {"uv": [8, 15], "uv_size": [5, 1]},
								"south": {"uv": [0, 0], "uv_size": [1, 1]},
								"west": {"uv": [8, 15], "uv_size": [5, 1]},
								"up": {"uv": [13, 16], "uv_size": [-5, -1]},
								"down": {"uv": [1, 1], "uv_size": [-1, -1]}
							}
						},
						{
							"origin": [3.7696, 3.9928, 1.95417],
							"size": [0.4608, 13.0544, 0.09166],
							"pivot": [4, 4, 2],
							"rotation": [0, -22.5, -45],
							"uv": {
								"north": {"uv": [8, 15], "uv_size": [5, 1]},
								"east": {"uv": [8, 15], "uv_size": [5, 1]},
								"south": {"uv": [0, 0], "uv_size": [1, 1]},
								"west": {"uv": [8, 15], "uv_size": [5, 1]},
								"up": {"uv": [13, 16], "uv_size": [-5, -1]},
								"down": {"uv": [1, 1], "uv_size": [-1, -1]}
							}
						}
					]
				},
				{
					"name": "group",
					"pivot": [-6.92, 7.8208, 10],
					"cubes": [
						{
							"origin": [4.2832, 4.16, 0.3392],
							"size": [0.4576, 2.1184, 0.4576],
							"uv": {
								"north": {"uv": [8, 15], "uv_size": [5, 1]},
								"east": {"uv": [8, 15], "uv_size": [5, 1]},
								"south": {"uv": [8, 15], "uv_size": [5, 1]},
								"west": {"uv": [8, 15], "uv_size": [5, 1]},
								"up": {"uv": [1, 1], "uv_size": [-1, -1]},
								"down": {"uv": [1, 1], "uv_size": [-1, -1]}
							}
						},
						{
							"origin": [-4.7168, 4.16, 0.3392],
							"size": [0.4576, 2.1184, 0.4576],
							"uv": {
								"north": {"uv": [8, 15], "uv_size": [5, 1]},
								"east": {"uv": [8, 15], "uv_size": [5, 1]},
								"south": {"uv": [8, 15], "uv_size": [5, 1]},
								"west": {"uv": [8, 15], "uv_size": [5, 1]},
								"up": {"uv": [1, 1], "uv_size": [-1, -1]},
								"down": {"uv": [1, 1], "uv_size": [-1, -1]}
							}
						},
						{
							"origin": [-5, 6, 0],
							"size": [10, 1, 1],
							"uv": {
								"north": {"uv": [0, 10.75], "uv_size": [0.75, 4.125]},
								"east": {"uv": [0, 13.875], "uv_size": [1, 1]},
								"south": {"uv": [0, 10.75], "uv_size": [0.75, 4.125]},
								"west": {"uv": [0, 10.75], "uv_size": [0.75, 4.125]},
								"up": {"uv": [1, 10], "uv_size": [-1, -5]},
								"down": {"uv": [1, 8], "uv_size": [-1, -5]}
							}
						}
					]
				},
				{
					"name": "bone",
					"pivot": [0, 0, 0],
					"cubes": [
						{
							"origin": [-5, 0, -2],
							"size": [10, 5, 4],
							"uv": {
								"north": {"uv": [0, 0.5], "uv_size": [10, 5]},
								"east": {"uv": [0, 10], "uv_size": [3, 5]},
								"south": {"uv": [6, 7.75], "uv_size": [10, 5]},
								"west": {"uv": [9.5, 0], "uv_size": [4, 5]},
								"up": {"uv": [16, 9.5], "uv_size": [-10, -4]},
								"down": {"uv": [1, 14.875], "uv_size": [-1, -5]}
							}
						}
					]
				}
			]
		}
	]
}