{
	"format_version": "1.12.0",
	"minecraft:geometry": [
		{
			"description": {
				"identifier": "geometry.pa_sandwich",
				"texture_width": 16,
				"texture_height": 16,
				"visible_bounds_width": 2,
				"visible_bounds_height": 1.5,
				"visible_bounds_offset": [0, 0.25, 0]
			},
			"bones": [
				{
					"name": "group",
					"pivot": [-8, 8, 8],
					"cubes": [
						{
							"origin": [-2.304, 2.88, -3.104],
							"size": [4.352, 0.256, 3.328],
							"uv": {
								"north": {"uv": [8.25, 0], "uv_size": [2.875, 5.125]},
								"east": {"uv": [8.25, 0], "uv_size": [2.875, 5.125]},
								"south": {"uv": [8.25, 0], "uv_size": [2.875, 5.125]},
								"west": {"uv": [8.25, 0], "uv_size": [2.875, 5.125]},
								"up": {"uv": [11.125, 5.125], "uv_size": [-2.875, -5.125]},
								"down": {"uv": [11.125, 5.125], "uv_size": [-2.875, -5.125]}
							}
						},
						{
							"origin": [-2.304, 2.88, -2.848],
							"size": [4.352, 0.512, 2.816],
							"uv": {
								"north": {"uv": [0, 0], "uv_size": [2.75, 0.25]},
								"east": {"uv": [0, 0], "uv_size": [2.75, 0.25]},
								"south": {"uv": [0, 0], "uv_size": [2.75, 0.25]},
								"west": {"uv": [0, 0], "uv_size": [2.75, 0.25]},
								"up": {"uv": [2.75, 4.125], "uv_size": [-2.75, -4.125]},
								"down": {"uv": [2.875, 4], "uv_size": [-2.875, -4]}
							}
						},
						{
							"origin": [-2.304, 1.6, -2.848],
							"size": [4.352, 0.512, 2.816],
							"uv": {
								"north": {"uv": [0, 0], "uv_size": [2.75, 0.25]},
								"east": {"uv": [0, 0], "uv_size": [2.75, 0.25]},
								"south": {"uv": [0, 0], "uv_size": [2.75, 0.25]},
								"west": {"uv": [0, 0], "uv_size": [2.75, 0.25]},
								"up": {"uv": [2.75, 4.125], "uv_size": [-2.75, -4.125]},
								"down": {"uv": [2.875, 4.125], "uv_size": [-2.875, -4.125]}
							}
						},
						{
							"origin": [-2.56, 2.368, -3.104],
							"size": [4.864, 0.256, 3.328],
							"uv": {
								"north": {"uv": [12, 0], "uv_size": [4, 3.25]},
								"east": {"uv": [12, 0.5], "uv_size": [4, 3.25]},
								"south": {"uv": [12, 0], "uv_size": [4, 3.25]},
								"west": {"uv": [12, 0], "uv_size": [4, 3.25]},
								"up": {"uv": [16, 3.25], "uv_size": [-4, -3.25]},
								"down": {"uv": [16, 3.25], "uv_size": [-4, -3.25]}
							}
						},
						{
							"origin": [-2.816, 2.624, -3.36],
							"size": [5.376, 0.256, 3.84],
							"uv": {
								"north": {"uv": [11.875, 8.25], "uv_size": [4.125, 0.75]},
								"east": {"uv": [11.875, 8.25], "uv_size": [4.125, 0.75]},
								"south": {"uv": [11.875, 8.25], "uv_size": [4.125, 0.75]},
								"west": {"uv": [11.875, 8.25], "uv_size": [4.125, 0.75]},
								"up": {"uv": [16, 12], "uv_size": [-3.875, -5.375]},
								"down": {"uv": [16, 9], "uv_size": [-4.125, -0.75]}
							}
						},
						{
							"origin": [-2.304, 2.112, -2.848],
							"size": [4.352, 0.256, 2.816],
							"uv": {
								"north": {"uv": [4.25, 0], "uv_size": [2.875, 4.25]},
								"east": {"uv": [4.25, 0], "uv_size": [2.875, 4.25]},
								"south": {"uv": [4.25, 0], "uv_size": [2.875, 4.25]},
								"west": {"uv": [4.25, 0], "uv_size": [2.875, 4.25]},
								"up": {"uv": [6.5, 3.625], "uv_size": [-2.125, -3.375]},
								"down": {"uv": [6.5, 3.625], "uv_size": [-2.125, -3.375]}
							}
						}
					]
				},
				{
					"name": "group2",
					"pivot": [-8, 8, 8],
					"cubes": [
						{
							"origin": [-2.304, 2.88, 0.096],
							"size": [4.352, 0.256, 3.328],
							"uv": {
								"north": {"uv": [8.25, 0], "uv_size": [2.875, 5.125]},
								"east": {"uv": [8.25, 0], "uv_size": [2.875, 5.125]},
								"south": {"uv": [8.25, 0], "uv_size": [2.875, 5.125]},
								"west": {"uv": [8.25, 0], "uv_size": [2.875, 5.125]},
								"up": {"uv": [11.125, 5.125], "uv_size": [-2.875, -5.125]},
								"down": {"uv": [11.125, 5.125], "uv_size": [-2.875, -5.125]}
							}
						},
						{
							"origin": [-2.304, 2.88, 0.352],
							"size": [4.352, 0.512, 2.816],
							"uv": {
								"north": {"uv": [0, 0], "uv_size": [2.75, 0.25]},
								"east": {"uv": [0, 0], "uv_size": [2.75, 0.25]},
								"south": {"uv": [0, 0], "uv_size": [2.75, 0.25]},
								"west": {"uv": [0, 0], "uv_size": [2.75, 0.25]},
								"up": {"uv": [2.75, 4.125], "uv_size": [-2.75, -4.125]},
								"down": {"uv": [2.875, 4], "uv_size": [-2.875, -4]}
							}
						},
						{
							"origin": [-2.304, 1.6, 0.352],
							"size": [4.352, 0.512, 2.816],
							"uv": {
								"north": {"uv": [0, 0], "uv_size": [2.75, 0.25]},
								"east": {"uv": [0, 0], "uv_size": [2.75, 0.25]},
								"south": {"uv": [0, 0], "uv_size": [2.75, 0.25]},
								"west": {"uv": [0, 0], "uv_size": [2.75, 0.25]},
								"up": {"uv": [2.75, 4.125], "uv_size": [-2.75, -4.125]},
								"down": {"uv": [2.875, 4.125], "uv_size": [-2.875, -4.125]}
							}
						},
						{
							"origin": [-2.56, 2.368, 0.096],
							"size": [4.864, 0.256, 3.328],
							"uv": {
								"north": {"uv": [12, 0], "uv_size": [4, 3.25]},
								"east": {"uv": [12, 0.5], "uv_size": [4, 3.25]},
								"south": {"uv": [12, 0], "uv_size": [4, 3.25]},
								"west": {"uv": [12, 0], "uv_size": [4, 3.25]},
								"up": {"uv": [16, 3.25], "uv_size": [-4, -3.25]},
								"down": {"uv": [16, 3.25], "uv_size": [-4, -3.25]}
							}
						},
						{
							"origin": [-2.816, 2.624, -0.16],
							"size": [5.376, 0.256, 3.84],
							"uv": {
								"north": {"uv": [11.875, 8.25], "uv_size": [4.125, 0.75]},
								"east": {"uv": [11.875, 8.25], "uv_size": [4.125, 0.75]},
								"south": {"uv": [11.875, 8.25], "uv_size": [4.125, 0.75]},
								"west": {"uv": [11.875, 8.25], "uv_size": [4.125, 0.75]},
								"up": {"uv": [16, 12], "uv_size": [-3.875, -5.375]},
								"down": {"uv": [16, 9], "uv_size": [-4.125, -0.75]}
							}
						},
						{
							"origin": [-2.304, 2.112, 0.352],
							"size": [4.352, 0.256, 2.816],
							"uv": {
								"north": {"uv": [4.25, 0], "uv_size": [2.875, 4.25]},
								"east": {"uv": [4.25, 0], "uv_size": [2.875, 4.25]},
								"south": {"uv": [4.25, 0], "uv_size": [2.875, 4.25]},
								"west": {"uv": [4.25, 0], "uv_size": [2.875, 4.25]},
								"up": {"uv": [6.5, 3.625], "uv_size": [-2.125, -3.375]},
								"down": {"uv": [6.5, 3.625], "uv_size": [-2.125, -3.375]}
							}
						}
					]
				}
			]
		}
	]
}