{
	"format_version": "1.12.0",
	"minecraft:geometry": [
		{
			"description": {
				"identifier": "geometry.pa_tray01",
				"texture_width": 16,
				"texture_height": 16,
				"visible_bounds_width": 2,
				"visible_bounds_height": 1.5,
				"visible_bounds_offset": [0, 0.25, 0]
			},
			"bones": [
				{
					"name": "group",
					"pivot": [-8, 8, 8],
					"cubes": [
						{
							"origin": [7, -3.0718, 0.9282],
							"size": [1, 2, 1],
							"pivot": [0, 4.9282, 8.9282],
							"rotation": [-30, 0, 0],
							"uv": {
								"north": {"uv": [0, 6], "uv_size": [1, 2]},
								"east": {"uv": [0, 6], "uv_size": [1, 2]},
								"south": {"uv": [0, 0], "uv_size": [1, 2]},
								"west": {"uv": [0, 6], "uv_size": [1, 2]},
								"up": {"uv": [1, 1], "uv_size": [-1, -1]},
								"down": {"uv": [1, 1], "uv_size": [-1, -1]}
							}
						},
						{
							"origin": [7, 2.73205, -1],
							"size": [1, 1, 3],
							"uv": {
								"north": {"uv": [0, 0], "uv_size": [1, 1]},
								"east": {"uv": [0, 6], "uv_size": [3, 1]},
								"south": {"uv": [0, 0], "uv_size": [1, 1]},
								"west": {"uv": [0, 6], "uv_size": [3, 1]},
								"up": {"uv": [1, 9], "uv_size": [-1, -3]},
								"down": {"uv": [1, 9], "uv_size": [-1, -3]}
							}
						},
						{
							"origin": [7, -3.0718, -0.9282],
							"size": [1, 2, 1],
							"pivot": [0, 4.9282, -7.9282],
							"rotation": [30, 0, 0],
							"uv": {
								"north": {"uv": [0, 6], "uv_size": [1, 2]},
								"east": {"uv": [0, 6], "uv_size": [1, 2]},
								"south": {"uv": [0, 6], "uv_size": [1, 2]},
								"west": {"uv": [0, 6], "uv_size": [1, 2]},
								"up": {"uv": [1, 2], "uv_size": [-1, -1]},
								"down": {"uv": [1, 2], "uv_size": [-1, -1]}
							}
						}
					]
				},
				{
					"name": "group",
					"pivot": [-8, 8, 8],
					"cubes": [
						{
							"origin": [-8, -3.0718, 0.9282],
							"size": [1, 2, 1],
							"pivot": [-15, 4.9282, 8.9282],
							"rotation": [-30, 0, 0],
							"uv": {
								"north": {"uv": [0, 6], "uv_size": [1, 2]},
								"east": {"uv": [0, 6], "uv_size": [1, 2]},
								"south": {"uv": [0, 0], "uv_size": [1, 2]},
								"west": {"uv": [0, 6], "uv_size": [1, 2]},
								"up": {"uv": [1, 1], "uv_size": [-1, -1]},
								"down": {"uv": [1, 1], "uv_size": [-1, -1]}
							}
						},
						{
							"origin": [-8, 2.73205, -1],
							"size": [1, 1, 3],
							"uv": {
								"north": {"uv": [0, 0], "uv_size": [1, 1]},
								"east": {"uv": [0, 7], "uv_size": [16, 2]},
								"south": {"uv": [0, 0], "uv_size": [1, 1]},
								"west": {"uv": [0, 6], "uv_size": [16, 2]},
								"up": {"uv": [16, 8], "uv_size": [-16, -2]},
								"down": {"uv": [16, 8], "uv_size": [-16, -2]}
							}
						},
						{
							"origin": [-8, -3.0718, -0.9282],
							"size": [1, 2, 1],
							"pivot": [-15, 4.9282, -7.9282],
							"rotation": [30, 0, 0],
							"uv": {
								"north": {"uv": [0, 6], "uv_size": [1, 2]},
								"east": {"uv": [0, 6], "uv_size": [1, 2]},
								"south": {"uv": [0, 6], "uv_size": [1, 2]},
								"west": {"uv": [0, 6], "uv_size": [1, 2]},
								"up": {"uv": [1, 2], "uv_size": [-1, -1]},
								"down": {"uv": [1, 2], "uv_size": [-1, -1]}
							}
						}
					]
				},
				{
					"name": "bone",
					"pivot": [0, 0, 0],
					"cubes": [
						{
							"origin": [-7, 0, -5],
							"size": [14, 1, 10],
							"uv": {
								"north": {"uv": [0, 0], "uv_size": [14, 1]},
								"east": {"uv": [0, 0], "uv_size": [10, 1]},
								"south": {"uv": [0, 0], "uv_size": [14, 1]},
								"west": {"uv": [0, 0], "uv_size": [10, 1]},
								"up": {"uv": [15, 9], "uv_size": [-15, -9]},
								"down": {"uv": [12, 11], "uv_size": [-12, -6]}
							}
						},
						{
							"origin": [-8, 0, -6],
							"size": [16, 2, 1],
							"uv": {
								"north": {"uv": [0, 6], "uv_size": [16, 2]},
								"east": {"uv": [0, 6], "uv_size": [16, 2]},
								"south": {"uv": [0, 6], "uv_size": [16, 2]},
								"west": {"uv": [0, 6], "uv_size": [16, 2]},
								"up": {"uv": [16, 8], "uv_size": [-16, -2]},
								"down": {"uv": [16, 8], "uv_size": [-16, -2]}
							}
						},
						{
							"origin": [-8, 0, 5],
							"size": [16, 2, 1],
							"uv": {
								"north": {"uv": [0, 6], "uv_size": [16, 2]},
								"east": {"uv": [0, 6], "uv_size": [1, 2]},
								"south": {"uv": [0, 6], "uv_size": [16, 2]},
								"west": {"uv": [0, 6], "uv_size": [1, 2]},
								"up": {"uv": [16, 7], "uv_size": [-16, -1]},
								"down": {"uv": [16, 7], "uv_size": [-16, -1]}
							}
						},
						{
							"origin": [7, 0, -5],
							"size": [1, 2, 10],
							"uv": {
								"north": {"uv": [0, 0], "uv_size": [1, 2]},
								"east": {"uv": [0, 6], "uv_size": [16, 2]},
								"south": {"uv": [0, 0], "uv_size": [1, 2]},
								"west": {"uv": [0, 6], "uv_size": [16, 2]},
								"up": {"uv": [16, 8], "uv_size": [-16, -2]},
								"down": {"uv": [16, 8], "uv_size": [-16, -2]}
							}
						},
						{
							"origin": [-8, 0, -5],
							"size": [1, 2, 10],
							"uv": {
								"north": {"uv": [0, 0], "uv_size": [1, 2]},
								"east": {"uv": [0, 6], "uv_size": [10, 2]},
								"south": {"uv": [0, 0], "uv_size": [1, 2]},
								"west": {"uv": [0, 6], "uv_size": [10, 2]},
								"up": {"uv": [1, 16], "uv_size": [-1, -10]},
								"down": {"uv": [1, 16], "uv_size": [-1, -10]}
							}
						}
					]
				}
			]
		}
	]
}