{
	"format_version": "1.12.0",
	"minecraft:geometry": [
		{
			"description": {
				"identifier": "geometry.pa_tepee",
				"texture_width": 64,
				"texture_height": 64,
				"visible_bounds_width": 4,
				"visible_bounds_height": 7,
				"visible_bounds_offset": [0, 2.5, 0]
			},
			"bones": [
				{
					"name": "group",
					"pivot": [-8, 8, 8],
					"cubes": [
						{
							"origin": [-19.02113, 2.28953, -16.02892],
							"size": [36.6272, 73.2544, 3],
							"pivot": [-0.70753, 20.60313, -31.05332],
							"rotation": [-15, 0, 0],
							"uv": {
								"north": {"uv": [36, 0], "uv_size": [24, 58]},
								"east": {"uv": [4, 0], "uv_size": [0, 64]},
								"south": {"uv": [28, 0], "uv_size": [12, 12]},
								"west": {"uv": [4, 0], "uv_size": [0, 64]},
								"up": {"uv": [35, 28], "uv_size": [-9, -27]},
								"down": {"uv": [64, 4], "uv_size": [-64, 0]}
							}
						},
						{
							"origin": [-19.02113, 2.28953, 9.02643],
							"size": [36.6272, 73.2544, 2],
							"pivot": [-0.70753, 20.60313, 26.05083],
							"rotation": [15, 0, 0],
							"uv": {
								"north": {"uv": [28, 0], "uv_size": [12, 12]},
								"east": {"uv": [0, 0], "uv_size": [0, 64]},
								"south": {"uv": [6, 0], "uv_size": [25, 59]},
								"west": {"uv": [0, 0], "uv_size": [0, 64]},
								"up": {"uv": [64, 0], "uv_size": [-64, 0]},
								"down": {"uv": [64, 0], "uv_size": [-64, 0]}
							}
						}
					]
				},
				{
					"name": "group2",
					"pivot": [-8, 8, 8],
					"cubes": [
						{
							"origin": [-13.76927, 2.03071, -21.31485],
							"size": [2, 73.2544, 36.6272],
							"pivot": [-27.79367, 20.34431, -3.00125],
							"rotation": [0, 0, 15],
							"uv": {
								"north": {"uv": [26, 1], "uv_size": [9, 27]},
								"east": {"uv": [6, 0], "uv_size": [26, 59]},
								"south": {"uv": [4, 0], "uv_size": [0, 64]},
								"west": {"uv": [31, 6], "uv_size": [9, 17]},
								"up": {"uv": [35, 28], "uv_size": [-9, -27]},
								"down": {"uv": [64, 4], "uv_size": [-64, 0]}
							}
						},
						{
							"origin": [10.32015, 2.28953, -21.31485],
							"size": [2, 73.2544, 36.6272],
							"pivot": [27.34455, 20.60313, -3.00125],
							"rotation": [0, 0, -15],
							"uv": {
								"north": {"uv": [0, 0], "uv_size": [0, 64]},
								"east": {"uv": [28, 0], "uv_size": [12, 12]},
								"south": {"uv": [0, 0], "uv_size": [0, 64]},
								"west": {"uv": [6, 0], "uv_size": [26, 59]},
								"up": {"uv": [64, 0], "uv_size": [-64, 0]},
								"down": {"uv": [64, 0], "uv_size": [-64, 0]}
							}
						}
					]
				},
				{
					"name": "hexadecagon",
					"pivot": [-8, 8, 8],
					"cubes": [
						{
							"origin": [-16.74299, -3.03394, 12.07501],
							"size": [0.15523, 91.3603, 0.78039],
							"pivot": [-16.66538, 11.26286, 12.4652],
							"rotation": [18.89544, 39.46788, 27.77884],
							"uv": {
								"north": {"uv": [6, 60], "uv_size": [4, 4]},
								"east": {"uv": [2, 59.5], "uv_size": [4, 4]},
								"south": {"uv": [64, 60], "uv_size": [-64, 4]},
								"west": {"uv": [1.5, 58], "uv_size": [4, 4]},
								"up": {"uv": [11, 64], "uv_size": [-4, -4]},
								"down": {"uv": [4, 4], "uv_size": [-4, -4]}
							}
						},
						{
							"origin": [-16.74299, -3.03394, 12.07501],
							"size": [0.15523, 91.3603, 0.78039],
							"pivot": [-16.66538, 11.26286, 12.4652],
							"rotation": [15.23345, 17.92403, 20.29476],
							"uv": {
								"north": {"uv": [6, 60], "uv_size": [4, 4]},
								"east": {"uv": [2, 59.5], "uv_size": [4, 4]},
								"south": {"uv": [64, 60], "uv_size": [-64, 4]},
								"west": {"uv": [1.5, 58], "uv_size": [4, 4]},
								"up": {"uv": [11, 64], "uv_size": [-4, -4]},
								"down": {"uv": [4, 4], "uv_size": [-4, -4]}
							}
						},
						{
							"origin": [-16.74299, -3.03394, 12.07501],
							"size": [0.15523, 91.3603, 0.78039],
							"pivot": [-16.66538, 11.26286, 12.4652],
							"rotation": [14.51082, -3.84097, 14.51082],
							"uv": {
								"north": {"uv": [6, 60], "uv_size": [4, 4]},
								"east": {"uv": [2, 59.5], "uv_size": [4, 4]},
								"south": {"uv": [64, 60], "uv_size": [-64, 4]},
								"west": {"uv": [1.5, 58], "uv_size": [4, 4]},
								"up": {"uv": [11, 64], "uv_size": [-4, -4]},
								"down": {"uv": [4, 4], "uv_size": [-4, -4]}
							}
						},
						{
							"origin": [-16.74299, -3.03394, 12.07501],
							"size": [0.15523, 91.3603, 0.78039],
							"pivot": [-16.66538, 11.26286, 12.4652],
							"rotation": [16.0891, -25.56482, 8.40918],
							"uv": {
								"north": {"uv": [6, 60], "uv_size": [4, 4]},
								"east": {"uv": [2, 59.5], "uv_size": [4, 4]},
								"south": {"uv": [64, 60], "uv_size": [-64, 4]},
								"west": {"uv": [1.5, 58], "uv_size": [4, 4]},
								"up": {"uv": [11, 64], "uv_size": [-4, -4]},
								"down": {"uv": [4, 4], "uv_size": [-4, -4]}
							}
						},
						{
							"origin": [-16.74299, -3.03394, 12.07501],
							"size": [0.15523, 91.3603, 0.78039],
							"pivot": [-16.66538, 11.26286, 12.4652],
							"rotation": [21.46976, -46.91825, -0.5231],
							"uv": {
								"north": {"uv": [6, 60], "uv_size": [4, 4]},
								"east": {"uv": [2, 59.5], "uv_size": [4, 4]},
								"south": {"uv": [64, 60], "uv_size": [-64, 4]},
								"west": {"uv": [1.5, 58], "uv_size": [4, 4]},
								"up": {"uv": [11, 64], "uv_size": [-4, -4]},
								"down": {"uv": [4, 4], "uv_size": [-4, -4]}
							}
						},
						{
							"origin": [-17.05557, -3.03394, 12.38759],
							"size": [0.78039, 91.3603, 0.15523],
							"pivot": [-16.66538, 11.26286, 12.4652],
							"rotation": [15.23345, 17.92403, 20.29476],
							"uv": {
								"north": {"uv": [6, 60], "uv_size": [4, 4]},
								"east": {"uv": [2, 59.5], "uv_size": [4, 4]},
								"south": {"uv": [64, 60], "uv_size": [-64, 4]},
								"west": {"uv": [1.5, 58], "uv_size": [4, 4]},
								"up": {"uv": [11, 64], "uv_size": [-4, -4]},
								"down": {"uv": [4, 4], "uv_size": [-4, -4]}
							}
						},
						{
							"origin": [-17.05557, -3.03394, 12.38759],
							"size": [0.78039, 91.3603, 0.15523],
							"pivot": [-16.66538, 11.26286, 12.4652],
							"rotation": [14.51082, -3.84097, 14.51082],
							"uv": {
								"north": {"uv": [6, 60], "uv_size": [4, 4]},
								"east": {"uv": [2, 59.5], "uv_size": [4, 4]},
								"south": {"uv": [64, 60], "uv_size": [-64, 4]},
								"west": {"uv": [1.5, 58], "uv_size": [4, 4]},
								"up": {"uv": [11, 64], "uv_size": [-4, -4]},
								"down": {"uv": [4, 4], "uv_size": [-4, -4]}
							}
						},
						{
							"origin": [-17.05557, -3.03394, 12.38759],
							"size": [0.78039, 91.3603, 0.15523],
							"pivot": [-16.66538, 11.26286, 12.4652],
							"rotation": [16.0891, -25.56482, 8.40918],
							"uv": {
								"north": {"uv": [6, 60], "uv_size": [4, 4]},
								"east": {"uv": [2, 59.5], "uv_size": [4, 4]},
								"south": {"uv": [64, 60], "uv_size": [-64, 4]},
								"west": {"uv": [1.5, 58], "uv_size": [4, 4]},
								"up": {"uv": [11, 64], "uv_size": [-4, -4]},
								"down": {"uv": [4, 4], "uv_size": [-4, -4]}
							}
						}
					]
				},
				{
					"name": "hexadecagon2",
					"pivot": [-8, 8, 8],
					"cubes": [
						{
							"origin": [-16.74299, -3.03394, -18.8554],
							"size": [0.15523, 91.3603, 0.78039],
							"pivot": [-16.66538, 11.26286, -18.4652],
							"rotation": [-18.89544, -39.46788, 27.77884],
							"uv": {
								"north": {"uv": [4, 60], "uv_size": [-4, 4]},
								"east": {"uv": [57, 60], "uv_size": [-51, 4]},
								"south": {"uv": [4, 60], "uv_size": [-4, 4]},
								"west": {"uv": [11, 60], "uv_size": [-4, 4]},
								"up": {"uv": [10, 60], "uv_size": [-4, 4]},
								"down": {"uv": [4, 0], "uv_size": [-4, 4]}
							}
						},
						{
							"origin": [-16.74299, -3.03394, -18.8554],
							"size": [0.15523, 91.3603, 0.78039],
							"pivot": [-16.66538, 11.26286, -18.4652],
							"rotation": [-15.23345, -17.92403, 20.29476],
							"uv": {
								"north": {"uv": [0, 60], "uv_size": [4, 4]},
								"east": {"uv": [57, 60], "uv_size": [-51, 4]},
								"south": {"uv": [4, 60], "uv_size": [-4, 4]},
								"west": {"uv": [11, 60], "uv_size": [-4, 4]},
								"up": {"uv": [10, 60], "uv_size": [-4, 4]},
								"down": {"uv": [4, 0], "uv_size": [-4, 4]}
							}
						},
						{
							"origin": [-16.74299, -3.03394, -18.8554],
							"size": [0.15523, 91.3603, 0.78039],
							"pivot": [-16.66538, 11.26286, -18.4652],
							"rotation": [-14.51082, 3.84097, 14.51082],
							"uv": {
								"north": {"uv": [4, 60], "uv_size": [-4, 4]},
								"east": {"uv": [57, 60], "uv_size": [-51, 4]},
								"south": {"uv": [4, 60], "uv_size": [-4, 4]},
								"west": {"uv": [11, 60], "uv_size": [-4, 4]},
								"up": {"uv": [10, 60], "uv_size": [-4, 4]},
								"down": {"uv": [4, 0], "uv_size": [-4, 4]}
							}
						},
						{
							"origin": [-16.74299, -3.03394, -18.8554],
							"size": [0.15523, 91.3603, 0.78039],
							"pivot": [-16.66538, 11.26286, -18.4652],
							"rotation": [-16.0891, 25.56482, 8.40918],
							"uv": {
								"north": {"uv": [0, 60], "uv_size": [4, 4]},
								"east": {"uv": [57, 60], "uv_size": [-51, 4]},
								"south": {"uv": [4, 60], "uv_size": [-4, 4]},
								"west": {"uv": [11, 60], "uv_size": [-4, 4]},
								"up": {"uv": [10, 60], "uv_size": [-4, 4]},
								"down": {"uv": [4, 0], "uv_size": [-4, 4]}
							}
						},
						{
							"origin": [-16.74299, -3.03394, -18.8554],
							"size": [0.15523, 91.3603, 0.78039],
							"pivot": [-16.66538, 11.26286, -18.4652],
							"rotation": [-21.46976, 46.91825, -0.5231],
							"uv": {
								"north": {"uv": [0, 60], "uv_size": [4, 4]},
								"east": {"uv": [57, 60], "uv_size": [-51, 4]},
								"south": {"uv": [4, 60], "uv_size": [-4, 4]},
								"west": {"uv": [11, 60], "uv_size": [-4, 4]},
								"up": {"uv": [10, 60], "uv_size": [-4, 4]},
								"down": {"uv": [4, 0], "uv_size": [-4, 4]}
							}
						},
						{
							"origin": [-17.05557, -3.03394, -18.54282],
							"size": [0.78039, 91.3603, 0.15523],
							"pivot": [-16.66538, 11.26286, -18.4652],
							"rotation": [-15.23345, -17.92403, 20.29476],
							"uv": {
								"north": {"uv": [4, 60], "uv_size": [-4, 4]},
								"east": {"uv": [57, 60], "uv_size": [-51, 4]},
								"south": {"uv": [4, 60], "uv_size": [-4, 4]},
								"west": {"uv": [11, 60], "uv_size": [-4, 4]},
								"up": {"uv": [10, 60], "uv_size": [-4, 4]},
								"down": {"uv": [4, 0], "uv_size": [-4, 4]}
							}
						},
						{
							"origin": [-17.05557, -3.03394, -18.54282],
							"size": [0.78039, 91.3603, 0.15523],
							"pivot": [-16.66538, 11.26286, -18.4652],
							"rotation": [-14.51082, 3.84097, 14.51082],
							"uv": {
								"north": {"uv": [4, 60], "uv_size": [-4, 4]},
								"east": {"uv": [57, 60], "uv_size": [-51, 4]},
								"south": {"uv": [4, 60], "uv_size": [-4, 4]},
								"west": {"uv": [11, 60], "uv_size": [-4, 4]},
								"up": {"uv": [10, 60], "uv_size": [-4, 4]},
								"down": {"uv": [4, 0], "uv_size": [-4, 4]}
							}
						},
						{
							"origin": [-17.05557, -3.03394, -18.54282],
							"size": [0.78039, 91.3603, 0.15523],
							"pivot": [-16.66538, 11.26286, -18.4652],
							"rotation": [-16.0891, 25.56482, 8.40918],
							"uv": {
								"north": {"uv": [4, 60], "uv_size": [-4, 4]},
								"east": {"uv": [57, 60], "uv_size": [-51, 4]},
								"south": {"uv": [4, 60], "uv_size": [-4, 4]},
								"west": {"uv": [11, 60], "uv_size": [-4, 4]},
								"up": {"uv": [10, 60], "uv_size": [-4, 4]},
								"down": {"uv": [4, 0], "uv_size": [-4, 4]}
							}
						}
					]
				},
				{
					"name": "hexadecagon3",
					"pivot": [-8, 8, 8],
					"cubes": [
						{
							"origin": [-16.74299, -3.03394, 12.07501],
							"size": [0.15523, 91.3603, 0.78039],
							"pivot": [-16.66538, 11.26286, 12.4652],
							"rotation": [18.89544, 39.46788, 27.77884],
							"uv": {
								"north": {"uv": [0, 0], "uv_size": [4, 4]},
								"east": {"uv": [0, 0], "uv_size": [4, 4]},
								"south": {"uv": [0, 0], "uv_size": [4, 4]},
								"west": {"uv": [0, 0], "uv_size": [4, 4]},
								"up": {"uv": [4, 4], "uv_size": [-4, -4]},
								"down": {"uv": [4, 4], "uv_size": [-4, -4]}
							}
						},
						{
							"origin": [-16.74299, -3.03394, 12.07501],
							"size": [0.15523, 91.3603, 0.78039],
							"pivot": [-16.66538, 11.26286, 12.4652],
							"rotation": [15.23345, 17.92403, 20.29476],
							"uv": {
								"north": {"uv": [0, 0], "uv_size": [4, 4]},
								"east": {"uv": [0, 0], "uv_size": [4, 4]},
								"south": {"uv": [0, 0], "uv_size": [4, 4]},
								"west": {"uv": [0, 0], "uv_size": [4, 4]},
								"up": {"uv": [4, 4], "uv_size": [-4, -4]},
								"down": {"uv": [4, 4], "uv_size": [-4, -4]}
							}
						},
						{
							"origin": [-16.74299, -3.03394, 12.07501],
							"size": [0.15523, 91.3603, 0.78039],
							"pivot": [-16.66538, 11.26286, 12.4652],
							"rotation": [14.51082, -3.84097, 14.51082],
							"uv": {
								"north": {"uv": [0, 0], "uv_size": [4, 4]},
								"east": {"uv": [0, 0], "uv_size": [4, 4]},
								"south": {"uv": [0, 0], "uv_size": [4, 4]},
								"west": {"uv": [0, 0], "uv_size": [4, 4]},
								"up": {"uv": [4, 4], "uv_size": [-4, -4]},
								"down": {"uv": [4, 4], "uv_size": [-4, -4]}
							}
						},
						{
							"origin": [-16.74299, -3.03394, 12.07501],
							"size": [0.15523, 91.3603, 0.78039],
							"pivot": [-16.66538, 11.26286, 12.4652],
							"rotation": [16.0891, -25.56482, 8.40918],
							"uv": {
								"north": {"uv": [0, 0], "uv_size": [4, 4]},
								"east": {"uv": [0, 0], "uv_size": [4, 4]},
								"south": {"uv": [0, 0], "uv_size": [4, 4]},
								"west": {"uv": [0, 0], "uv_size": [4, 4]},
								"up": {"uv": [4, 4], "uv_size": [-4, -4]},
								"down": {"uv": [4, 4], "uv_size": [-4, -4]}
							}
						},
						{
							"origin": [-16.74299, -3.03394, 12.07501],
							"size": [0.15523, 91.3603, 0.78039],
							"pivot": [-16.66538, 11.26286, 12.4652],
							"rotation": [21.46976, -46.91825, -0.5231],
							"uv": {
								"north": {"uv": [0, 0], "uv_size": [4, 4]},
								"east": {"uv": [0, 0], "uv_size": [4, 4]},
								"south": {"uv": [0, 0], "uv_size": [4, 4]},
								"west": {"uv": [0, 0], "uv_size": [4, 4]},
								"up": {"uv": [4, 4], "uv_size": [-4, -4]},
								"down": {"uv": [4, 4], "uv_size": [-4, -4]}
							}
						},
						{
							"origin": [-17.05557, -3.03394, 12.38759],
							"size": [0.78039, 91.3603, 0.15523],
							"pivot": [-16.66538, 11.26286, 12.4652],
							"rotation": [15.23345, 17.92403, 20.29476],
							"uv": {
								"north": {"uv": [0, 0], "uv_size": [4, 4]},
								"east": {"uv": [0, 0], "uv_size": [4, 4]},
								"south": {"uv": [0, 0], "uv_size": [4, 4]},
								"west": {"uv": [0, 0], "uv_size": [4, 4]},
								"up": {"uv": [4, 4], "uv_size": [-4, -4]},
								"down": {"uv": [4, 4], "uv_size": [-4, -4]}
							}
						},
						{
							"origin": [-17.05557, -3.03394, 12.38759],
							"size": [0.78039, 91.3603, 0.15523],
							"pivot": [-16.66538, 11.26286, 12.4652],
							"rotation": [14.51082, -3.84097, 14.51082],
							"uv": {
								"north": {"uv": [0, 0], "uv_size": [4, 4]},
								"east": {"uv": [0, 0], "uv_size": [4, 4]},
								"south": {"uv": [0, 0], "uv_size": [4, 4]},
								"west": {"uv": [0, 0], "uv_size": [4, 4]},
								"up": {"uv": [4, 4], "uv_size": [-4, -4]},
								"down": {"uv": [4, 4], "uv_size": [-4, -4]}
							}
						},
						{
							"origin": [-17.05557, -3.03394, 12.38759],
							"size": [0.78039, 91.3603, 0.15523],
							"pivot": [-16.66538, 11.26286, 12.4652],
							"rotation": [16.0891, -25.56482, 8.40918],
							"uv": {
								"north": {"uv": [0, 0], "uv_size": [4, 4]},
								"east": {"uv": [0, 0], "uv_size": [4, 4]},
								"south": {"uv": [0, 0], "uv_size": [4, 4]},
								"west": {"uv": [0, 0], "uv_size": [4, 4]},
								"up": {"uv": [4, 4], "uv_size": [-4, -4]},
								"down": {"uv": [4, 4], "uv_size": [-4, -4]}
							}
						}
					]
				},
				{
					"name": "hexadecagon4",
					"pivot": [-8, 8, 8],
					"cubes": [
						{
							"origin": [15.29856, -3.03394, -18.8554],
							"size": [0.15523, 91.3603, 0.78039],
							"pivot": [15.37618, 11.26286, -18.4652],
							"rotation": [-18.89544, 39.46788, -27.77884],
							"uv": {
								"north": {"uv": [6, 60], "uv_size": [51, 4]},
								"east": {"uv": [0, 60], "uv_size": [4, 4]},
								"south": {"uv": [0, 60], "uv_size": [4, 4]},
								"west": {"uv": [0, 60], "uv_size": [4, 4]},
								"up": {"uv": [8, 60], "uv_size": [4, 4]},
								"down": {"uv": [0, 0], "uv_size": [4, 4]}
							}
						},
						{
							"origin": [15.29856, -3.03394, -18.8554],
							"size": [0.15523, 91.3603, 0.78039],
							"pivot": [15.37618, 11.26286, -18.4652],
							"rotation": [-15.23345, 17.92403, -20.29476],
							"uv": {
								"north": {"uv": [6, 60], "uv_size": [51, 4]},
								"east": {"uv": [0, 60], "uv_size": [4, 4]},
								"south": {"uv": [0, 60], "uv_size": [4, 4]},
								"west": {"uv": [0, 60], "uv_size": [4, 4]},
								"up": {"uv": [8, 60], "uv_size": [4, 4]},
								"down": {"uv": [0, 0], "uv_size": [4, 4]}
							}
						},
						{
							"origin": [15.29856, -3.03394, -18.8554],
							"size": [0.15523, 91.3603, 0.78039],
							"pivot": [15.37618, 11.26286, -18.4652],
							"rotation": [-14.51082, -3.84097, -14.51082],
							"uv": {
								"north": {"uv": [6, 60], "uv_size": [51, 4]},
								"east": {"uv": [0, 60], "uv_size": [4, 4]},
								"south": {"uv": [0, 60], "uv_size": [4, 4]},
								"west": {"uv": [0, 60], "uv_size": [4, 4]},
								"up": {"uv": [8, 60], "uv_size": [4, 4]},
								"down": {"uv": [0, 0], "uv_size": [4, 4]}
							}
						},
						{
							"origin": [15.29856, -3.03394, -18.8554],
							"size": [0.15523, 91.3603, 0.78039],
							"pivot": [15.37618, 11.26286, -18.4652],
							"rotation": [-16.0891, -25.56482, -8.40918],
							"uv": {
								"north": {"uv": [6, 60], "uv_size": [51, 4]},
								"east": {"uv": [0, 60], "uv_size": [4, 4]},
								"south": {"uv": [0, 60], "uv_size": [4, 4]},
								"west": {"uv": [0, 60], "uv_size": [4, 4]},
								"up": {"uv": [8, 60], "uv_size": [4, 4]},
								"down": {"uv": [0, 0], "uv_size": [4, 4]}
							}
						},
						{
							"origin": [15.29856, -3.03394, -18.8554],
							"size": [0.15523, 91.3603, 0.78039],
							"pivot": [15.37618, 11.26286, -18.4652],
							"rotation": [-21.46976, -46.91825, 0.5231],
							"uv": {
								"north": {"uv": [6, 60], "uv_size": [51, 4]},
								"east": {"uv": [0, 60], "uv_size": [4, 4]},
								"south": {"uv": [0, 60], "uv_size": [4, 4]},
								"west": {"uv": [0, 60], "uv_size": [4, 4]},
								"up": {"uv": [8, 60], "uv_size": [4, 4]},
								"down": {"uv": [0, 0], "uv_size": [4, 4]}
							}
						},
						{
							"origin": [14.98598, -3.03394, -18.54282],
							"size": [0.78039, 91.3603, 0.15523],
							"pivot": [15.37618, 11.26286, -18.4652],
							"rotation": [-15.23345, 17.92403, -20.29476],
							"uv": {
								"north": {"uv": [6, 60], "uv_size": [51, 4]},
								"east": {"uv": [0, 60], "uv_size": [4, 4]},
								"south": {"uv": [0, 60], "uv_size": [4, 4]},
								"west": {"uv": [0, 60], "uv_size": [4, 4]},
								"up": {"uv": [8, 60], "uv_size": [4, 4]},
								"down": {"uv": [0, 0], "uv_size": [4, 4]}
							}
						},
						{
							"origin": [14.98598, -3.03394, -18.54282],
							"size": [0.78039, 91.3603, 0.15523],
							"pivot": [15.37618, 11.26286, -18.4652],
							"rotation": [-14.51082, -3.84097, -14.51082],
							"uv": {
								"north": {"uv": [6, 60], "uv_size": [51, 4]},
								"east": {"uv": [0, 60], "uv_size": [4, 4]},
								"south": {"uv": [0, 60], "uv_size": [4, 4]},
								"west": {"uv": [0, 60], "uv_size": [4, 4]},
								"up": {"uv": [8, 60], "uv_size": [4, 4]},
								"down": {"uv": [0, 0], "uv_size": [4, 4]}
							}
						},
						{
							"origin": [14.98598, -3.03394, -18.54282],
							"size": [0.78039, 91.3603, 0.15523],
							"pivot": [15.37618, 11.26286, -18.4652],
							"rotation": [-16.0891, -25.56482, -8.40918],
							"uv": {
								"north": {"uv": [6, 60], "uv_size": [51, 4]},
								"east": {"uv": [0, 60], "uv_size": [4, 4]},
								"south": {"uv": [0, 60], "uv_size": [4, 4]},
								"west": {"uv": [8, 60], "uv_size": [0, 4]},
								"up": {"uv": [8, 60], "uv_size": [4, 4]},
								"down": {"uv": [0, 0], "uv_size": [4, 4]}
							}
						}
					]
				},
				{
					"name": "hexadecagon5",
					"pivot": [-8, 8, 8],
					"cubes": [
						{
							"origin": [14.29856, -3.03394, 12.07501],
							"size": [0.15523, 91.3603, 0.78039],
							"pivot": [14.37618, 11.26286, 12.4652],
							"rotation": [18.89544, -39.46788, -27.77884],
							"uv": {
								"north": {"uv": [64, 60], "uv_size": [-64, 4]},
								"east": {"uv": [64, 60], "uv_size": [-64, 4]},
								"south": {"uv": [64, 60], "uv_size": [-64, 4]},
								"west": {"uv": [4, 59], "uv_size": [-4, 4]},
								"up": {"uv": [6, 64], "uv_size": [4, -4]},
								"down": {"uv": [0, 4], "uv_size": [4, -4]}
							}
						},
						{
							"origin": [14.29856, -3.03394, 12.07501],
							"size": [0.15523, 91.3603, 0.78039],
							"pivot": [14.37618, 11.26286, 12.4652],
							"rotation": [15.23345, -17.92403, -20.29476],
							"uv": {
								"north": {"uv": [64, 60], "uv_size": [-64, 4]},
								"east": {"uv": [64, 60], "uv_size": [-64, 4]},
								"south": {"uv": [64, 60], "uv_size": [-64, 4]},
								"west": {"uv": [4, 59], "uv_size": [-4, 4]},
								"up": {"uv": [6, 64], "uv_size": [4, -4]},
								"down": {"uv": [0, 4], "uv_size": [4, -4]}
							}
						},
						{
							"origin": [14.29856, -3.03394, 12.07501],
							"size": [0.15523, 91.3603, 0.78039],
							"pivot": [14.37618, 11.26286, 12.4652],
							"rotation": [14.51082, 3.84097, -14.51082],
							"uv": {
								"north": {"uv": [64, 60], "uv_size": [-64, 4]},
								"east": {"uv": [64, 60], "uv_size": [-64, 4]},
								"south": {"uv": [64, 60], "uv_size": [-64, 4]},
								"west": {"uv": [4, 59], "uv_size": [-4, 4]},
								"up": {"uv": [6, 64], "uv_size": [4, -4]},
								"down": {"uv": [0, 4], "uv_size": [4, -4]}
							}
						},
						{
							"origin": [14.29856, -3.03394, 12.07501],
							"size": [0.15523, 91.3603, 0.78039],
							"pivot": [14.37618, 11.26286, 12.4652],
							"rotation": [16.0891, 25.56482, -8.40918],
							"uv": {
								"north": {"uv": [64, 60], "uv_size": [-64, 4]},
								"east": {"uv": [64, 60], "uv_size": [-64, 4]},
								"south": {"uv": [64, 60], "uv_size": [-64, 4]},
								"west": {"uv": [4, 59], "uv_size": [-4, 4]},
								"up": {"uv": [6, 64], "uv_size": [4, -4]},
								"down": {"uv": [0, 4], "uv_size": [4, -4]}
							}
						},
						{
							"origin": [14.29856, -3.03394, 12.07501],
							"size": [0.15523, 91.3603, 0.78039],
							"pivot": [14.37618, 11.26286, 12.4652],
							"rotation": [21.46976, 46.91825, 0.5231],
							"uv": {
								"north": {"uv": [64, 60], "uv_size": [-64, 4]},
								"east": {"uv": [64, 60], "uv_size": [-64, 4]},
								"south": {"uv": [64, 60], "uv_size": [-64, 4]},
								"west": {"uv": [4, 59], "uv_size": [-4, 4]},
								"up": {"uv": [6, 64], "uv_size": [4, -4]},
								"down": {"uv": [0, 4], "uv_size": [4, -4]}
							}
						},
						{
							"origin": [13.98598, -3.03394, 12.38759],
							"size": [0.78039, 91.3603, 0.15523],
							"pivot": [14.37618, 11.26286, 12.4652],
							"rotation": [15.23345, -17.92403, -20.29476],
							"uv": {
								"north": {"uv": [64, 60], "uv_size": [-64, 4]},
								"east": {"uv": [64, 60], "uv_size": [-64, 4]},
								"south": {"uv": [64, 60], "uv_size": [-64, 4]},
								"west": {"uv": [4, 59], "uv_size": [-4, 4]},
								"up": {"uv": [6, 64], "uv_size": [4, -4]},
								"down": {"uv": [0, 4], "uv_size": [4, -4]}
							}
						},
						{
							"origin": [13.98598, -3.03394, 12.38759],
							"size": [0.78039, 91.3603, 0.15523],
							"pivot": [14.37618, 11.26286, 12.4652],
							"rotation": [14.51082, 3.84097, -14.51082],
							"uv": {
								"north": {"uv": [64, 60], "uv_size": [-64, 4]},
								"east": {"uv": [64, 60], "uv_size": [-64, 4]},
								"south": {"uv": [64, 60], "uv_size": [-64, 4]},
								"west": {"uv": [4, 59], "uv_size": [-4, 4]},
								"up": {"uv": [6, 64], "uv_size": [4, -4]},
								"down": {"uv": [0, 4], "uv_size": [4, -4]}
							}
						},
						{
							"origin": [13.98598, -3.03394, 12.38759],
							"size": [0.78039, 91.3603, 0.15523],
							"pivot": [14.37618, 11.26286, 12.4652],
							"rotation": [16.0891, 25.56482, -8.40918],
							"uv": {
								"north": {"uv": [64, 60], "uv_size": [-64, 4]},
								"east": {"uv": [64, 60], "uv_size": [-64, 4]},
								"south": {"uv": [64, 60], "uv_size": [-64, 4]},
								"west": {"uv": [4, 59], "uv_size": [-4, 4]},
								"up": {"uv": [6, 64], "uv_size": [4, -4]},
								"down": {"uv": [0, 4], "uv_size": [4, -4]}
							}
						}
					]
				},
				{
					"name": "bone",
					"pivot": [0, 0, 0],
					"cubes": [
						{
							"origin": [-18.3136, 0, -21.3136],
							"size": [36.6272, 0, 36.6272],
							"uv": {
								"north": {"uv": [15, 32], "uv_size": [9, 14]},
								"east": {"uv": [0, 0], "uv_size": [64, 0]},
								"south": {"uv": [0, 0], "uv_size": [64, 0]},
								"west": {"uv": [0, 0], "uv_size": [64, 0]},
								"up": {"uv": [24, 48], "uv_size": [-9, -8]},
								"down": {"uv": [12, 12], "uv_size": [-12, -12]}
							}
						}
					]
				}
			]
		}
	]
}