{"format_version":"1.12.0","minecraft:geometry":[{"description":{"identifier":"geometry.hedgehog","texture_width":256,"texture_height":256,"visible_bounds_width":3,"visible_bounds_height":3.5,"visible_bounds_offset":[0,1.25,0]},"bones":[{"name":"root","pivot":[0,0,0]},{"name":"part_0","parent":"root","pivot":[0,11.5,-0.25],"rotation":[0,-90,45],"cubes":[{"origin":[-0.75,10.79289,-15.95711],"size":[1,1,30],"uv":[68,0]},{"origin":[-0.75,9.79289,-15.95711],"size":[2,1,30],"uv":[34,32]}]},{"name":"part_1","parent":"root","pivot":[0,11.5,-0.25],"rotation":[0,90,-45],"cubes":[{"origin":[-0.25,10.79289,-15.95711],"size":[1,1,30],"uv":[64,64]},{"origin":[-1.25,9.79289,-15.95711],"size":[2,1,30],"uv":[34,1]}]},{"name":"part_2","parent":"root","pivot":[-0.25,11.5,0],"rotation":[45,0,0],"cubes":[{"origin":[0,10.79289,-15.70711],"size":[1,1,30],"uv":[32,63]},{"origin":[-2,9.79289,-15.70711],"size":[2,1,30],"uv":[0,31]}]},{"name":"part_3","parent":"root","pivot":[-0.25,11.5,0],"rotation":[-45,0,0],"cubes":[{"origin":[-1,10.79289,-14.29289],"size":[1,1,30],"uv":[0,62]},{"origin":[-1,9.79289,-14.29289],"size":[2,1,30],"uv":[0,0]}]}]}]}