{"format_version":"1.12.0","minecraft:geometry":[{"description":{"identifier":"geometry.metal_rack","texture_width":128,"texture_height":128,"visible_bounds_width":2,"visible_bounds_height":2.5,"visible_bounds_offset":[0,0.75,0]},"bones":[{"name":"root","pivot":[0,0,0],"cubes":[{"origin":[-7,0,-7],"size":[1,16,1],"uv":[32,48]},{"origin":[-7,0,6],"size":[1,16,1],"uv":[28,48]},{"origin":[-8,6,-8],"size":[16,1,16],"uv":[0,17]},{"origin":[-8,14,-8],"size":[16,1,16],"uv":[0,0]},{"origin":[6,0,-7],"size":[1,16,1],"uv":[24,48]},{"origin":[6,0,6],"size":[1,16,1],"uv":[20,48]}]},{"name":"box1","parent":"root","pivot":[0,7,0],"cubes":[{"origin":[-1,7,-3],"size":[6,6,9],"uv":[38,34]}]},{"name":"box2","parent":"root","pivot":[-6,7,-2],"cubes":[{"origin":[-6,7,-5],"size":[4,3,6],"uv":[0,48]}]},{"name":"box3","parent":"root","pivot":[2,0,0],"rotation":[0,-42.5,0],"cubes":[{"origin":[-4,15,-3],"size":[10,5,9],"uv":[0,34]}]}]}]}