{"format_version":"1.12.0","minecraft:geometry":[{"description":{"identifier":"geometry.wooden_barricade1","texture_width":64,"texture_height":64,"visible_bounds_width":3,"visible_bounds_height":2.5,"visible_bounds_offset":[0,0.75,0]},"bones":[{"name":"root","pivot":[0,0,0],"cubes":[{"origin":[-8,2,7],"size":[16,3,1],"pivot":[0,4,7.5],"rotation":[0,0,-10],"uv":[0,8]},{"origin":[-8,12,7],"size":[16,3,1],"pivot":[0,13.5,7.5],"rotation":[0,0,-5],"uv":[0,4]},{"origin":[-8,7,7],"size":[16,3,1],"pivot":[0,9.5,7.5],"rotation":[0,0,5],"uv":[0,0]}]}]},{"description":{"identifier":"geometry.wooden_barricade2","texture_width":64,"texture_height":64,"visible_bounds_width":3,"visible_bounds_height":2.5,"visible_bounds_offset":[0,0.75,0]},"bones":[{"name":"root","pivot":[0,0,0],"cubes":[{"origin":[-8,2,7],"size":[16,3,1],"pivot":[0,4,7.5],"rotation":[0,0,5],"uv":[0,8]},{"origin":[-8,12,7],"size":[16,3,1],"pivot":[0,13.5,7.5],"rotation":[0,0,-5],"uv":[0,4]},{"origin":[-8,7,7],"size":[16,3,1],"pivot":[0,9.5,7.5],"rotation":[0,0,2.5],"uv":[0,0]}]}]},{"description":{"identifier":"geometry.wooden_barricade3","texture_width":64,"texture_height":64,"visible_bounds_width":3,"visible_bounds_height":2.5,"visible_bounds_offset":[0,0.75,0]},"bones":[{"name":"root","pivot":[0,0,0],"cubes":[{"origin":[-8,2,7],"size":[16,3,1],"pivot":[0,4,7.5],"rotation":[0,2,3],"uv":[0,8]},{"origin":[-8,12,7],"size":[16,3,1],"pivot":[0,13.5,7.5],"rotation":[0,0,5],"uv":[0,4]},{"origin":[-8,7,7],"size":[16,3,1],"pivot":[0,9.5,7.5],"rotation":[0,-2,-5],"uv":[0,0]}]}]}]}