{"format_version":"1.12.0","minecraft:geometry":[{"description":{"identifier":"geometry.wooden_crate","texture_width":128,"texture_height":128,"visible_bounds_width":2,"visible_bounds_height":2.5,"visible_bounds_offset":[0,0.75,0]},"bones":[{"name":"root","pivot":[0,0,0],"cubes":[{"origin":[-6,2,-6],"size":[12,12,12],"uv":[0,0]},{"origin":[6,14,-8],"size":[2,2,16],"uv":[22,62]},{"origin":[-6,14,6],"size":[12,2,2],"uv":[44,34]},{"origin":[-6,14,-8],"size":[12,2,2],"uv":[44,30]},{"origin":[-6,0,-8],"size":[12,2,2],"uv":[44,26]},{"origin":[-6,0,6],"size":[12,2,2],"uv":[20,44]},{"origin":[-8,14,-8],"size":[2,2,16],"uv":[58,46]},{"origin":[6,0,-8],"size":[2,2,16],"uv":[58,28]},{"origin":[-8,0,-8],"size":[2,2,16],"uv":[38,44]},{"origin":[6,2,-8],"size":[2,12,2],"uv":[30,24]},{"origin":[-8,2,-8],"size":[2,12,2],"uv":[22,24]},{"origin":[-8,2,6],"size":[2,12,2],"uv":[8,24]},{"origin":[6,2,6],"size":[2,12,2],"uv":[0,24]},{"origin":[-9,7,6],"size":[18,2,1],"pivot":[0,8,7],"rotation":[0,0,-45],"uv":[36,3]},{"origin":[-9,7,-7],"size":[18,2,1],"pivot":[0,8,7],"rotation":[0,0,45],"uv":[36,0]},{"origin":[6,7,-9],"size":[1,2,18],"pivot":[6.5,8,0],"rotation":[45,0,0],"uv":[44,6]},{"origin":[-1,14,-9],"size":[2,1,18],"pivot":[0,15.5,0],"rotation":[0,45,0],"uv":[22,25]},{"origin":[-1,1,-9],"size":[2,1,18],"pivot":[0,15.5,0],"rotation":[0,-45,0],"uv":[0,24]},{"origin":[-7,7,-9],"size":[1,2,18],"pivot":[6.5,8,0],"rotation":[-45,0,0],"uv":[0,43]}]}]}]}