{"format_version":"1.20.40","animation_controllers":{"controller.animation.player.m67_grenade":{"initial_state":"inactive","states":{"inactive":{"transitions":[{"hold":"q.is_item_name_any('slot.weapon.mainhand', 'gabrielaplok:m67_grenade') && q.main_hand_item_use_duration"}]},"hold":{"transitions":[{"inactive":"!q.is_item_name_any('slot.weapon.mainhand', 'gabrielaplok:m67_grenade')"},{"throw":"q.is_item_name_any('slot.weapon.mainhand', 'gabrielaplok:m67_grenade') && v.attack_time"}]},"throw":{"on_entry":["/playsound throwable.grenade.throw @a[r=20] ~~~ 1 1 0.01","/playsound armor.equip_leather @a[r=20] ~~~ 1 0.5 0.01","/playsound armor.equip_netherite @a[r=20] ~~~ 1 0.5 0.01","/playsound dig.cloth @a[r=20] ~~~ 1 0.5 0.01","/camerashake add @s[tag=sneaking] 0.08 0.2 rotational","/camerashake add @s[tag=!sneaking] 0.1 0.2 rotational"],"transitions":[{"inactive":"1"}]}}}}}