{
    "entity_sounds": {
        "entities": {
            "mdz:niva": {
                "volume": 1.0,
                "pitch": [0.8, 1.2],
                "events": {
                    "step": {
                        "sound": "niva.drive",
                        "volume": 0.15,
                        "pitch": 1.1
                    },
                    "hurt": "niva.hit",
                    "death": "niva.hit"
                }
            },
            "mdz:death_niva": {
                "volume": 1.0,
                "pitch": [0.8, 1.2],
                "events": {
                    "step": {
                        "sound": "niva.drive",
                        "volume": 0.15,
                        "pitch": 1.1
                    },
                    "hurt": "niva.hit",
                    "death": "niva.hit"
                }
            }
        }
    }
}