{"format_version":"1.20.40","minecraft:entity":{"description":{"identifier":"minecraft:player","runtime_identifier":"minecraft:player","is_spawnable":false,"is_summonable":false,"is_experimental":false,"scripts":{"animate":["guns_hold_controller","immersive_jump_controller",{"heart_fast":"q.health >= 1 && q.health <= 4"},{"heart_standard":"q.health >= 5 && q.health <= 10"},"nv_goggles_controller"]},"animations":{"guns_hold_controller":"controller.animation.player.guns_hold","guns_bullet_counter_controller":"controller.animation.player.guns_bullet_counter","guns_swap_controller":"controller.animation.player.guns_swap","guns_sight_controller":"controller.animation.player.guns_sight","guns_sneak_controller":"controller.animation.player.guns_sneak","ak47_controller":"controller.animation.player.ak47","awp_controller":"controller.animation.player.awp","desert_eagle_controller":"controller.animation.player.desert_eagle","fnfal_controller":"controller.animation.player.fnfal","glock17_controller":"controller.animation.player.glock17","glock18_controller":"controller.animation.player.glock18","m4a1_controller":"controller.animation.player.m4a1","mossberg_controller":"controller.animation.player.mossberg","mp5a5_controller":"controller.animation.player.mp5a5","m67_grenade_controller":"controller.animation.player.m67_grenade","immersive_jump_controller":"controller.animation.player.immersive_jump","nv_goggles_controller":"controller.animation.player.nv_goggles","guns_variables":"animation.player.guns_variables","ak47_reload":"animation.player.ak47_reload","awp_reload":"animation.player.awp_reload","desert_eagle_reload":"animation.player.desert_eagle_reload","fnfal_reload":"animation.player.fnfal_reload","glock17_reload":"animation.player.desert_eagle_reload","glock18_reload":"animation.player.desert_eagle_reload","m4a1_reload":"animation.player.m4a1_reload","mossberg_reload":"animation.player.mossberg_reload","mp5a5_reload":"animation.player.mp5a5_reload","heart_fast":"animation.player.heart_fast","heart_standard":"animation.player.heart_standard"},"properties":{"gabrielaplok:reloading":{"client_sync":true,"type":"int","default":0,"range":[0,1]},"gabrielaplok:pull_back":{"client_sync":true,"type":"int","default":0,"range":[0,1]}}},"component_groups":{"minecraft:add_bad_omen":{"minecraft:spell_effects":{"add_effects":[{"effect":"bad_omen","duration":6000,"visible":false,"display_on_screen_animation":true}]},"minecraft:timer":{"time":[0,0],"looping":false,"time_down_event":{"event":"minecraft:clear_add_bad_omen"}}},"minecraft:clear_bad_omen_spell_effect":{"minecraft:spell_effects":{}},"minecraft:raid_trigger":{"minecraft:raid_trigger":{"triggered_event":{"event":"minecraft:remove_raid_trigger"}},"minecraft:spell_effects":{"remove_effects":"bad_omen"}},"ak47_fire":{"minecraft:spawn_entity":{"entities":[{"min_wait_time":0,"max_wait_time":0,"single_use":true,"spawn_entity":"gabrielaplok:bullet","spawn_event":"gabrielaplok:bullet_762x39","num_to_spawn":1}]}},"awp_fire":{"minecraft:spawn_entity":{"entities":[{"min_wait_time":0,"max_wait_time":0,"single_use":true,"spawn_entity":"gabrielaplok:bullet","spawn_event":"gabrielaplok:bullet_762x51","num_to_spawn":1}]}},"desert_eagle_fire":{"minecraft:spawn_entity":{"entities":[{"min_wait_time":0,"max_wait_time":0,"single_use":true,"spawn_entity":"gabrielaplok:bullet","spawn_event":"gabrielaplok:bullet_50ae","num_to_spawn":1}]}},"fnfal_fire":{"minecraft:spawn_entity":{"entities":[{"min_wait_time":0,"max_wait_time":0,"single_use":true,"spawn_entity":"gabrielaplok:bullet","spawn_event":"gabrielaplok:bullet_762x51","num_to_spawn":1}]}},"glock17_fire":{"minecraft:spawn_entity":{"entities":[{"min_wait_time":0,"max_wait_time":0,"single_use":true,"spawn_entity":"gabrielaplok:bullet","spawn_event":"gabrielaplok:bullet_9x19pr","num_to_spawn":1}]}},"glock18_fire":{"minecraft:spawn_entity":{"entities":[{"min_wait_time":0,"max_wait_time":0,"single_use":true,"spawn_entity":"gabrielaplok:bullet","spawn_event":"gabrielaplok:bullet_9x19pr","num_to_spawn":1}]}},"m4a1_fire":{"minecraft:spawn_entity":{"entities":[{"min_wait_time":0,"max_wait_time":0,"single_use":true,"spawn_entity":"gabrielaplok:bullet","spawn_event":"gabrielaplok:bullet_556x45","num_to_spawn":1}]}},"mossberg_fire":{"minecraft:spawn_entity":{"entities":[{"min_wait_time":0,"max_wait_time":0,"single_use":true,"spawn_entity":"gabrielaplok:bullet","spawn_event":"gabrielaplok:bullet_12gauge","num_to_spawn":8}]}},"mp5a5_fire":{"minecraft:spawn_entity":{"entities":[{"min_wait_time":0,"max_wait_time":0,"single_use":true,"spawn_entity":"gabrielaplok:bullet","spawn_event":"gabrielaplok:bullet_9x19pr","num_to_spawn":1}]}}},"components":{"minecraft:experience_reward":{"on_death":"math.min(q.player_level * 7, 100)"},"minecraft:type_family":{"family":["player"]},"minecraft:is_hidden_when_invisible":{},"minecraft:loot":{"table":"loot_tables/empty.json"},"minecraft:collision_box":{"width":0.6,"height":1.8},"minecraft:can_climb":{},"minecraft:movement":{"value":0.1},"minecraft:hurt_on_condition":{"damage_conditions":[{"filters":{"test":"in_lava","value":true},"cause":"lava","damage_per_tick":4}]},"minecraft:attack":{"damage":1},"minecraft:exhaustion_values":{"heal":6,"jump":0.05,"sprint_jump":0.2,"mine":0.005,"attack":0.1,"damage":0.1,"walk":0,"sprint":0.1,"swim":0.01},"minecraft:player.saturation":{"value":5,"max":20},"minecraft:player.exhaustion":{"value":0,"max":20},"minecraft:player.level":{"value":0,"max":24791},"minecraft:player.experience":{"value":0,"max":1},"minecraft:breathable":{"total_supply":15,"suffocate_time":-1,"inhale_time":3.75,"generates_bubbles":false},"minecraft:nameable":{"always_show":true,"allow_name_tag_renaming":false},"minecraft:physics":{"push_towards_closest_space":true},"minecraft:pushable":{"is_pushable":false,"is_pushable_by_piston":true},"minecraft:insomnia":{"days_until_insomnia":3},"minecraft:rideable":{"seat_count":2,"family_types":["parrot_tame"],"pull_in_entities":true,"seats":[{"position":[0.4,-0.2,-0.1],"min_rider_count":0,"max_rider_count":0,"lock_rider_rotation":0},{"position":[-0.4,-0.2,-0.1],"min_rider_count":1,"max_rider_count":2,"lock_rider_rotation":0}]},"minecraft:conditional_bandwidth_optimization":{},"minecraft:block_climber":{},"minecraft:environment_sensor":{"triggers":[{"filters":{"all_of":[{"test":"has_mob_effect","value":"bad_omen"},{"test":"is_in_village","value":true}]},"event":"minecraft:trigger_raid"},{"filters":{"all_of":[{"test":"is_underground","value":true}]},"event":"gabrielaplok:add_underground"},{"filters":{"all_of":[{"test":"is_underground","value":false}]},"event":"gabrielaplok:remove_underground"},{"filters":{"all_of":[{"test":"is_sneaking","value":true}]},"event":"gabrielaplok:add_sneaking"},{"filters":{"all_of":[{"test":"is_sneaking","value":false}]},"event":"gabrielaplok:remove_sneaking"}]},"minecraft:damage_sensor":{"triggers":[{"deals_damage":false,"cause":"all","on_damage":{"filters":{"any_of":[{"all_of":[{"test":"has_tag","value":"axis"},{"test":"has_tag","subject":"other","value":"axis"}]},{"all_of":[{"test":"has_tag","value":"allies"},{"test":"has_tag","subject":"other","value":"allies"}]}]}}},{"cause":"all","on_damage":{"event":"gabrielaplok:on_damage"}}]},"minecraft:knockback_resistance":{"value":0.6},"minecraft:npc":{},"minecraft:interact":{"interactions":[{}]}},"events":{"minecraft:gain_bad_omen":{"add":{"component_groups":["minecraft:add_bad_omen"]}},"minecraft:clear_add_bad_omen":{"remove":{"component_groups":["minecraft:add_bad_omen"]},"add":{"component_groups":["minecraft:clear_bad_omen_spell_effect"]}},"minecraft:trigger_raid":{"add":{"component_groups":["minecraft:raid_trigger"]}},"minecraft:remove_raid_trigger":{"remove":{"component_groups":["minecraft:raid_trigger"]}},"gabrielaplok:add_underground":{"run_command":{"command":["tag @s[tag=!underground] add underground"]}},"gabrielaplok:remove_underground":{"run_command":{"command":["tag @s[tag=underground] remove underground"]}},"gabrielaplok:add_sneaking":{"run_command":{"command":["tag @s[tag=!sneaking] add sneaking"]}},"gabrielaplok:remove_sneaking":{"run_command":{"command":["tag @s[tag=sneaking] remove sneaking"]}},"gabrielaplok:add_reloading":{"filters":{"test":"int_property","domain":"gabrielaplok:reloading","value":0},"sequence":[{"set_property":{"gabrielaplok:reloading":1}},{"run_command":{"command":["tag @s[tag=!reloading] add reloading","playsound effect.player.voice.reload @s"]}}]},"gabrielaplok:remove_reloading":{"filters":{"test":"int_property","domain":"gabrielaplok:reloading","value":1},"sequence":[{"set_property":{"gabrielaplok:reloading":0}},{"run_command":{"command":["tag @s[tag=reloading] remove reloading"]}}]},"gabrielaplok:add_pull_back":{"filters":{"test":"int_property","domain":"gabrielaplok:pull_back","value":0},"set_property":{"gabrielaplok:pull_back":1}},"gabrielaplok:remove_pull_back":{"filters":{"test":"int_property","domain":"gabrielaplok:pull_back","value":1},"set_property":{"gabrielaplok:pull_back":0}},"gabrielaplok:fire":{"sequence":[{"sequence":[{"filters":{"test":"has_equipment","value":"gabrielaplok:ak47"},"sequence":[{"trigger":"gabrielaplok:ak47_fire"}]},{"filters":{"test":"has_equipment","value":"gabrielaplok:awp"},"sequence":[{"trigger":"gabrielaplok:awp_fire"}]},{"filters":{"test":"has_equipment","value":"gabrielaplok:desert_eagle"},"sequence":[{"trigger":"gabrielaplok:desert_eagle_fire"}]},{"filters":{"test":"has_equipment","value":"gabrielaplok:fnfal"},"sequence":[{"trigger":"gabrielaplok:fnfal_fire"}]},{"filters":{"test":"has_equipment","value":"gabrielaplok:glock17"},"sequence":[{"trigger":"gabrielaplok:glock17_fire"}]},{"filters":{"test":"has_equipment","value":"gabrielaplok:glock18"},"sequence":[{"trigger":"gabrielaplok:glock18_fire"}]},{"filters":{"test":"has_equipment","value":"gabrielaplok:m4a1"},"sequence":[{"trigger":"gabrielaplok:m4a1_fire"}]},{"filters":{"test":"has_equipment","value":"gabrielaplok:mossberg"},"sequence":[{"trigger":"gabrielaplok:mossberg_fire"}]},{"filters":{"test":"has_equipment","value":"gabrielaplok:mp5a5"},"sequence":[{"trigger":"gabrielaplok:mp5a5_fire"}]}]},{"randomize":[{"weight":90,"run_command":{"command":["execute as @s[tag=!underground] run function effect/gun_dist"]}},{"weight":10}]},{"randomize":[{"run_command":{"command":["execute as @s[tag=!underground] run execute at @s if entity @s[hasitem={item=gabrielaplok:silencer, location=slot.inventory, slot=2}] run playsound effect.gunshot @a[rm=50, r=500] ~~~ 100 1 0.01"]}},{}]}]},"gabrielaplok:ak47_fire":{"add":{"component_groups":["ak47_fire"]}},"gabrielaplok:awp_fire":{"add":{"component_groups":["awp_fire"]}},"gabrielaplok:desert_eagle_fire":{"add":{"component_groups":["desert_eagle_fire"]}},"gabrielaplok:fnfal_fire":{"add":{"component_groups":["fnfal_fire"]}},"gabrielaplok:glock17_fire":{"add":{"component_groups":["glock17_fire"]}},"gabrielaplok:glock18_fire":{"add":{"component_groups":["glock18_fire"]}},"gabrielaplok:m4a1_fire":{"add":{"component_groups":["m4a1_fire"]}},"gabrielaplok:mossberg_fire":{"add":{"component_groups":["mossberg_fire"]}},"gabrielaplok:mp5a5_fire":{"add":{"component_groups":["mp5a5_fire"]}},"gabrielaplok:on_damage":{"sequence":[{"filters":{"test":"has_damage","operator":"!=","value":"projectile"},"run_command":{"command":["title @s title hud.damage_overlay_0","particle gabrielaplok:blood_0 ~~0.1~","particle gabrielaplok:blood_0 ~~0.1~","camerashake add @s 0.2 0.2 rotational"]}},{"filters":{"test":"has_damage","value":"projectile"},"run_command":{"command":["title @s title hud.damage_overlay_1","particle gabrielaplok:blood_1 ~~0.1~","particle gabrielaplok:blood_1 ~~0.1~","camerashake add @s 0.4 0.2 rotational"]}}]},"gabrielaplok:hitmark":{"run_command":{"command":["playsound effect.player.hitmarker @s"]}}}}}