{"format_version":"1.10.0","render_controllers":{"controller.render.sight_ui":{"arrays":{"textures":{"Array.texture":["Texture.sight_acog","Texture.sight_hp","Texture.sight_lp"],"Array.blur":["Texture.sight_acog_blur","Texture.sight_hp_blur","Texture.sight_lp_blur"]}},"geometry":"Geometry.sight","materials":[{"*":"Material.glass"}],"textures":["(q.ground_speed == 0 && !v.is_reloading && !q.property('gabrielaplok:pull_back')) ? Array.texture[math.clamp(v.sight, 2, 4) - 2] : Array.blur[math.clamp(v.sight, 2, 4) - 2]"],"part_visibility":[{"*":"v.sight_ui"}],"on_fire_color":{},"is_hurt_color":{},"ignore_lighting":true}}}