{"format_version":"1.20.40","minecraft:item":{"description":{"identifier":"gabrielaplok:gasmask","menu_category":{"category":"equipment","group":"Head"}},"components":{"minecraft:display_name":{"value":"%item.gasmask.name \n§7%item.gasmask.description"},"minecraft:durability":{"max_durability":100,"damage_chance":{"min":60,"max":100}},"minecraft:enchantable":{"value":9,"slot":"armor_head"},"minecraft:icon":{"texture":"gasmask"},"minecraft:wearable":{"protection":2,"slot":"slot.armor.head"},"minecraft:max_stack_size":1}}}