{"format_version":"1.20.40","minecraft:item":{"description":{"identifier":"gabrielaplok:helmet_military","menu_category":{"category":"equipment","group":"Head"}},"components":{"minecraft:display_name":{"value":"item.helmet_military.name"},"minecraft:durability":{"max_durability":100,"damage_chance":{"min":60,"max":100}},"minecraft:enchantable":{"value":9,"slot":"armor_head"},"minecraft:icon":{"texture":"helmet_military"},"minecraft:wearable":{"protection":6,"slot":"slot.armor.head"},"minecraft:max_stack_size":1}}}