{"format_version":"1.20.40","minecraft:item":{"description":{"identifier":"gabrielaplok:juggernaut_boots","menu_category":{"category":"equipment","group":"Boots"}},"components":{"minecraft:display_name":{"value":"item.juggernaut_boots.name"},"minecraft:durability":{"max_durability":200,"damage_chance":{"min":60,"max":100}},"minecraft:enchantable":{"value":9,"slot":"armor_feet"},"minecraft:icon":{"texture":"juggernaut_boots"},"minecraft:repairable":{"repair_items":[{"items":["minecraft:iron_ingot"],"repair_amount":"q.max_durability * 0.25"},{"items":["gabrielaplok:juggernaut_boots"],"repair_amount":"c.other->q.remaining_durability + 0.12 * c.other->q.max_durability"}]},"minecraft:wearable":{"protection":4,"slot":"slot.armor.feet"},"minecraft:max_stack_size":1}}}