{"format_version":"1.20.40","minecraft:item":{"description":{"identifier":"gabrielaplok:juggernaut_chestplate","menu_category":{"category":"equipment","group":"Vests"}},"components":{"minecraft:display_name":{"value":"item.juggernaut_chestplate.name"},"minecraft:durability":{"max_durability":250,"damage_chance":{"min":60,"max":100}},"minecraft:enchantable":{"value":9,"slot":"armor_torso"},"minecraft:icon":{"texture":"juggernaut_chestplate"},"minecraft:repairable":{"repair_items":[{"items":["minecraft:iron_ingot"],"repair_amount":"q.max_durability * 0.25"},{"items":["gabrielaplok:juggernaut_chestplate"],"repair_amount":"c.other->q.remaining_durability + 0.12 * c.other->q.max_durability"}]},"minecraft:wearable":{"protection":8,"slot":"slot.armor.chest"},"minecraft:max_stack_size":1}}}