{"format_version":"1.20.40","minecraft:item":{"description":{"identifier":"gabrielaplok:juggernaut_helmet","menu_category":{"category":"equipment","group":"Head"}},"components":{"minecraft:display_name":{"value":"item.juggernaut_helmet.name"},"minecraft:durability":{"max_durability":100,"damage_chance":{"min":60,"max":100}},"minecraft:enchantable":{"value":9,"slot":"armor_head"},"minecraft:icon":{"texture":"juggernaut_helmet"},"minecraft:repairable":{"repair_items":[{"items":["minecraft:iron_ingot"],"repair_amount":"q.max_durability * 0.25"},{"items":["gabrielaplok:juggernaut_helmet"],"repair_amount":"c.other->q.remaining_durability + 0.12 * c.other->q.max_durability"}]},"minecraft:wearable":{"protection":4,"slot":"slot.armor.head"},"minecraft:max_stack_size":1}}}