{"format_version":"1.20.40","minecraft:item":{"description":{"identifier":"gabrielaplok:nv_goggles","menu_category":{"category":"equipment","group":"Head"}},"components":{"minecraft:display_name":{"value":"item.nv_goggles.name"},"minecraft:enchantable":{"value":9,"slot":"armor_head"},"minecraft:icon":{"texture":"nv_goggles"},"minecraft:repairable":{"repair_items":[{"items":["minecraft:iron_ingot"],"repair_amount":"q.max_durability * 0.25"},{"items":["gabrielaplok:nv_goggles"],"repair_amount":"c.other->q.remaining_durability + 0.12 * c.other->q.max_durability"}]},"minecraft:wearable":{"slot":"slot.armor.head"},"minecraft:max_stack_size":1}}}