{"format_version":"1.20.40","minecraft:item":{"description":{"identifier":"gabrielaplok:vest_6b3","menu_category":{"category":"equipment","group":"Vests"}},"components":{"minecraft:display_name":{"value":"item.vest_6b3.name"},"minecraft:durability":{"max_durability":300,"damage_chance":{"min":60,"max":100}},"minecraft:enchantable":{"value":9,"slot":"armor_torso"},"minecraft:icon":{"texture":"vest_6b3"},"minecraft:wearable":{"protection":8,"slot":"slot.armor.chest"},"minecraft:max_stack_size":1}}}