{
  "resource_pack_name": "Addon Maker Resource",
  "texture_name": "atlas.items",
  "texture_data": {
    "egg_camel": {
      "textures": "textures/items/egg_camel"
    },
    "egg_lion": {
      "textures": "textures/items/egg_lion"
    },
    "egg_penguin": {
      "textures": "textures/items/egg_penguin"
    },
    "egg_tiger": {
      "textures": "textures/items/egg_tiger"
    },
    "egg_elephant": {
      "textures": "textures/items/egg_elephant"
    },
    "egg_deer": {
      "textures": "textures/items/egg_deer"
    },
    "egg_panther": {
      "textures": "textures/items/egg_panther"
    },
    "egg_frog": {
      "textures": "textures/items/egg_frog"
    },
    "egg_crocodile": {
      "textures": "textures/items/egg_crocodile"
    },
    "egg_mouse": {
      "textures": "textures/items/egg_mouse"
    },
    "gallardo": {
      "textures": "textures/items/gallardo"
    },
    "bench": {
      "textures": "textures/items/bench"
    },
    "christmas_tree": {
      "textures": "textures/items/christmas_tree"
    },
    "tivi": {
      "textures": "textures/items/tivi"
    },
    "closet": {
      "textures": "textures/items/closet"
    },
    "laptop": {
      "textures": "textures/items/laptop"
    },
    "piano": {
      "textures": "textures/items/piano"
    },
    "armchairs": {
      "textures": "textures/items/armchairs"
    },
    "chair": {
      "textures": "textures/items/chair"
    },
    "big_table": {
      "textures": "textures/items/big_table"
    },
    "small_table": {
      "textures": "textures/items/small_table"
    },
    "drone": {
      "textures": "textures/items/drone"
    },
    "colorful_gifts": {
      "textures": "textures/items/colorful_gifts"
    },
    "pa:pot01": {
      "textures": "textures/items/pamobile/pa_pot01"
    },
    "pa:cookie01": {
      "textures": "textures/items/pamobile/pa_cookie01"
    },
    "pa:radio": {
      "textures": "textures/items/pamobile/pa_radio"
    },
    "pa:cookie03": {
      "textures": "textures/items/pamobile/pa_cookie03"
    },
    "pa:basket03": {
      "textures": "textures/items/pamobile/pa_basket03"
    },
    "pa:parasol04": {
      "textures": "textures/items/pamobile/pa_parasol04"
    },
    "pa:parasol06": {
      "textures": "textures/items/pamobile/pa_parasol06"
    },
    "pa:tepee": {
      "textures": "textures/items/pamobile/pa_tepee"
    },
    "pa:parasol01": {
      "textures": "textures/items/pamobile/pa_parasol01"
    },
    "pa:coffe": {
      "textures": "textures/items/pamobile/pa_coffe"
    },
    "pa:pot02": {
      "textures": "textures/items/pamobile/pa_pot02"
    },
    "pa:parasol05": {
      "textures": "textures/items/pamobile/pa_parasol05"
    },
    "pa:parasol03": {
      "textures": "textures/items/pamobile/pa_parasol03"
    },
    "pa:milk": {
      "textures": "textures/items/pamobile/pa_milk"
    },
    "pa:basket02": {
      "textures": "textures/items/pamobile/pa_basket02"
    },
    "pa:parasol02": {
      "textures": "textures/items/pamobile/pa_parasol02"
    },
    "pa:sandwich": {
      "textures": "textures/items/pamobile/pa_sandwich"
    },
    "pa:cookie02": {
      "textures": "textures/items/pamobile/pa_cookie02"
    },
    "pa:orange": {
      "textures": "textures/items/pamobile/pa_orange"
    },
    "pa:pancake": {
      "textures": "textures/items/pamobile/pa_pancake"
    },
    "pa:basket01": {
      "textures": "textures/items/pamobile/pa_basket01"
    },
    "pa:tray01": {
      "textures": "textures/items/pamobile/pa_tray01"
    },
    "pa:tray02": {
      "textures": "textures/items/pamobile/pa_tray02"
    }
  }
}