{"format_version":"1.8.0","minecraft:client_entity":{"description":{"identifier":"ussr:niva","materials":{"default":"niva"},"textures":{"color1":"textures/niva/entity/color1","color2":"textures/niva/entity/color2","color3":"textures/niva/entity/color3","color4":"textures/niva/entity/color4","color5":"textures/niva/entity/color5","color6":"textures/niva/entity/color6","color7":"textures/niva/entity/color7","color8":"textures/niva/entity/color8","color9":"textures/bug/entity/color9","color10":"textures/bug/entity/color10"},"geometry":{"default":"geometry.niva"},"animations":{"door_open":"animation.niva.door_open","door_close":"animation.niva.door_close","bag_open":"animation.niva.hood_open","bag_close":"animation.niva.hood_close","kap_open":"animation.niva.kap_open","kap_close":"animation.niva.kap_close","turning":"animation.niva.turning","drive":"animation.niva.drive","up":"animation.niva.up","down":"animation.niva.down"},"animation_controllers":[{"bag":"controller.animation.niva.bag"},{"door":"controller.animation.niva.door"},{"kap":"controller.animation.niva.kap"},{"main":"controller.animation.niva"},{"block":"controller.animation.niva.block"}],"render_controllers":["controller.render.niva"],"spawn_egg":{"texture":"mdz:niva","texture_index":0}}}}