{

	"entity_sounds": {
		"entities": {
			"bike:bmx": {
			    "volume": 2.0,
			    "pitch": [0.9, 1.1],
				"events": {
				    "step": {
				        "sound": "mob.bmx.drive",
				        "volume": 2,
				        "pitch": [1.0]
			       		},
	    			    "hurt": {
				        "sound": "mob.bike.hit",
				        "volume": 2,
				        "pitch": [1.0]
			       		},
	    			    "death": {
				        "sound": "mob.bike.explode",
				        "volume": 2,
				        "pitch": [1.0]
			       		},
	    			    "jump": {
				        "sound": "mob.bike.jump",
				        "volume": 2,
				        "pitch": [1.0]
			       		},
	    			    "land": {
				        "sound": "mob.bike.land",
				        "volume": 2,
				        "pitch": [1.0]
				    }
			    }
			},
			"bike:cruiser": {
			    "volume": 2.0,
			    "pitch": [0.9, 1.1],
				"events": {
				    "step": {
				        "sound": "mob.bmx.drive",
				        "volume": 2,
				        "pitch": [0.7]
			       		},
	    			    "hurt": {
				        "sound": "mob.bike.hit",
				        "volume": 2,
				        "pitch": [1.1] 
			       		},
	    			    "death": {
				        "sound": "mob.bike.explode",
				        "volume": 2,
				        "pitch": [1.1]
			       		},
	    			    "jump": {
				        "sound": "mob.bike.jump",
				        "volume": 2,
				        "pitch": [1.0]
			       		},
	    			    "land": {
				        "sound": "mob.bike.land",
				        "volume": 2,
				        "pitch": [1.0]
				    }
			    }
			},
			"bike:mountain": {
			    "volume": 2.0,
			    "pitch": [0.9, 1.1],
				"events": {
				    "step": {
				        "sound": "mob.bmx.drive",
				        "volume": 2,
				        "pitch": [1.2]
			       		},
	    			    "hurt": {
				        "sound": "mob.bike.hit",
				        "volume": 2,
				        "pitch": [0.9]
			       		},
	    			    "death": {
				        "sound": "mob.bike.explode",
				        "volume": 2,
				        "pitch": [0.9]
			       		},
	    			    "jump": {
				        "sound": "mob.bike.jump",
				        "volume": 2,
				        "pitch": [1.0]
			       		},
	    			    "land": {
				        "sound": "mob.bike.land",
				        "volume": 2,
				        "pitch": [1.0]
			        }
			    }
			}
		}
	},
	"interactive_sounds": {}
}