{
	"file_path": "/home/yulian/.local/share/mcpelauncher/games/com.mojang/development_resource_packs/HelicopterRP/render_controllers/helicopter.json",
	"file_type": "render_controller",
	"format_version": 1,
	"file_uuid": "500bff0f_f52e_430f_856e_b76bf4b9ef93",
	"file_version": 2,
	"cache_content": {
		"children": [
			{
				"data": "1.8.0",
				"key": "format_version"
			},
			{
				"open": {
					"format_version": "1.8.0",
					"render_controllers": {
						"controller.render.helicopter": {
							"textures": [
								"Texture.default"
							],
							"geometry": "Geometry.default",
							"materials": [
								{
									"*": "Material.default"
								}
							]
						}
					}
				},
				"key": "render_controllers",
				"children": [
					{
						"open": {
							"controller.render.helicopter": {
								"textures": [
									"Texture.default"
								],
								"geometry": "Geometry.default",
								"materials": [
									{
										"*": "Material.default"
									}
								]
							}
						},
						"key": "controller.render.helicopter",
						"children": [
							{
								"open": {
									"textures": [
										"Texture.default"
									],
									"geometry": "Geometry.default",
									"materials": [
										{
											"*": "Material.default"
										}
									]
								},
								"key": "textures",
								"is_minified": true,
								"children": [
									"Texture.default"
								]
							},
							{
								"data": "Geometry.default",
								"key": "geometry"
							},
							{
								"open": {
									"textures": [
										"Texture.default"
									],
									"geometry": "Geometry.default",
									"materials": [
										{
											"*": "Material.default"
										}
									]
								},
								"key": "materials",
								"children": [
									{
										"open": [
											{
												"*": "Material.default"
											}
										],
										"is_minified": true,
										"children": {
											"*": "Material.default"
										}
									}
								]
							}
						]
					}
				]
			}
		]
	}
}