{"format_version":"1.20.40","animations":{"animation.guns.dryfire":{"animation_length":0.16667,"bones":{"waist":{"rotation":{"0.0":[-1,0,0],"0.0833":[0,0,0]},"position":{"0.0":[0,-0.25,0],"0.0833":[0,0,0]}},"trigger":{"position":{"0.0":[0,0,1],"0.1667":[0,0,0]}}}},"animation.guns.fpp_run":{"loop":true,"bones":{"waist":{"rotation":[16,"q.equipped_item_all_tags('slot.weapon.mainhand', 'is_light') ? -20 : -40",-6],"position":[-4,"q.equipped_item_all_tags('slot.weapon.mainhand', 'is_light') ? 3 : (v.sight ? 0.5 : 1.5)","q.equipped_item_all_tags('slot.weapon.mainhand', 'is_light') ? 4 : 5"]}}},"animation.guns.fpp_stand":{"loop":true,"bones":{"waist":{"rotation":[16,"q.equipped_item_all_tags('slot.weapon.mainhand', 'is_light') ? -20 : -40",-6],"position":[-4,"q.equipped_item_all_tags('slot.weapon.mainhand', 'is_light') ? 3 : (v.sight ? 0.5 : 1.5)","q.equipped_item_all_tags('slot.weapon.mainhand', 'is_light') ? 4 : 5"]}}},"animation.guns.tpp_stand":{"loop":true,"bones":{"leftArm":{"rotation":["-52 -this","14 -this","-10 -this"],"position":[0,0,0.5]},"rightArm":{"rotation":["-42 -this","-44 -this","-26 -this"]}}},"animation.guns.tpp_hold":{"loop":true,"bones":{"leftArm":{"rotation":["(q.is_swimming || q.equipped_item_all_tags('slot.weapon.mainhand', 'is_light')) ? 0 : -93 + q.target_x_rotation - q.is_sneaking * 27.0 -this","(q.is_swimming || q.equipped_item_all_tags('slot.weapon.mainhand', 'is_light')) ? 0 : 42 + math.clamp(q.target_y_rotation, -45, 5) -this","q.is_sneaking * -15"]},"rightArm":{"rotation":["q.is_swimming ? 0 : -93 + q.target_x_rotation - q.is_sneaking * 27.0 -this","q.is_swimming ? 0 : math.clamp(q.target_y_rotation, -60, 45) -this",0]}}}}}