{"format_version":"1.20.40","animations":{"animation.player.first_person.empty_hand":{"loop":true,"bones":{"rightArm":{"position":[13.5,-10,12],"rotation":[95,-45,115]}}},"animation.player.fpp_hands":{"loop":true,"bones":{"root":{"rotation":[0,180,0]},"body":{"rotation":["math.sin(q.anim_time * 250) * 0.6","math.sin(q.anim_time * 150) * 0.4","math.cos(q.anim_time * 150) * 0.4"]},"leftArm":{"rotation":[-142,28,-8],"position":[3,-6,-2]},"rightArm":{"rotation":[-118,-10,4],"position":[-1,-4,1]}}}}}