{"format_version":"1.20.40","animations":{"animation.player.bob":{"loop":true,"bones":{"leftArm":{"rotation":[0,"math.clamp(q.target_y_rotation, -10, 10) * 1.5","-((math.cos(q.life_time * 103.2) * 2.865) + 2.865)"],"position":[0,"(math.cos(q.life_time * 103.2) * 0.2)",0]},"rightArm":{"rotation":[0,"math.clamp(q.target_y_rotation, -10, 10) * 1.5","(math.cos(q.life_time * 103.2) * 2.865) + 2.865"],"position":[0,"(math.cos(q.life_time * 103.2) * 0.2)",0]},"body":{"scale":[1,"1 - (math.cos(q.life_time * 103.2) * 0.02)",1]},"waist":{"rotation":[0,"math.clamp(q.target_y_rotation, -10, 10) * 1.5 + (math.cos(q.life_time * 103.2) * 0.2)","(math.cos(q.life_time * 103.2) * 0.2)"]},"root":{"rotation":[0,"math.clamp(q.target_y_rotation, -5, 5)",0]},"leftLeg":{"rotation":[0,"math.clamp(q.target_y_rotation, -5, 5)",0]},"rightLeg":{"rotation":[0,"math.clamp(q.target_y_rotation, -5, 5)",0]}}},"animation.player.move.arms":{"loop":true,"animation_length":0.5,"anim_time_update":"q.modified_distance_moved * 0.05","blend_weight":"q.is_moving","bones":{"head":{"rotation":{"0.0":[0,0,0],"0.2083":[2,0,0],"0.2917":[-4,0,0],"0.5":[0,0,0]}},"waist":{"rotation":{"0.0":["q.is_sprinting ? 15 : 0",0,0],"0.125":["(q.is_sprinting ? 15 : 0) + 2.5",0,0],"0.25":["q.is_sprinting ? 15 : 0",0,0]}},"leftArm":{"rotation":{"0.0":[-30,0,0],"0.125":[0,0,-10],"0.25":[30,0,0],"0.375":[0,0,-10],"0.5":[-30,0,0]},"position":{"0.0":[0,0,0],"0.25":[0,-1,0],"0.5":[0,0,0]}},"rightArm":{"rotation":{"0.0":[30,0,0],"0.125":[0,0,10],"0.25":[-30,0,0],"0.375":[0,0,10],"0.5":[30,0,0]},"position":{"0.0":[0,0,0],"0.25":[0,-1,0],"0.5":[0,0,0]}},"rightItem":{"rotation":{"0.0":[0,0,0],"0.2083":[4,0,0],"0.2917":[-8,0,0],"0.5":[0,0,0]}},"gun":{"rotation":{"0.0":[0,0,0],"0.2083":[4,0,0],"0.2917":[-8,0,0],"0.5":[0,0,0]}}}},"animation.player.move.legs":{"loop":true,"animation_length":0.5,"anim_time_update":"q.modified_distance_moved * 0.05","blend_weight":"q.is_moving","bones":{"root":{"position":{"0.0":[0,-1,0],"0.1667":[0,0,0],"0.3333":[0,-1,0],"0.5":[0,0,0]}},"leftLeg":{"rotation":{"0.0":[20,0,0],"0.25":[-20,0,0],"0.5":[20,0,0]},"position":{"0.0":[0,0,1],"0.125":[0,1,-1],"0.25":[0,0,-1],"0.5":[0,0,1]}},"rightLeg":{"rotation":{"0.0":[-20,0,0],"0.25":[20,0,0],"0.5":[-20,0,0]},"position":{"0.0":[0,0,-1],"0.25":[0,0,1],"0.375":[0,1,-1],"0.5":[0,0,-1]}}}},"animation.player.sleeping":{"loop":true,"override_previous_animation":true,"bones":{"head":{"rotation":["30 - this","-30 -this","-this"]},"root":{"rotation":[-90,"270 - q.sleep_rotation - q.body_y_rotation",0],"position":["24 * math.cos(q.body_y_rotation) * math.cos(q.sleep_rotation) - 24 * math.sin(q.body_y_rotation) * math.sin(q.sleep_rotation)",0,"24 * math.cos(q.body_y_rotation) * math.sin(q.sleep_rotation) + 24 * math.sin(q.body_y_rotation) * math.cos(q.sleep_rotation)"]},"leftArm":{"rotation":[-20,10,26]},"rightArm":{"rotation":[0,0,10]},"leftLeg":{"rotation":[0,0,-10]},"rightLeg":{"rotation":[0,0,10]}}},"animation.player.sneaking":{"loop":true,"bones":{"body":{"position":[0,-2,0]},"head":{"position":[0,-1,0]},"leftArm":{"rotation":[-5.7,0,0]},"leftLeg":{"rotation":[-28,-0.1,-0.1]},"rightArm":{"rotation":[-5.7,0,0]},"rightLeg":{"rotation":[-28,0.1,0.1]},"root":{"rotation":["28 - this",0,0],"position":[0,1.25,9]}}}}}