{"format_version":"1.12.0","minecraft:geometry":[{"description":{"identifier":"geometry.explosive_crate","texture_width":64,"texture_height":64,"visible_bounds_width":2,"visible_bounds_height":1.5,"visible_bounds_offset":[0,0.25,0]},"bones":[{"name":"root","pivot":[0,0,0],"cubes":[{"origin":[-8,1,-5],"size":[16,4,10],"uv":[0,0]},{"origin":[3,0,-6],"size":[3,1,12],"uv":[18,28]},{"origin":[3,5,-6],"size":[3,1,12],"uv":[0,14]},{"origin":[-6,0,-6],"size":[3,1,12],"uv":[0,27]},{"origin":[-6,5,-6],"size":[3,1,12],"uv":[18,15]}]}]}]}