{
  "format_version": "1.12",
  "minecraft:recipe_shaped": {
    "description": {
      "identifier": "bike:bmx_spawn_egg"
    },
    "tags": [
      "crafting_table"
    ],
    "pattern": [
      " A ",
      "BCB",
      " D "
    ],
    "key": {
      "A": {
        "item": "gear:seat",
        "data": 0
      },
      "B": {
        "item": "gear:wheel",
        "data": 0
      },
      "C": {
        "item": "gear:frame_bmx",
        "data": 0
      },
      "D": {
        "item": "gear:pedal",
        "data": 0
      }
    },
    "result": {
      "item": "bike:bmx_spawn_egg",
      "count": 1
    }
  }
}