{
  "format_version": "1.12",
  "minecraft:recipe_shaped": {
    "description": {
      "identifier": "gear:pedal"
    },
    "tags": [
      "crafting_table"
    ],
    "pattern": [
      " A ",
      "ABA",
      " AC"
    ],
    "key": {
      "A": {
        "item": "minecraft:iron_bars",
        "data": 0
      },
      "B": {
        "item": "minecraft:iron_block",
        "data": 0
      },
      "C": {
        "item": "minecraft:iron_ingot",
        "data": 0
      }
    },
    "result": {
      "item": "gear:pedal",
      "count": 1
    }
  }
}