{
    "format_version": "1.10.0",
    "minecraft:client_entity": {
        "description": {
            "identifier": "minecraft:player",
            "materials": {
                "default": "entity_alphatest",
                "cape": "entity_alphatest",
                "animated": "player_animated",
                "spectator": "player_spectator",
                "gun": "entity_alphatest",
                "transparent": "entity_alphablend",
                "glass": "slime_outer",
                "light": "charged_creeper",
                "nv_goggles": "entity_beam_additive"
            },
            "textures": {
                "default": "textures/entity/steve",
                "cape": "textures/entity/cape_invisible",
                "ak47": "textures/models/guns/ak47",
                "awp": "textures/models/guns/awp",
                "desert_eagle": "textures/models/guns/desert_eagle",
                "fnfal": "textures/models/guns/fnfal",
                "glock17": "textures/models/guns/glock17",
                "glock18": "textures/models/guns/glock18",
                "m4a1": "textures/models/guns/m4a1",
                "mossberg": "textures/models/guns/mossberg",
                "mp5a5": "textures/models/guns/mp5a5",
                "acog_sight": "textures/models/attachment/acog_sight",
                "eotech_sight": "textures/models/attachment/eotech_sight",
                "foregrip": "textures/models/attachment/foregrip",
                "laser": "textures/models/attachment/laser",
                "scope_hp": "textures/models/attachment/scope_hp",
                "scope_lp": "textures/models/attachment/scope_lp",
                "silencer": "textures/models/attachment/silencer",
                "m67_grenade": "textures/models/throwable/m67_grenade",
                "nv_goggles": "textures/sight/nv_goggles",
                "sight_acog": "textures/sight/scope_acog",
                "sight_acog_blur": "textures/sight/scope_acog_blur",
                "sight_hp": "textures/sight/scope_hp",
                "sight_hp_blur": "textures/sight/scope_hp_blur",
                "sight_lp": "textures/sight/scope_lp",
                "sight_lp_blur": "textures/sight/scope_lp_blur"
            },
            "geometry": {
                "default": "geometry.humanoid.custom",
                "cape": "geometry.cape",
                "player_hands": "geometry.player_hands",
                "ak47": "geometry.ak47",
                "awp": "geometry.awp",
                "desert_eagle": "geometry.desert_eagle",
                "fnfal": "geometry.fnfal",
                "glock17": "geometry.glock17",
                "glock18": "geometry.glock18",
                "m4a1": "geometry.m4a1",
                "mossberg": "geometry.mossberg",
                "mp5a5": "geometry.mp5a5",
                "acog_sight": "geometry.acog_sight",
                "eotech_sight": "geometry.eotech_sight",
                "foregrip": "geometry.foregrip",
                "laser": "geometry.laser",
                "scope_hp": "geometry.scope_hp",
                "scope_lp": "geometry.scope_lp",
                "silencer": "geometry.silencer",
                "m67_grenade": "geometry.m67_grenade",
                "nv_goggles": "geometry.nv_goggles_ui",
                "sight": "geometry.sight_ui"
            },
            "scripts": {
                "scale": "0.9375",
                "initialize": [
                    "v.is_holding_right = 0;",
                    "v.is_blinking = 0;",
                    "v.last_blink_time = 0;",
                    "v.hand_bob = 0;",
                    "v.is_standing = 0;",
                    "v.is_inspecting = 0;"
                ],
                "pre_animation": [
                    "v.helmet_layer_visible = !q.self->q.is_item_name_any('slot.armor.head', 0, 'minecraft:air');",
                    "v.leg_layer_visible = !q.self->q.is_item_name_any('slot.armor.chest', 0, 'minecraft:air');",
                    "v.boot_layer_visible = !q.self->q.is_item_name_any('slot.armor.legs', 0, 'minecraft:air');",
                    "v.chest_layer_visible = !q.self->q.is_item_name_any('slot.armor.feet', 0, 'minecraft:air');",
                    "v.attack_body_rot_y = math.sin(360 * math.sqrt(v.attack_time)) * 5;",
                    "v.tcos0 = (math.cos(q.modified_distance_moved * 38.17) * q.modified_move_speed / v.gliding_speed_value) * 57.3;",
                    "v.first_person_rotation_factor = math.sin((1 - v.attack_time) * 180);",
                    "v.hand_bob = q.life_time < 0.01 ? 0 : v.hand_bob + ((q.is_on_ground && q.is_alive ? math.clamp(math.sqrt(math.pow(q.position_delta(0), 2) + math.pow(q.position_delta(2), 2)), 0, 0.1) : 0) - v.hand_bob) * 0.02;",
                    "v.map_angle = math.clamp(1 - v.player_x_rotation / 45.1, 0, 1);",
                    "v.item_use_normalized = q.main_hand_item_use_duration / q.main_hand_item_max_duration;",
                    "v.is_third_person = !v.is_first_person && !v.map_face_icon;",
                    "v.inspection = !v.attack_time && !q.main_hand_item_use_duration && !q.is_sneaking && !q.is_sprinting && !q.self->q.property('gabrielaplok:reloading') && q.is_alive;",
                    "v.standing = !v.is_inspecting && !q.main_hand_item_use_duration && !q.is_sneaking && !q.is_sprinting && !q.self->q.property('gabrielaplok:reloading') && q.is_alive;",
                    "v.ak47 = q.self->q.is_item_name_any('slot.weapon.mainhand', 'gabrielaplok:ak47');",
                    "v.awp = q.self->q.is_item_name_any('slot.weapon.mainhand', 'gabrielaplok:awp');",
                    "v.desert_eagle = q.self->q.is_item_name_any('slot.weapon.mainhand', 'gabrielaplok:desert_eagle');",
                    "v.fnfal = q.self->q.is_item_name_any('slot.weapon.mainhand', 'gabrielaplok:fnfal');",
                    "v.glock17 = q.self->q.is_item_name_any('slot.weapon.mainhand', 'gabrielaplok:glock17');",
                    "v.glock18 = q.self->q.is_item_name_any('slot.weapon.mainhand', 'gabrielaplok:glock18');",
                    "v.m4a1 = q.self->q.is_item_name_any('slot.weapon.mainhand', 'gabrielaplok:m4a1');",
                    "v.mossberg = q.self->q.is_item_name_any('slot.weapon.mainhand', 'gabrielaplok:mossberg');",
                    "v.mp5a5 = q.self->q.is_item_name_any('slot.weapon.mainhand', 'gabrielaplok:mp5a5');",
                    "v.m67_grenade = q.self->q.is_item_name_any('slot.weapon.mainhand', 'gabrielaplok:m67_grenade');",
                    "v.guns = q.equipped_item_all_tags('slot.weapon.mainhand', 'is_gun');",
                    "v.grenade = q.equipped_item_all_tags('slot.weapon.mainhand', 'is_grenade');",
                    "v.grip = (q.equipped_item_all_tags('slot.weapon.mainhand', 'allow_grip') ? (q.self->q.is_item_name_any('slot.inventory', 3, 'gabrielaplok:foregrip') ? 1 : 0) : 0);",
                    "v.laser = (q.equipped_item_all_tags('slot.weapon.mainhand', 'allow_laser') ? (q.self->q.is_item_name_any('slot.inventory', 1, 'gabrielaplok:laser') ? 1 : 0) : 0);",
                    "v.sight = (q.equipped_item_all_tags('slot.weapon.mainhand', 'allow_sight') ? (q.self->q.is_item_name_any('slot.inventory', 0, 'gabrielaplok:eotech_sight') ? 1 : (q.self->q.is_item_name_any('slot.inventory', 0, 'gabrielaplok:acog_sight') ? 2 : (q.self->q.is_item_name_any('slot.inventory', 0, 'gabrielaplok:scope_hp') ? 3 : (q.self->q.is_item_name_any('slot.inventory', 0, 'gabrielaplok:scope_lp') ? 4 : 0)))) : 0);",
                    "v.silencer = (q.equipped_item_all_tags('slot.weapon.mainhand', 'allow_silencer') ? (q.self->q.is_item_name_any('slot.inventory', 2, 'gabrielaplok:silencer') ? 1 : 0) : 0);",
                    "v.sight_ui = v.sight && v.sight != 1 && !q.self->q.property('gabrielaplok:reloading');",
                    "v.is_reloading = q.self->q.property('gabrielaplok:reloading');"
                ],
                "animate": [
                    {
                        "root": "!(v.guns || v.grenade)"
                    },
                    {
                        "guns_root_controller": "v.guns || v.grenade"
                    },
                    "guns_hold_controller"
                ]
            },
            "animations": {
                "root": "controller.animation.player.root",
                "base_controller": "controller.animation.player.base",
                "hudplayer": "controller.animation.player.hudplayer",
                "humanoid_base_pose": "animation.humanoid.base_pose",
                "look_at_target": "controller.animation.humanoid.look_at_target",
                "look_at_target_ui": "animation.player.look_at_target.ui",
                "look_at_target_default": "animation.humanoid.look_at_target.default",
                "look_at_target_gliding": "animation.humanoid.look_at_target.gliding",
                "look_at_target_swimming": "animation.humanoid.look_at_target.swimming",
                "look_at_target_inverted": "animation.player.look_at_target.inverted",
                "cape": "animation.player.cape",
                "move.arms": "animation.player.move.arms",
                "move.legs": "animation.player.move.legs",
                "swimming": "animation.player.swim",
                "swimming.legs": "animation.player.swim.legs",
                "crawling": "animation.player.crawl",
                "crawling.legs": "animation.player.crawl.legs",
                "riding.arms": "animation.player.riding.arms",
                "riding.legs": "animation.player.riding.legs",
                "holding": "animation.player.holding",
                "brandish_spear": "animation.humanoid.brandish_spear",
                "holding_spyglass": "animation.humanoid.holding_spyglass",
                "charging": "animation.humanoid.charging",
                "attack.positions": "animation.player.attack.positions",
                "attack.rotations": "animation.player.attack.rotations",
                "sneaking": "animation.player.sneaking",
                "bob": "animation.player.bob",
                "damage_nearby_mobs": "animation.humanoid.damage_nearby_mobs",
                "bow_and_arrow": "animation.humanoid.bow_and_arrow",
                "use_item_progress": "animation.humanoid.use_item_progress",
                "skeleton_attack": "animation.skeleton.attack",
                "sleeping": "animation.player.sleeping",
                "first_person_base_pose": "animation.player.first_person.base_pose",
                "first_person_empty_hand": "animation.player.first_person.empty_hand",
                "first_person_swap_item": "animation.player.first_person.swap_item",
                "first_person_shield_block": "animation.player.first_person.shield_block",
                "first_person_attack_controller": "controller.animation.player.first_person_attack",
                "first_person_attack_rotation": "animation.player.first_person.attack_rotation",
                "first_person_vr_attack_rotation": "animation.player.first_person.vr_attack_rotation",
                "first_person_walk": "animation.player.first_person.walk",
                "first_person_map_controller": "controller.animation.player.first_person_map",
                "first_person_map_hold": "animation.player.first_person.map_hold",
                "first_person_map_hold_attack": "animation.player.first_person.map_hold_attack",
                "first_person_map_hold_off_hand": "animation.player.first_person.map_hold_off_hand",
                "first_person_map_hold_main_hand": "animation.player.first_person.map_hold_main_hand",
                "first_person_crossbow_equipped": "animation.player.first_person.crossbow_equipped",
                "third_person_crossbow_equipped": "animation.player.crossbow_equipped",
                "third_person_bow_equipped": "animation.player.bow_equipped",
                "crossbow_hold": "animation.player.crossbow_hold",
                "crossbow_controller": "controller.animation.player.crossbow",
                "shield_block_main_hand": "animation.player.shield_block_main_hand",
                "shield_block_off_hand": "animation.player.shield_block_off_hand",
                "blink": "controller.animation.persona.blink",
                "tooting_goat_horn": "animation.humanoid.tooting_goat_horn",
                "holding_brush": "animation.humanoid.holding_brush",
                "brushing": "animation.humanoid.brushing",
                "guns_root_controller": "controller.animation.player.guns_root",
                "guns_hold_controller": "controller.animation.player.guns_hold",
                "guns_fpp_run_controller": "controller.animation.player.guns_fpp_run",
                "guns_fpp_stand_controller": "controller.animation.player.guns_fpp_stand",
                "guns_tpp_controller": "controller.animation.player.guns_tpp",
                "guns_fpp_run": "animation.guns.fpp_run",
                "guns_fpp_stand": "animation.guns.fpp_stand",
                "guns_tpp_stand": "animation.guns.tpp_stand",
                "guns_tpp_hold": "animation.guns.tpp_hold",
                "ak47_controller": "controller.animation.player.ak47",
                "ak47_ads_controller": "controller.animation.player.ak47_ads",
                "ak47_item": "animation.ak47.item",
                "ak47_fpp_ads": "animation.ak47.fpp_ads",
                "ak47_fpp_draw": "animation.ak47.fpp_draw",
                "ak47_fpp_hold": "animation.ak47.fpp_hold",
                "ak47_fpp_inspect": "animation.ak47.fpp_inspect",
                "ak47_fpp_reload": "animation.ak47.fpp_reload",
                "ak47_fpp_run": "animation.ak47.fpp_run",
                "awp_controller": "controller.animation.player.awp",
                "awp_ads_controller": "controller.animation.player.awp_ads",
                "awp_item": "animation.awp.item",
                "awp_fpp_ads": "animation.awp.fpp_ads",
                "awp_fpp_draw": "animation.awp.fpp_draw",
                "awp_fpp_hold": "animation.awp.fpp_hold",
                "awp_fpp_inspect": "animation.awp.fpp_inspect",
                "awp_fpp_reload": "animation.awp.fpp_reload",
                "awp_fpp_run": "animation.awp.fpp_run",
                "desert_eagle_controller": "controller.animation.player.desert_eagle",
                "desert_eagle_ads_controller": "controller.animation.player.desert_eagle_ads",
                "desert_eagle_item": "animation.desert_eagle.item",
                "desert_eagle_fpp_ads": "animation.desert_eagle.fpp_ads",
                "desert_eagle_fpp_draw": "animation.desert_eagle.fpp_draw",
                "desert_eagle_fpp_hold": "animation.desert_eagle.fpp_hold",
                "desert_eagle_fpp_inspect": "animation.desert_eagle.fpp_inspect",
                "desert_eagle_fpp_reload": "animation.desert_eagle.fpp_reload",
                "desert_eagle_fpp_run": "animation.desert_eagle.fpp_run",
                "fnfal_controller": "controller.animation.player.fnfal",
                "fnfal_ads_controller": "controller.animation.player.fnfal_ads",
                "fnfal_item": "animation.fnfal.item",
                "fnfal_fpp_ads": "animation.fnfal.fpp_ads",
                "fnfal_fpp_draw": "animation.fnfal.fpp_draw",
                "fnfal_fpp_hold": "animation.fnfal.fpp_hold",
                "fnfal_fpp_inspect": "animation.fnfal.fpp_inspect",
                "fnfal_fpp_reload": "animation.fnfal.fpp_reload",
                "fnfal_fpp_run": "animation.fnfal.fpp_run",
                "glock17_controller": "controller.animation.player.glock17",
                "glock17_ads_controller": "controller.animation.player.glock17_ads",
                "glock18_controller": "controller.animation.player.glock18",
                "glock18_ads_controller": "controller.animation.player.glock18_ads",
                "glock18_item": "animation.glock18.item",
                "glock18_fpp_ads": "animation.glock18.fpp_ads",
                "glock18_fpp_draw": "animation.glock18.fpp_draw",
                "glock18_fpp_hold": "animation.glock18.fpp_hold",
                "glock18_fpp_inspect": "animation.glock18.fpp_inspect",
                "glock18_fpp_reload": "animation.glock18.fpp_reload",
                "glock18_fpp_run": "animation.glock18.fpp_run",
                "m4a1_controller": "controller.animation.player.m4a1",
                "m4a1_ads_controller": "controller.animation.player.m4a1_ads",
                "m4a1_item": "animation.m4a1.item",
                "m4a1_fpp_ads": "animation.m4a1.fpp_ads",
                "m4a1_fpp_draw": "animation.m4a1.fpp_draw",
                "m4a1_fpp_hold": "animation.m4a1.fpp_hold",
                "m4a1_fpp_inspect": "animation.m4a1.fpp_inspect",
                "m4a1_fpp_reload": "animation.m4a1.fpp_reload",
                "m4a1_fpp_run": "animation.m4a1.fpp_run",
                "mossberg_controller": "controller.animation.player.mossberg",
                "mossberg_ads_controller": "controller.animation.player.mossberg_ads",
                "mossberg_item": "animation.mossberg.item",
                "mossberg_fpp_ads": "animation.mossberg.fpp_ads",
                "mossberg_fpp_draw": "animation.mossberg.fpp_draw",
                "mossberg_fpp_hold": "animation.mossberg.fpp_hold",
                "mossberg_fpp_inspect": "animation.mossberg.fpp_inspect",
                "mossberg_fpp_reload": "animation.mossberg.fpp_reload",
                "mossberg_fpp_run": "animation.mossberg.fpp_run",
                "mp5a5_controller": "controller.animation.player.mp5a5",
                "mp5a5_ads_controller": "controller.animation.player.mp5a5_ads",
                "mp5a5_item": "animation.mp5a5.item",
                "mp5a5_fpp_ads": "animation.mp5a5.fpp_ads",
                "mp5a5_fpp_draw": "animation.mp5a5.fpp_draw",
                "mp5a5_fpp_hold": "animation.mp5a5.fpp_hold",
                "mp5a5_fpp_inspect": "animation.mp5a5.fpp_inspect",
                "mp5a5_fpp_reload": "animation.mp5a5.fpp_reload",
                "mp5a5_fpp_run": "animation.mp5a5.fpp_run",
                "m67_grenade_controller": "controller.animation.player.m67_grenade",
                "m67_grenade_aim_controller": "controller.animation.player.m67_grenade_aim",
                "m67_grenade_item": "animation.m67_grenade.item",
                "m67_grenade_fpp_aim": "animation.m67_grenade.fpp_aim",
                "m67_grenade_fpp_draw": "animation.m67_grenade.fpp_draw",
                "m67_grenade_fpp_hold": "animation.m67_grenade.fpp_hold",
                "sight": "animation.guns.sight"
            },
            "particle_effects": {
                "muzzle_flash": "gabrielaplok:muzzle_flash",
                "muzzle_hot": "gabrielaplok:muzzle_hot",
                "muzzle_lensflare": "gabrielaplok:muzzle_lensflare",
                "muzzle_smoke_0": "gabrielaplok:muzzle_smoke_0",
                "muzzle_smoke_1": "gabrielaplok:muzzle_smoke_1",
                "muzzle_smoke_2": "gabrielaplok:muzzle_smoke_2",
                "casing_long": "gabrielaplok:casing_long",
                "casing_medium": "gabrielaplok:casing_medium",
                "casing_short": "gabrielaplok:casing_short",
                "casing_shotgun": "gabrielaplok:casing_shotgun"
            },
            "sound_effects": {
                "gun_draw": "effect.gun.draw",
                "ak47_magin": "gun.ak47.magin",
                "ak47_magout": "gun.ak47.magout",
                "ak47_pullback": "gun.ak47.pullback",
                "ak47_pullforward": "gun.ak47.pullforward",
                "awp_magin": "gun.awp.magin",
                "awp_magout": "gun.awp.magout",
                "awp_pullback": "gun.awp.pullback",
                "awp_pullforward": "gun.awp.pullforward",
                "desert_eagle_maghit": "gun.desert_eagle.maghit",
                "desert_eagle_magin": "gun.desert_eagle.magin",
                "desert_eagle_magout": "gun.desert_eagle.magout",
                "desert_eagle_pullback": "gun.desert_eagle.pullback",
                "desert_eagle_pullforward": "gun.desert_eagle.pullforward",
                "fnfal_maghit": "gun.fnfal.maghit",
                "fnfal_magin": "gun.fnfal.magin",
                "fnfal_magout": "gun.fnfal.magout",
                "fnfal_pullback": "gun.fnfal.pullback",
                "fnfal_pullforward": "gun.fnfal.pullforward",
                "glock18_maghit": "gun.glock18.maghit",
                "glock18_magin": "gun.glock18.magin",
                "glock18_magout": "gun.glock18.magout",
                "glock18_pullback": "gun.glock18.pullback",
                "glock18_pullforward": "gun.glock18.pullforward",
                "m4a1_maghit": "gun.m4a1.maghit",
                "m4a1_magin": "gun.m4a1.magin",
                "m4a1_magout": "gun.m4a1.magout",
                "m4a1_pullback": "gun.m4a1.pullback",
                "m4a1_pullforward": "gun.m4a1.pullforward",
                "mossberg_pumpback": "gun.mossberg.pumpback",
                "mossberg_pumpforward": "gun.mossberg.pumpforward",
                "mossberg_shellin": "gun.mossberg.shellin",
                "mp5a5_magin": "gun.mp5a5.magin",
                "mp5a5_magout": "gun.mp5a5.magout",
                "mp5a5_pullback": "gun.mp5a5.pullback",
                "mp5a5_pullforward": "gun.mp5a5.pullforward",
                "bullet_bounce_9mm": "bullet.eject.bounce_9mm",
                "bullet_bounce_50bmg": "bullet.eject.bounce_50bmg",
                "bullet_bounce_308mm": "bullet.eject.bounce_308mm",
                "bullet_bounce_338mm": "bullet.eject.bounce_338mm",
                "bullet_bounce_556mm": "bullet.eject.bounce_556mm",
                "bullet_bounce_shotgun": "bullet.eject.bounce_shotgun",
                "bullet_eject_9mm": "bullet.eject.eject_9mm",
                "bullet_eject_45acp": "bullet.eject.eject_45acp",
                "bullet_eject_50bmg": "bullet.eject.eject_50bmg",
                "bullet_eject_556mm": "bullet.eject.eject_556mm",
                "bullet_eject_762mm": "bullet.eject.eject_762mm"
            },
            "render_controllers": [
                {
                    "controller.render.player.first_person_spectator": "v.is_first_person && q.is_spectator"
                },
                {
                    "controller.render.player.third_person_spectator": "v.is_third_person && q.is_spectator"
                },
                {
                    "controller.render.player.first_person": "v.is_first_person && !q.is_spectator"
                },
                {
                    "controller.render.player.third_person": "v.is_third_person && !q.is_spectator"
                },
                {
                    "controller.render.player.map": "v.map_face_icon"
                },
                {
                    "controller.render.player.player_hands": "v.is_first_person && !q.is_spectator"
                },
                {
                    "controller.render.ak47": "v.ak47"
                },
                {
                    "controller.render.awp": "v.awp"
                },
                {
                    "controller.render.desert_eagle": "v.desert_eagle"
                },
                {
                    "controller.render.fnfal": "v.fnfal"
                },
                {
                    "controller.render.glock17": "v.glock17"
                },
                {
                    "controller.render.glock18": "v.glock18"
                },
                {
                    "controller.render.m4a1": "v.m4a1"
                },
                {
                    "controller.render.mossberg": "v.mossberg"
                },
                {
                    "controller.render.mp5a5": "v.mp5a5"
                },
                {
                    "controller.render.grip": "v.grip"
                },
                {
                    "controller.render.laser": "v.laser"
                },
                {
                    "controller.render.sight": "v.sight"
                },
                {
                    "controller.render.silencer": "v.silencer"
                },
                {
                    "controller.render.m67_grenade": "v.m67_grenade"
                },
                {
                    "controller.render.nv_goggles": "q.self->q.is_item_name_any('slot.armor.head', 0, 'gabrielaplok:nv_goggles') && v.is_first_person && !q.is_in_water"
                },
                {
                    "controller.render.sight_ui": "v.sight_ui && q.is_sneaking && v.is_first_person"
                }
            ],
            "enable_attachables": true
        }
    }
}