{"format_version":"1.10.0","render_controllers":{"controller.render.player.first_person":{"geometry":"Geometry.default","materials":[{"*":"Material.default"}],"textures":["Texture.default"],"part_visibility":[{"*":false},{"leftArm":"((q.get_equipped_item_name(0, 1) == 'filled_map' && q.get_equipped_item_name('off_hand') != 'shield') || (q.get_equipped_item_name('off_hand') == 'filled_map' && !q.item_is_charged) || (!q.item_is_charged && (v.item_use_normalized > 0 && v.item_use_normalized < 1))) || v.guns || v.grenade"},{"leftSleeve":"((q.get_equipped_item_name(0, 1) == 'filled_map' && q.get_equipped_item_name('off_hand') != 'shield') || (q.get_equipped_item_name('off_hand') == 'filled_map' && !q.item_is_charged) || (!q.item_is_charged && (v.item_use_normalized > 0 && v.item_use_normalized < 1))) || v.guns || v.grenade"}]},"controller.render.player.third_person":{"geometry":"Geometry.default","materials":[{"*":"Material.default"}],"textures":["Texture.default"],"part_visibility":[{"*":true},{"helmet":"v.helmet_layer_visible"},{"leftLegging":"v.leg_layer_visible"},{"rightLegging":"v.leg_layer_visible"},{"leftBoot":"v.boot_layer_visible"},{"rightBoot":"v.boot_layer_visible"},{"leftSock":"v.boot_layer_visible && v.leg_layer_visible"},{"rightSock":"v.boot_layer_visible && v.leg_layer_visible"},{"bodyArmor":"v.chest_layer_visible && !q.has_cape"},{"leftArmArmor":"v.chest_layer_visible && !q.has_cape"},{"rightArmArmor":"v.chest_layer_visible && !q.has_cape"},{"belt":"v.chest_layer_visible && v.leg_layer_visible"}]},"controller.render.player.player_hands":{"geometry":"Geometry.player_hands","materials":[{"*":"Material.default"}],"textures":["Texture.default"],"part_visibility":[{"*":false},{"rightArmExtra":"v.is_first_person ? (q.get_equipped_item_name(0, 1) == '' || q.get_equipped_item_name(0, 1) == 'filled_map' || v.guns || v.grenade) : true"},{"rightSleeveExtra":"v.is_first_person ? (q.get_equipped_item_name(0, 1) == '' || q.get_equipped_item_name(0, 1) == 'filled_map' || v.guns || v.grenade) : true"}]}}}