{
	"file_path": "/home/yulian/.local/share/mcpelauncher/games/com.mojang/development_resource_packs/HelicopterRP/entity/helicopter.json",
	"file_type": "client_entity",
	"format_version": 1,
	"file_uuid": "fdd30bae_0ea4_4617_9ad3_bc9f0e1dcb50",
	"file_version": 17,
	"cache_content": {
		"children": [
			{
				"data": "1.10.0",
				"key": "format_version"
			},
			{
				"open": {
					"format_version": "1.10.0",
					"minecraft:client_entity": {
						"description": {
							"identifier": "mob:helicopter",
							"materials": {
								"default": "entity"
							},
							"geometry": {
								"default": "geometry.helicoptero"
							},
							"animations": {
								"rotar": "animation.helicopter.rotar"
							},
							"textures": {
								"default": "textures/entity/helicoptero"
							},
							"render_controllers": [
								"controller.render.helicopter"
							],
							"spawn_egg": {
								"texture": "spawn_helicopter"
							},
							"scripts": {
								"animate": [
									{
										"rotar": "query.has_rider"
									}
								]
							},
							"particle_effects": {
								"emitir": "minecraft:end_chest"
							}
						}
					}
				},
				"key": "minecraft:client_entity",
				"children": [
					{
						"open": {
							"description": {
								"identifier": "mob:helicopter",
								"materials": {
									"default": "entity"
								},
								"geometry": {
									"default": "geometry.helicoptero"
								},
								"animations": {
									"rotar": "animation.helicopter.rotar"
								},
								"textures": {
									"default": "textures/entity/helicoptero"
								},
								"render_controllers": [
									"controller.render.helicopter"
								],
								"spawn_egg": {
									"texture": "spawn_helicopter"
								},
								"scripts": {
									"animate": [
										{
											"rotar": "query.has_rider"
										}
									]
								},
								"particle_effects": {
									"emitir": "minecraft:end_chest"
								}
							}
						},
						"key": "description",
						"children": [
							{
								"data": "mob:helicopter",
								"key": "identifier"
							},
							{
								"key": "materials",
								"is_minified": true,
								"children": {
									"default": "entity"
								}
							},
							{
								"key": "geometry",
								"is_minified": true,
								"children": {
									"default": "geometry.helicoptero"
								}
							},
							{
								"open": {
									"identifier": "mob:helicopter",
									"materials": {
										"default": "entity"
									},
									"geometry": {
										"default": "geometry.helicoptero"
									},
									"animations": {
										"rotar": "animation.helicopter.rotar"
									},
									"textures": {
										"default": "textures/entity/helicoptero"
									},
									"render_controllers": [
										"controller.render.helicopter"
									],
									"spawn_egg": {
										"texture": "spawn_helicopter"
									},
									"scripts": {
										"animate": [
											{
												"rotar": "query.has_rider"
											}
										]
									},
									"particle_effects": {
										"emitir": "minecraft:end_chest"
									}
								},
								"key": "animations",
								"is_minified": true,
								"children": {
									"rotar": "animation.helicopter.rotar"
								}
							},
							{
								"key": "textures",
								"is_minified": true,
								"children": {
									"default": "textures/entity/helicoptero"
								}
							},
							{
								"key": "render_controllers",
								"is_minified": true,
								"children": [
									"controller.render.helicopter"
								]
							},
							{
								"key": "spawn_egg",
								"is_minified": true,
								"children": {
									"texture": "spawn_helicopter"
								}
							},
							{
								"open": {
									"identifier": "mob:helicopter",
									"materials": {
										"default": "entity"
									},
									"geometry": {
										"default": "geometry.helicoptero"
									},
									"animations": {
										"rotar": "animation.helicopter.rotar"
									},
									"textures": {
										"default": "textures/entity/helicoptero"
									},
									"render_controllers": [
										"controller.render.helicopter"
									],
									"spawn_egg": {
										"texture": "spawn_helicopter"
									},
									"scripts": {
										"animate": [
											{
												"rotar": "query.has_rider"
											}
										]
									},
									"particle_effects": {
										"emitir": "minecraft:end_chest"
									}
								},
								"key": "scripts",
								"children": [
									{
										"open": {
											"animate": [
												{
													"rotar": "query.has_rider"
												}
											]
										},
										"key": "animate",
										"children": [
											{
												"open": [
													{
														"rotar": "query.has_rider"
													}
												],
												"is_minified": true,
												"children": {
													"rotar": "query.has_rider"
												}
											}
										]
									}
								]
							},
							{
								"open": {
									"identifier": "mob:helicopter",
									"materials": {
										"default": "entity"
									},
									"geometry": {
										"default": "geometry.helicoptero"
									},
									"animations": {
										"rotar": "animation.helicopter.rotar"
									},
									"textures": {
										"default": "textures/entity/helicoptero"
									},
									"render_controllers": [
										"controller.render.helicopter"
									],
									"spawn_egg": {
										"texture": "spawn_helicopter"
									},
									"scripts": {
										"animate": [
											{
												"rotar": "query.has_rider"
											}
										]
									},
									"particle_effects": {
										"emitir": "minecraft:end_chest"
									}
								},
								"key": "particle_effects",
								"is_minified": true,
								"children": {
									"emitir": "minecraft:end_chest"
								}
							}
						]
					}
				]
			}
		]
	}
}