{
	"file_path": "/home/yulian/.local/share/mcpelauncher/games/com.mojang/development_resource_packs/HelicopterRP/entity/helicopter_blue.json",
	"file_type": "client_entity",
	"format_version": 1,
	"file_uuid": "2b7e3f3b_24ea_456e_8c27_42979f70a81c",
	"file_version": 7,
	"cache_content": {
		"children": [
			{
				"data": "1.10.0",
				"key": "format_version"
			},
			{
				"open": {
					"format_version": "1.10.0",
					"minecraft:client_entity": {
						"description": {
							"identifier": "mob:helicopter_blue",
							"materials": {
								"default": "entity"
							},
							"textures": {
								"default": "textures/entity/helicoptero_blue"
							},
							"geometry": {
								"default": "geometry.helicoptero_blue"
							},
							"animations": {
								"rotar": "animation.helicopter.rotar"
							},
							"scripts": {
								"animate": [
									{
										"rotar": "query.has_rider"
									}
								]
							},
							"render_controllers": [
								"controller.render.helicopter_blue"
							],
							"spawn_egg": {
								"texture": "spawn_helicopter_blue"
							}
						}
					}
				},
				"key": "minecraft:client_entity",
				"children": [
					{
						"open": {
							"description": {
								"identifier": "mob:helicopter_blue",
								"materials": {
									"default": "entity"
								},
								"textures": {
									"default": "textures/entity/helicoptero_blue"
								},
								"geometry": {
									"default": "geometry.helicoptero_blue"
								},
								"animations": {
									"rotar": "animation.helicopter.rotar"
								},
								"scripts": {
									"animate": [
										{
											"rotar": "query.has_rider"
										}
									]
								},
								"render_controllers": [
									"controller.render.helicopter_blue"
								],
								"spawn_egg": {
									"texture": "spawn_helicopter_blue"
								}
							}
						},
						"key": "description",
						"children": [
							{
								"open": {
									"identifier": "mob:helicopter_blue",
									"materials": {
										"default": "entity"
									},
									"textures": {
										"default": "textures/entity/helicoptero_blue"
									},
									"geometry": {
										"default": "geometry.helicoptero_blue"
									},
									"animations": {
										"rotar": "animation.helicopter.rotar"
									},
									"scripts": {
										"animate": [
											{
												"rotar": "query.has_rider"
											}
										]
									},
									"render_controllers": [
										"controller.render.helicopter_blue"
									],
									"spawn_egg": {
										"texture": "spawn_helicopter_blue"
									}
								},
								"data": "mob:helicopter_blue",
								"key": "identifier"
							},
							{
								"open": {
									"identifier": "mob:helicopter_blue",
									"materials": {
										"default": "entity"
									},
									"textures": {
										"default": "textures/entity/helicoptero_blue"
									},
									"geometry": {
										"default": "geometry.helicoptero_blue"
									},
									"animations": {
										"rotar": "animation.helicopter.rotar"
									},
									"scripts": {
										"animate": [
											{
												"rotar": "query.has_rider"
											}
										]
									},
									"render_controllers": [
										"controller.render.helicopter_blue"
									],
									"spawn_egg": {
										"texture": "spawn_helicopter_blue"
									}
								},
								"key": "materials",
								"is_minified": true,
								"children": {
									"default": "entity"
								}
							},
							{
								"open": {
									"identifier": "mob:helicopter_blue",
									"materials": {
										"default": "entity"
									},
									"textures": {
										"default": "textures/entity/helicoptero_blue"
									},
									"geometry": {
										"default": "geometry.helicoptero_blue"
									},
									"animations": {
										"rotar": "animation.helicopter.rotar"
									},
									"scripts": {
										"animate": [
											{
												"rotar": "query.has_rider"
											}
										]
									},
									"render_controllers": [
										"controller.render.helicopter_blue"
									],
									"spawn_egg": {
										"texture": "spawn_helicopter_blue"
									}
								},
								"key": "textures",
								"is_minified": true,
								"children": {
									"default": "textures/entity/helicoptero_blue"
								}
							},
							{
								"open": {
									"identifier": "mob:helicopter_blue",
									"materials": {
										"default": "entity"
									},
									"textures": {
										"default": "textures/entity/helicoptero_blue"
									},
									"geometry": {
										"default": "geometry.helicoptero_blue"
									},
									"animations": {
										"rotar": "animation.helicopter.rotar"
									},
									"scripts": {
										"animate": [
											{
												"rotar": "query.has_rider"
											}
										]
									},
									"render_controllers": [
										"controller.render.helicopter_blue"
									],
									"spawn_egg": {
										"texture": "spawn_helicopter_blue"
									}
								},
								"key": "geometry",
								"is_minified": true,
								"children": {
									"default": "geometry.helicoptero_blue"
								}
							},
							{
								"key": "animations",
								"is_minified": true,
								"children": {
									"rotar": "animation.helicopter.rotar"
								}
							},
							{
								"open": {
									"identifier": "mob:helicopter_blue",
									"materials": {
										"default": "entity"
									},
									"textures": {
										"default": "textures/entity/helicoptero_blue"
									},
									"geometry": {
										"default": "geometry.helicoptero_blue"
									},
									"animations": {
										"rotar": "animation.helicopter.rotar"
									},
									"scripts": {
										"animate": [
											{
												"rotar": "query.has_rider"
											}
										]
									},
									"render_controllers": [
										"controller.render.helicopter_blue"
									],
									"spawn_egg": {
										"texture": "spawn_helicopter_blue"
									}
								},
								"key": "scripts",
								"is_minified": true,
								"children": {
									"animate": [
										{
											"rotar": "query.has_rider"
										}
									]
								}
							},
							{
								"open": {
									"identifier": "mob:helicopter_blue",
									"materials": {
										"default": "entity"
									},
									"textures": {
										"default": "textures/entity/helicoptero_blue"
									},
									"geometry": {
										"default": "geometry.helicoptero_blue"
									},
									"animations": {
										"rotar": "animation.helicopter.rotar"
									},
									"scripts": {
										"animate": [
											{
												"rotar": "query.has_rider"
											}
										]
									},
									"render_controllers": [
										"controller.render.helicopter_blue"
									],
									"spawn_egg": {
										"texture": "spawn_helicopter_blue"
									}
								},
								"key": "render_controllers",
								"is_minified": true,
								"children": [
									"controller.render.helicopter_blue"
								]
							},
							{
								"open": {
									"identifier": "mob:helicopter_blue",
									"materials": {
										"default": "entity"
									},
									"textures": {
										"default": "textures/entity/helicoptero_blue"
									},
									"geometry": {
										"default": "geometry.helicoptero_blue"
									},
									"animations": {
										"rotar": "animation.helicopter.rotar"
									},
									"scripts": {
										"animate": [
											{
												"rotar": "query.has_rider"
											}
										]
									},
									"render_controllers": [
										"controller.render.helicopter_blue"
									],
									"spawn_egg": {
										"texture": "spawn_helicopter_blue"
									}
								},
								"key": "spawn_egg",
								"is_minified": true,
								"children": {
									"texture": "spawn_helicopter_blue"
								}
							}
						]
					}
				]
			}
		]
	}
}