{"format_version":"1.10.0","particle_effect":{"description":{"identifier":"gabrielaplok:molotov_flame","basic_render_parameters":{"material":"particles_add","texture":"textures/particle/flame_atlas"}},"components":{"minecraft:emitter_rate_steady":{"spawn_rate":20,"max_particles":5},"minecraft:emitter_lifetime_once":{"active_time":1},"minecraft:emitter_shape_sphere":{"offset":[0,0.1,0],"radius":0.1,"direction":"outwards"},"minecraft:particle_initialization":{"per_render_expression":"v.size = 0.2 * math.pow(1 - (v.particle_age / v.particle_lifetime), 0.6);"},"minecraft:particle_lifetime_expression":{"max_lifetime":"Math.random(0.2, 0.4)"},"minecraft:particle_initial_speed":1,"minecraft:particle_motion_dynamic":{"linear_acceleration":["math.random(-0.6, 0.6)",1.5,"math.random(-0.6, 0.6)"]},"minecraft:particle_appearance_billboard":{"size":["v.size","v.size"],"facing_camera_mode":"rotate_xyz","uv":{"texture_width":16,"texture_height":512,"flipbook":{"base_UV":[0,0],"size_UV":[16,16],"step_UV":[0,16],"max_frame":32,"stretch_to_lifetime":true}}},"minecraft:particle_appearance_tinting":{"color":[1,1,1,1]}}}}