{"format_version":"1.12.0","minecraft:geometry":[{"description":{"identifier":"geometry.workbench","texture_width":64,"texture_height":64,"visible_bounds_width":2,"visible_bounds_height":3.5,"visible_bounds_offset":[0,1.25,0]},"bones":[{"name":"root","pivot":[0,0,0],"cubes":[{"origin":[-7,0,5],"size":[2,14,2],"uv":[36,40]},{"origin":[-7,0,-7],"size":[2,14,2],"uv":[28,40]},{"origin":[-8,14,-8],"size":[16,2,16],"uv":[0,0]},{"origin":[-6,3,-6],"size":[12,1,12],"uv":[0,18]},{"origin":[5,0,-7],"size":[2,14,2],"uv":[8,0]},{"origin":[5,0,5],"size":[2,14,2],"uv":[0,0]}]},{"name":"blueprint","parent":"root","pivot":[16,0,0],"cubes":[{"origin":[-1.5,14.9,2],"size":[2,5,2],"pivot":[1,16,3],"rotation":[45,0,0],"uv":[30,31]},{"origin":[-3.5,19.9,1],"size":[6,1,8],"pivot":[1,16,3],"rotation":[45,0,0],"uv":[30,31]},{"origin":[-3.5,20.9,7],"size":[6,1,2],"pivot":[1,16,3],"rotation":[45,0,0],"uv":[36,26]},{"origin":[-1,21.9,8],"size":[1,5,1],"pivot":[1,16,3],"rotation":[45,0,0],"uv":[44,42]},{"origin":[-1,26.9,5],"size":[1,1,4],"pivot":[1,16,3],"rotation":[45,0,0],"uv":[0,23]},{"origin":[-2.5,25.9,3],"size":[4,1,4],"pivot":[1,16,3],"rotation":[45,0,0],"uv":[11,41]}]},{"name":"paper","parent":"blueprint","pivot":[0,16,-4],"cubes":[{"origin":[-8,16,-4],"size":[15,10,0],"pivot":[0,16,-4],"rotation":[-45,0,0],"uv":[0,31]}]},{"name":"box","parent":"root","pivot":[5,0,0],"cubes":[{"origin":[-4,4,-4],"size":[7,3,5],"uv":[36,18]}]},{"name":"bullet","parent":"root","pivot":[-1,0,0],"cubes":[{"origin":[-3,4,4],"size":[3,1,1],"pivot":[-1,0,0],"rotation":[0,-30,0],"uv":[42,40]},{"origin":[3,4,1],"size":[1,3,1],"pivot":[-1,0,0],"rotation":[0,-30,0],"uv":[0,18]}]},{"name":"compressor","parent":"root","pivot":[2,0,0],"cubes":[{"origin":[4.5,16,-9],"size":[2,3,1],"uv":[6,18]},{"origin":[4,16,-8],"size":[3,1,5],"uv":[0,41]},{"origin":[4.5,18,-8],"size":[2,1,1],"uv":[21,46]},{"origin":[4.5,17,-5],"size":[2,2,1],"uv":[6,23]},{"origin":[4.5,18,-6],"size":[2,1,1],"uv":[15,46]}]},{"name":"hammer","parent":"root","pivot":[10,0,-4],"cubes":[{"origin":[2.38268,16,-2.92388],"size":[3,1,1],"inflate":0.1,"pivot":[10,0,-3],"rotation":[0,22.5,0],"uv":[0,28]},{"origin":[3.38268,16,-1.92388],"size":[1,1,4],"pivot":[10,0,-3],"rotation":[0,22.5,0],"uv":[0,18]}]}]}]}