{"format_version":"1.20.30","minecraft:item":{"description":{"identifier":"gabrielaplok:awp","menu_category":{"category":"equipment","group":"Guns"}},"components":{"minecraft:cooldown":{"category":"awp","duration":0.375},"minecraft:display_name":{"value":"item.awp.name"},"minecraft:food":{"can_always_eat":true},"minecraft:icon":{"texture":"awp"},"minecraft:max_stack_size":1,"minecraft:use_duration":3600,"minecraft:can_destroy_in_creative":false,"minecraft:hand_equipped":true,"minecraft:should_despawn":false,"minecraft:stacked_by_data":true,"tag:is_gun":{},"tag:is_sniper":{},"tag:is_pullback":{},"tag:is_heavy":{},"tag:allow_sight":{},"tag:allow_silencer":{}}}}