{"format_version":"1.20.30","minecraft:item":{"description":{"identifier":"gabrielaplok:fnfal","menu_category":{"category":"equipment","group":"Guns"}},"components":{"minecraft:cooldown":{"category":"fnfal","duration":0.035},"minecraft:display_name":{"value":"item.fnfal.name"},"minecraft:food":{"can_always_eat":true},"minecraft:icon":{"texture":"fnfal"},"minecraft:max_stack_size":1,"minecraft:use_duration":3600,"minecraft:can_destroy_in_creative":false,"minecraft:hand_equipped":true,"minecraft:should_despawn":false,"minecraft:stacked_by_data":true,"tag:is_gun":{},"tag:is_ar":{},"tag:is_heavy":{},"tag:allow_sight":{},"tag:allow_silencer":{}}}}