{"format_version":"1.20.30","minecraft:item":{"description":{"identifier":"gabrielaplok:glock18","menu_category":{"category":"equipment","group":"Guns"}},"components":{"minecraft:cooldown":{"category":"glock18","duration":0.009},"minecraft:display_name":{"value":"item.glock18.name"},"minecraft:food":{"can_always_eat":true},"minecraft:icon":{"texture":"glock18"},"minecraft:max_stack_size":1,"minecraft:use_duration":3600,"minecraft:can_destroy_in_creative":false,"minecraft:hand_equipped":true,"minecraft:should_despawn":false,"minecraft:stacked_by_data":true,"tag:is_gun":{},"tag:is_pistol":{},"tag:is_light":{},"tag:allow_silencer":{}}}}