{"format_version":"1.20.30","minecraft:item":{"description":{"identifier":"gabrielaplok:mossberg","menu_category":{"category":"equipment","group":"Guns"}},"components":{"minecraft:cooldown":{"category":"mossberg","duration":0.75},"minecraft:display_name":{"value":"item.mossberg.name"},"minecraft:food":{"can_always_eat":true},"minecraft:icon":{"texture":"mossberg"},"minecraft:max_stack_size":1,"minecraft:use_duration":3600,"minecraft:can_destroy_in_creative":false,"minecraft:hand_equipped":true,"minecraft:should_despawn":false,"minecraft:stacked_by_data":true,"tag:is_gun":{},"tag:is_shotgun":{},"tag:is_pullback":{},"tag:is_heavy":{}}}}