{"format_version":"1.20.30","minecraft:item":{"description":{"identifier":"gabrielaplok:mp5a5","menu_category":{"category":"equipment","group":"Guns"}},"components":{"minecraft:cooldown":{"category":"mp5a5","duration":0.004},"minecraft:display_name":{"value":"item.mp5a5.name"},"minecraft:food":{"can_always_eat":true},"minecraft:icon":{"texture":"mp5a5"},"minecraft:max_stack_size":1,"minecraft:use_duration":3600,"minecraft:can_destroy_in_creative":false,"minecraft:hand_equipped":true,"minecraft:should_despawn":false,"minecraft:stacked_by_data":true,"tag:is_gun":{},"tag:is_smg":{},"tag:is_heavy":{},"tag:allow_grip":{},"tag:allow_sight":{},"tag:allow_silencer":{}}}}