{"format_version":"1.20.40","minecraft:entity":{"description":{"identifier":"gabrielaplok:m67_grenade_entity","runtime_identifier":"minecraft:snowball","is_spawnable":false,"is_summonable":false,"is_experimental":false},"component_groups":{"impact":{"minecraft:explode":{"fuse_length":0.001,"fuse_lit":true,"power":2.5,"causes_fire":false,"fire_affected_by_griefing":true,"destroy_affected_by_griefing":true}}},"components":{"minecraft:type_family":{"family":["projectile","explosive","grenade"]},"minecraft:collision_box":{"width":0.25,"height":0.25},"minecraft:break_blocks":{"breakable_blocks":["bamboo","big_dripleaf","cocoa","carved_pumpkin","chorus_flower","chorus_plant","cave_vines","cave_vines_body_with_berries","cave_vines_head_with_berries","glass","glass_pane","lantern","lit_pumpkin","melon_block","pumpkin","stained_glass","stained_glass_pane","standing_sign","small_dripleaf_block","tinted_glass","turtle_egg","vine","wall_banner","wall_sign","web","wheat","waterlily"]},"minecraft:environment_sensor":{"triggers":[{"filters":{"test":"in_water","value":true},"event":"gabrielaplok:in_water"}]},"minecraft:projectile":{"on_hit":{"definition_event":{"affect_projectile":true,"event_trigger":{"event":"gabrielaplok:impact"}},"impact_damage":{"damage":4,"knockback":true},"stick_in_ground":{"shake_time":0.1}},"power":2,"gravity":0.04,"inertia":1,"liquid_inertia":1,"uncertainty_base":0.4,"anchor":6,"offset":[0,0.05,0.05],"multiple_targets":false},"minecraft:fire_immune":true,"minecraft:damage_sensor":{"triggers":[{"cause":"fall","deals_damage":false}]},"minecraft:behavior.float":{"priority":3},"minecraft:navigation.float":{"can_path_over_water":true},"minecraft:movement.basic":{"max_turn":0},"minecraft:movement":{"value":0},"minecraft:tick_world":{"distance_to_players":128,"never_despawn":false,"radius":2},"minecraft:despawn":{"despawn_from_distance":{}},"minecraft:conditional_bandwidth_optimization":{"default_values":{"max_optimized_distance":80,"max_dropped_ticks":7,"use_motion_prediction_hints":true}},"minecraft:pushable":{"is_pushable":true,"is_pushable_by_piston":true},"minecraft:physics":{}},"events":{"gabrielaplok:in_water":{"run_command":{"command":["playsound random.splash @a[r=20] ~~~ 1 1 0.01","particle gabrielaplok:bullet_water ~~~","tag @s add in_water"]}},"gabrielaplok:impact":{"sequence":[{"add":{"component_groups":["impact"]}},{"run_command":{"command":["playsound throwable.grenade.drop @a[r=20] ~~~ 1 1 0.01","function effect/explosion"]}}]}}}}