{"format_version":"1.20.40","animations":{"animation.m67_grenade.item":{"loop":true,"bones":{"grenade":{"rotation":[70,0,0],"position":[-5,12,-1]}}},"animation.m67_grenade.throw":{"animation_length":0.41667,"bones":{"grenade":{"rotation":{"0.2917":[0,0,0],"0.4167":[42.5,0,0]},"position":{"0.2917":[0,0,0],"0.4167":[0,-1,0]},"scale":{"0.2917":[1,1,1],"0.4167":[0.2,0.2,0.2]}},"pin":{"position":{"0.125":[0,0,0],"0.2083":[5,0,1],"0.2917":[5,1.5,2.5],"0.375":[5,0,0]}},"body":{"rotation":{"0.0":[0,0,0],"0.125":[0,30,0],"0.2083":[0,30,0],"0.2917":[4,0,4],"0.4167":[0,0,0]},"position":{"0.0":[0,0,0],"0.125":[-1,0,0],"0.2917":[0,0,0]}},"leftArm":{"rotation":{"0.0":[0,0,0],"0.125":[5,0,0],"0.2083":[10,-10,0],"0.375":[0,0,0]},"position":{"0.0":[0,0,0],"0.125":[-4,0,0],"0.2083":[1,-1,0],"0.375":[0,0,0]}},"rightArm":{"rotation":{"0.2083":[0,0,0],"0.2917":[15,0,0],"0.375":[0,0,0]},"position":{"0.2083":[0,0,0],"0.2917":[0,1,-2],"0.4167":[0,0,0]}}}},"animation.m67_grenade.fpp_aim":{"loop":true,"bones":{"body":{"position":["q.main_hand_item_use_duration ? 1 : 0",0,0]},"leftArm":{"rotation":[-40,0,120],"position":[7,1,0]},"rightArm":{"rotation":[10,0,10],"position":[0,2,2]}}},"animation.m67_grenade.fpp_draw":{"loop":"hold_on_last_frame","animation_length":0.33333,"bones":{"root":{"rotation":[0,180,0]},"rightArm":{"rotation":[-100,-4,0],"position":[1.5,-1,1]},"body":{"rotation":{"0.0":[-25,0,0],"0.1667":[-5,0,0],"0.25":[0.25,0,0],"0.2917":[0,0,0]},"position":{"0.0":[0,-9,3],"0.1667":[0,0,3],"0.25":[0,0,2],"0.3333":[0,0,0]}}}},"animation.m67_grenade.fpp_hold":{"loop":"hold_on_last_frame","animation_length":2,"anim_time_update":"q.anim_time + q.delta_time * 0.1","bones":{"root":{"rotation":[0,180,0]},"rightArm":{"rotation":[-100,-4,0],"position":[1.5,-1,1]},"body":{"rotation":["q.is_sneaking ? 0 : math.sin(q.anim_time - q.life_time * 100) * 0.2","q.is_sneaking ? 0 : math.cos(q.anim_time - q.life_time * 200) * 0.4","q.is_sneaking ? 0 : math.cos(q.anim_time - q.life_time * 80) * 0.4"]}}}}}