{"format_version":"1.20.40","minecraft:item":{"description":{"identifier":"gabrielaplok:m67_grenade","menu_category":{"category":"equipment","group":"Throwables"}},"components":{"minecraft:cooldown":{"category":"m67_grenade","duration":0.1},"minecraft:display_name":{"value":"item.m67_grenade.name"},"minecraft:icon":{"texture":"m67_grenade"},"minecraft:projectile":{"projectile_entity":"gabrielaplok:m67_grenade_entity","minimum_critical_power":1},"minecraft:throwable":{"do_swing_animation":true,"scale_power_by_draw_duration":true,"min_draw_duration":0.2,"max_draw_duration":1.2},"minecraft:use_duration":3600,"tag:is_grenade":{}}}}