{
	"file_path": "/home/yulian/.local/share/mcpelauncher/games/com.mojang/development_behavior_packs/Helicopter War/recipes/bomb_red.json",
	"file_type": "recipe",
	"format_version": 1,
	"file_uuid": "a265b89b_efd0_4145_a0f0_02f0f2277fea",
	"file_version": 5,
	"cache_content": {
		"children": [
			{
				"data": "1.16.100",
				"key": "format_version"
			},
			{
				"open": {
					"format_version": "1.16.100",
					"minecraft:recipe_shaped": {
						"description": {
							"identifier": "hlcop:bomb_red"
						},
						"tags": [
							"crafting_table"
						],
						"pattern": [
							"IWI",
							"ITI",
							"PPP"
						],
						"key": {
							"I": {
								"item": "minecraft:iron_ingot"
							},
							"W": {
								"item": "minecraft:wool",
								"data": 14
							},
							"T": {
								"item": "minecraft:tnt"
							},
							"P": {
								"item": "minecraft:gunpowder"
							}
						},
						"result": [
							{
								"item": "hlcop:bomb",
								"count": 1
							}
						]
					}
				},
				"key": "minecraft:recipe_shaped",
				"children": [
					{
						"open": {
							"description": {
								"identifier": "hlcop:bomb_red"
							},
							"tags": [
								"crafting_table"
							],
							"pattern": [
								"IWI",
								"ITI",
								"PPP"
							],
							"key": {
								"I": {
									"item": "minecraft:iron_ingot"
								},
								"W": {
									"item": "minecraft:wool",
									"data": 14
								},
								"T": {
									"item": "minecraft:tnt"
								},
								"P": {
									"item": "minecraft:gunpowder"
								}
							},
							"result": [
								{
									"item": "hlcop:bomb",
									"count": 1
								}
							]
						},
						"key": "description",
						"is_minified": true,
						"children": {
							"identifier": "hlcop:bomb_red"
						}
					},
					{
						"open": {
							"description": {
								"identifier": "hlcop:bomb_red"
							},
							"tags": [
								"crafting_table"
							],
							"pattern": [
								"IWI",
								"ITI",
								"PPP"
							],
							"key": {
								"I": {
									"item": "minecraft:iron_ingot"
								},
								"W": {
									"item": "minecraft:wool",
									"data": 14
								},
								"T": {
									"item": "minecraft:tnt"
								},
								"P": {
									"item": "minecraft:gunpowder"
								}
							},
							"result": [
								{
									"item": "hlcop:bomb",
									"count": 1
								}
							]
						},
						"key": "tags",
						"is_minified": true,
						"children": [
							"crafting_table"
						]
					},
					{
						"open": {
							"description": {
								"identifier": "hlcop:bomb_red"
							},
							"tags": [
								"crafting_table"
							],
							"pattern": [
								"IWI",
								"ITI",
								"PPP"
							],
							"key": {
								"I": {
									"item": "minecraft:iron_ingot"
								},
								"W": {
									"item": "minecraft:wool",
									"data": 14
								},
								"T": {
									"item": "minecraft:tnt"
								},
								"P": {
									"item": "minecraft:gunpowder"
								}
							},
							"result": [
								{
									"item": "hlcop:bomb",
									"count": 1
								}
							]
						},
						"key": "pattern",
						"is_minified": true,
						"children": [
							"IWI",
							"ITI",
							"PPP"
						]
					},
					{
						"open": {
							"description": {
								"identifier": "hlcop:bomb_red"
							},
							"tags": [
								"crafting_table"
							],
							"pattern": [
								"IWI",
								"ITI",
								"PPP"
							],
							"key": {
								"I": {
									"item": "minecraft:iron_ingot"
								},
								"W": {
									"item": "minecraft:wool",
									"data": 14
								},
								"T": {
									"item": "minecraft:tnt"
								},
								"P": {
									"item": "minecraft:gunpowder"
								}
							},
							"result": [
								{
									"item": "hlcop:bomb",
									"count": 1
								}
							]
						},
						"key": "key",
						"children": [
							{
								"open": {
									"I": {
										"item": "minecraft:iron_ingot"
									},
									"W": {
										"item": "minecraft:wool",
										"data": 14
									},
									"T": {
										"item": "minecraft:tnt"
									},
									"P": {
										"item": "minecraft:gunpowder"
									}
								},
								"key": "I",
								"is_minified": true,
								"children": {
									"item": "minecraft:iron_ingot"
								}
							},
							{
								"open": {
									"I": {
										"item": "minecraft:iron_ingot"
									},
									"W": {
										"item": "minecraft:wool",
										"data": 14
									},
									"T": {
										"item": "minecraft:tnt"
									},
									"P": {
										"item": "minecraft:gunpowder"
									}
								},
								"key": "W",
								"is_minified": true,
								"children": {
									"item": "minecraft:wool",
									"data": 14
								}
							},
							{
								"open": {
									"I": {
										"item": "minecraft:iron_ingot"
									},
									"W": {
										"item": "minecraft:wool",
										"data": 14
									},
									"T": {
										"item": "minecraft:tnt"
									},
									"P": {
										"item": "minecraft:gunpowder"
									}
								},
								"key": "T",
								"is_minified": true,
								"children": {
									"item": "minecraft:tnt"
								}
							},
							{
								"open": {
									"I": {
										"item": "minecraft:iron_ingot"
									},
									"W": {
										"item": "minecraft:wool",
										"data": 14
									},
									"T": {
										"item": "minecraft:tnt"
									},
									"P": {
										"item": "minecraft:gunpowder"
									}
								},
								"key": "P",
								"is_minified": true,
								"children": {
									"item": "minecraft:gunpowder"
								}
							}
						]
					},
					{
						"open": {
							"description": {
								"identifier": "hlcop:bomb_red"
							},
							"tags": [
								"crafting_table"
							],
							"pattern": [
								"IWI",
								"ITI",
								"PPP"
							],
							"key": {
								"I": {
									"item": "minecraft:iron_ingot"
								},
								"W": {
									"item": "minecraft:wool",
									"data": 14
								},
								"T": {
									"item": "minecraft:tnt"
								},
								"P": {
									"item": "minecraft:gunpowder"
								}
							},
							"result": [
								{
									"item": "hlcop:bomb",
									"count": 1
								}
							]
						},
						"key": "result",
						"children": [
							{
								"open": [
									{
										"item": "hlcop:bomb",
										"count": 1
									}
								],
								"is_minified": true,
								"children": {
									"item": "hlcop:bomb",
									"count": 1
								}
							}
						]
					}
				]
			}
		]
	}
}