{
	"file_path": "/home/yulian/.local/share/mcpelauncher/games/com.mojang/development_behavior_packs/Helicopter War/recipes/landing_skid.json",
	"file_type": "recipe",
	"format_version": 1,
	"file_uuid": "9cbf2c95_22d7_43f0_a84d_7c704885ead8",
	"file_version": 0,
	"cache_content": {
		"children": [
			{
				"open": {
					"format_version": "1.16.100",
					"minecraft:recipe_shaped": {
						"description": {
							"identifier": "hlcop:landing_skid"
						},
						"tags": [
							"crafting_table"
						],
						"pattern": [
							"###",
							"#I#",
							"III"
						],
						"key": {
							"I": {
								"item": "minecraft:iron_ingot"
							}
						},
						"result": [
							{
								"item": "hlcop:landing_skid",
								"count": 1
							}
						]
					}
				},
				"data": "1.16.100",
				"key": "format_version"
			},
			{
				"open": {
					"format_version": "1.16.100",
					"minecraft:recipe_shaped": {
						"description": {
							"identifier": "hlcop:landing_skid"
						},
						"tags": [
							"crafting_table"
						],
						"pattern": [
							"###",
							"#I#",
							"III"
						],
						"key": {
							"I": {
								"item": "minecraft:iron_ingot"
							}
						},
						"result": [
							{
								"item": "hlcop:landing_skid",
								"count": 1
							}
						]
					}
				},
				"key": "minecraft:recipe_shaped",
				"children": [
					{
						"open": {
							"description": {
								"identifier": "hlcop:landing_skid"
							},
							"tags": [
								"crafting_table"
							],
							"pattern": [
								"###",
								"#I#",
								"III"
							],
							"key": {
								"I": {
									"item": "minecraft:iron_ingot"
								}
							},
							"result": [
								{
									"item": "hlcop:landing_skid",
									"count": 1
								}
							]
						},
						"key": "description",
						"is_minified": true,
						"children": {
							"identifier": "hlcop:landing_skid"
						}
					},
					{
						"open": {
							"description": {
								"identifier": "hlcop:landing_skid"
							},
							"tags": [
								"crafting_table"
							],
							"pattern": [
								"###",
								"#I#",
								"III"
							],
							"key": {
								"I": {
									"item": "minecraft:iron_ingot"
								}
							},
							"result": [
								{
									"item": "hlcop:landing_skid",
									"count": 1
								}
							]
						},
						"key": "tags",
						"is_minified": true,
						"children": [
							"crafting_table"
						]
					},
					{
						"open": {
							"description": {
								"identifier": "hlcop:landing_skid"
							},
							"tags": [
								"crafting_table"
							],
							"pattern": [
								"###",
								"#I#",
								"III"
							],
							"key": {
								"I": {
									"item": "minecraft:iron_ingot"
								}
							},
							"result": [
								{
									"item": "hlcop:landing_skid",
									"count": 1
								}
							]
						},
						"key": "pattern",
						"is_minified": true,
						"children": [
							"###",
							"#I#",
							"III"
						]
					},
					{
						"open": {
							"description": {
								"identifier": "hlcop:landing_skid"
							},
							"tags": [
								"crafting_table"
							],
							"pattern": [
								"###",
								"#I#",
								"III"
							],
							"key": {
								"I": {
									"item": "minecraft:iron_ingot"
								}
							},
							"result": [
								{
									"item": "hlcop:landing_skid",
									"count": 1
								}
							]
						},
						"key": "key",
						"children": [
							{
								"open": {
									"I": {
										"item": "minecraft:iron_ingot"
									}
								},
								"key": "I",
								"is_minified": true,
								"children": {
									"item": "minecraft:iron_ingot"
								}
							}
						]
					},
					{
						"open": {
							"description": {
								"identifier": "hlcop:landing_skid"
							},
							"tags": [
								"crafting_table"
							],
							"pattern": [
								"###",
								"#I#",
								"III"
							],
							"key": {
								"I": {
									"item": "minecraft:iron_ingot"
								}
							},
							"result": [
								{
									"item": "hlcop:landing_skid",
									"count": 1
								}
							]
						},
						"key": "result",
						"children": [
							{
								"open": [
									{
										"item": "hlcop:landing_skid",
										"count": 1
									}
								],
								"is_minified": true,
								"children": {
									"item": "hlcop:landing_skid",
									"count": 1
								}
							}
						]
					}
				]
			}
		]
	}
}