{
	"file_path": "/home/yulian/.local/share/mcpelauncher/games/com.mojang/development_behavior_packs/Helicopter War/recipes/propeller.json",
	"file_type": "recipe",
	"format_version": 1,
	"file_uuid": "97e35146_144c_4c59_a08d_ea3ea370c711",
	"file_version": 6,
	"cache_content": {
		"children": [
			{
				"data": "1.16.100",
				"key": "format_version"
			},
			{
				"open": {
					"format_version": "1.16.100",
					"minecraft:recipe_shaped": {
						"description": {
							"identifier": "hlcop:propeller"
						},
						"tags": [
							"crafting_table"
						],
						"pattern": [
							"I#I",
							"#B#",
							"I#I"
						],
						"key": {
							"I": {
								"item": "minecraft:iron_ingot"
							},
							"B": {
								"item": "minecraft:iron_block"
							}
						},
						"result": [
							{
								"item": "hlcop:propeller",
								"count": 1
							}
						]
					}
				},
				"key": "minecraft:recipe_shaped",
				"children": [
					{
						"open": {
							"description": {
								"identifier": "hlcop:propeller"
							},
							"tags": [
								"crafting_table"
							],
							"pattern": [
								"I#I",
								"#B#",
								"I#I"
							],
							"key": {
								"I": {
									"item": "minecraft:iron_ingot"
								},
								"B": {
									"item": "minecraft:iron_block"
								}
							},
							"result": [
								{
									"item": "hlcop:propeller",
									"count": 1
								}
							]
						},
						"key": "description",
						"is_minified": true,
						"children": {
							"identifier": "hlcop:propeller"
						}
					},
					{
						"open": {
							"description": {
								"identifier": "hlcop:propeller"
							},
							"tags": [
								"crafting_table"
							],
							"pattern": [
								"I#I",
								"#B#",
								"I#I"
							],
							"key": {
								"I": {
									"item": "minecraft:iron_ingot"
								},
								"B": {
									"item": "minecraft:iron_block"
								}
							},
							"result": [
								{
									"item": "hlcop:propeller",
									"count": 1
								}
							]
						},
						"key": "tags",
						"is_minified": true,
						"children": [
							"crafting_table"
						]
					},
					{
						"open": {
							"description": {
								"identifier": "hlcop:propeller"
							},
							"tags": [
								"crafting_table"
							],
							"pattern": [
								"I#I",
								"#B#",
								"I#I"
							],
							"key": {
								"I": {
									"item": "minecraft:iron_ingot"
								},
								"B": {
									"item": "minecraft:iron_block"
								}
							},
							"result": [
								{
									"item": "hlcop:propeller",
									"count": 1
								}
							]
						},
						"key": "pattern",
						"is_minified": true,
						"children": [
							"I#I",
							"#B#",
							"I#I"
						]
					},
					{
						"open": {
							"description": {
								"identifier": "hlcop:propeller"
							},
							"tags": [
								"crafting_table"
							],
							"pattern": [
								"I#I",
								"#B#",
								"I#I"
							],
							"key": {
								"I": {
									"item": "minecraft:iron_ingot"
								},
								"B": {
									"item": "minecraft:iron_block"
								}
							},
							"result": [
								{
									"item": "hlcop:propeller",
									"count": 1
								}
							]
						},
						"key": "key",
						"children": [
							{
								"open": {
									"I": {
										"item": "minecraft:iron_ingot"
									},
									"B": {
										"item": "minecraft:iron_block"
									}
								},
								"key": "I",
								"is_minified": true,
								"children": {
									"item": "minecraft:iron_ingot"
								}
							},
							{
								"open": {
									"I": {
										"item": "minecraft:iron_ingot"
									},
									"B": {
										"item": "minecraft:iron_block"
									}
								},
								"key": "B",
								"is_minified": true,
								"children": {
									"item": "minecraft:iron_block"
								}
							}
						]
					},
					{
						"open": {
							"description": {
								"identifier": "hlcop:propeller"
							},
							"tags": [
								"crafting_table"
							],
							"pattern": [
								"I#I",
								"#B#",
								"I#I"
							],
							"key": {
								"I": {
									"item": "minecraft:iron_ingot"
								},
								"B": {
									"item": "minecraft:iron_block"
								}
							},
							"result": [
								{
									"item": "hlcop:propeller",
									"count": 1
								}
							]
						},
						"key": "result",
						"children": [
							{
								"open": [
									{
										"item": "hlcop:propeller",
										"count": 1
									}
								],
								"is_minified": true,
								"children": {
									"item": "hlcop:propeller",
									"count": 1
								}
							}
						]
					}
				]
			}
		]
	}
}