{
	"file_path": "/home/yulian/.local/share/mcpelauncher/games/com.mojang/development_behavior_packs/Helicopter War/recipes/spawn_helicopter_blue.json",
	"file_type": "recipe",
	"format_version": 1,
	"file_uuid": "35e8a62d_0ea5_4568_942c_6fc620997ed1",
	"file_version": 7,
	"cache_content": {
		"children": [
			{
				"data": "1.16.100",
				"key": "format_version"
			},
			{
				"open": {
					"format_version": "1.16.100",
					"minecraft:recipe_shaped": {
						"description": {
							"identifier": "mob:helicopter_blue"
						},
						"tags": [
							"crafting_table"
						],
						"pattern": [
							"IHI",
							"BBB",
							"LGL"
						],
						"key": {
							"I": {
								"item": "minecraft:iron_ingot"
							},
							"H": {
								"item": "hlcop:propeller"
							},
							"B": {
								"item": "minecraft:iron_block"
							},
							"L": {
								"item": "hlcop:landing_skid"
							},
							"G": {
								"item": "minecraft:wool",
								"data": 11
							}
						},
						"result": [
							{
								"count": 1,
								"item": "hlcop:spawn_helicopter_blue"
							}
						]
					}
				},
				"key": "minecraft:recipe_shaped",
				"children": [
					{
						"open": {
							"description": {
								"identifier": "mob:helicopter_blue"
							},
							"tags": [
								"crafting_table"
							],
							"pattern": [
								"IHI",
								"BBB",
								"LGL"
							],
							"key": {
								"I": {
									"item": "minecraft:iron_ingot"
								},
								"H": {
									"item": "hlcop:propeller"
								},
								"B": {
									"item": "minecraft:iron_block"
								},
								"L": {
									"item": "hlcop:landing_skid"
								},
								"G": {
									"item": "minecraft:wool",
									"data": 11
								}
							},
							"result": [
								{
									"count": 1,
									"item": "hlcop:spawn_helicopter_blue"
								}
							]
						},
						"key": "description",
						"is_minified": true,
						"children": {
							"identifier": "mob:helicopter_blue"
						}
					},
					{
						"open": {
							"description": {
								"identifier": "mob:helicopter_blue"
							},
							"tags": [
								"crafting_table"
							],
							"pattern": [
								"IHI",
								"BBB",
								"LGL"
							],
							"key": {
								"I": {
									"item": "minecraft:iron_ingot"
								},
								"H": {
									"item": "hlcop:propeller"
								},
								"B": {
									"item": "minecraft:iron_block"
								},
								"L": {
									"item": "hlcop:landing_skid"
								},
								"G": {
									"item": "minecraft:wool",
									"data": 11
								}
							},
							"result": [
								{
									"count": 1,
									"item": "hlcop:spawn_helicopter_blue"
								}
							]
						},
						"key": "tags",
						"is_minified": true,
						"children": [
							"crafting_table"
						]
					},
					{
						"open": {
							"description": {
								"identifier": "mob:helicopter_blue"
							},
							"tags": [
								"crafting_table"
							],
							"pattern": [
								"IHI",
								"BBB",
								"LGL"
							],
							"key": {
								"I": {
									"item": "minecraft:iron_ingot"
								},
								"H": {
									"item": "hlcop:propeller"
								},
								"B": {
									"item": "minecraft:iron_block"
								},
								"L": {
									"item": "hlcop:landing_skid"
								},
								"G": {
									"item": "minecraft:wool",
									"data": 11
								}
							},
							"result": [
								{
									"count": 1,
									"item": "hlcop:spawn_helicopter_blue"
								}
							]
						},
						"key": "pattern",
						"is_minified": true,
						"children": [
							"IHI",
							"BBB",
							"LGL"
						]
					},
					{
						"open": {
							"description": {
								"identifier": "mob:helicopter_blue"
							},
							"tags": [
								"crafting_table"
							],
							"pattern": [
								"IHI",
								"BBB",
								"LGL"
							],
							"key": {
								"I": {
									"item": "minecraft:iron_ingot"
								},
								"H": {
									"item": "hlcop:propeller"
								},
								"B": {
									"item": "minecraft:iron_block"
								},
								"L": {
									"item": "hlcop:landing_skid"
								},
								"G": {
									"item": "minecraft:wool",
									"data": 11
								}
							},
							"result": [
								{
									"count": 1,
									"item": "hlcop:spawn_helicopter_blue"
								}
							]
						},
						"key": "key",
						"children": [
							{
								"open": {
									"I": {
										"item": "minecraft:iron_ingot"
									},
									"H": {
										"item": "hlcop:propeller"
									},
									"B": {
										"item": "minecraft:iron_block"
									},
									"L": {
										"item": "hlcop:landing_skid"
									},
									"G": {
										"item": "minecraft:wool",
										"data": 11
									}
								},
								"key": "I",
								"is_minified": true,
								"children": {
									"item": "minecraft:iron_ingot"
								}
							},
							{
								"open": {
									"I": {
										"item": "minecraft:iron_ingot"
									},
									"H": {
										"item": "hlcop:propeller"
									},
									"B": {
										"item": "minecraft:iron_block"
									},
									"L": {
										"item": "hlcop:landing_skid"
									},
									"G": {
										"item": "minecraft:wool",
										"data": 11
									}
								},
								"key": "H",
								"is_minified": true,
								"children": {
									"item": "hlcop:propeller"
								}
							},
							{
								"open": {
									"I": {
										"item": "minecraft:iron_ingot"
									},
									"H": {
										"item": "hlcop:propeller"
									},
									"B": {
										"item": "minecraft:iron_block"
									},
									"L": {
										"item": "hlcop:landing_skid"
									},
									"G": {
										"item": "minecraft:wool",
										"data": 11
									}
								},
								"key": "B",
								"is_minified": true,
								"children": {
									"item": "minecraft:iron_block"
								}
							},
							{
								"open": {
									"I": {
										"item": "minecraft:iron_ingot"
									},
									"H": {
										"item": "hlcop:propeller"
									},
									"B": {
										"item": "minecraft:iron_block"
									},
									"L": {
										"item": "hlcop:landing_skid"
									},
									"G": {
										"item": "minecraft:wool",
										"data": 11
									}
								},
								"key": "L",
								"is_minified": true,
								"children": {
									"item": "hlcop:landing_skid"
								}
							},
							{
								"open": {
									"I": {
										"item": "minecraft:iron_ingot"
									},
									"H": {
										"item": "hlcop:propeller"
									},
									"B": {
										"item": "minecraft:iron_block"
									},
									"L": {
										"item": "hlcop:landing_skid"
									},
									"G": {
										"item": "minecraft:wool",
										"data": 11
									}
								},
								"key": "G",
								"is_minified": true,
								"children": {
									"item": "minecraft:wool",
									"data": 11
								}
							}
						]
					},
					{
						"open": {
							"description": {
								"identifier": "mob:helicopter_blue"
							},
							"tags": [
								"crafting_table"
							],
							"pattern": [
								"IHI",
								"BBB",
								"LGL"
							],
							"key": {
								"I": {
									"item": "minecraft:iron_ingot"
								},
								"H": {
									"item": "hlcop:propeller"
								},
								"B": {
									"item": "minecraft:iron_block"
								},
								"L": {
									"item": "hlcop:landing_skid"
								},
								"G": {
									"item": "minecraft:wool",
									"data": 11
								}
							},
							"result": [
								{
									"count": 1,
									"item": "hlcop:spawn_helicopter_blue"
								}
							]
						},
						"key": "result",
						"children": [
							{
								"open": [
									{
										"count": 1,
										"item": "hlcop:spawn_helicopter_blue"
									}
								],
								"is_minified": true,
								"children": {
									"count": 1,
									"item": "hlcop:spawn_helicopter_blue"
								}
							}
						]
					}
				]
			}
		]
	}
}