{"format_version":"1.20.40","minecraft:block":{"description":{"identifier":"gabrielaplok:landmine","menu_category":{"category":"construction","group":"Deco"},"states":{"gabrielaplok:rotation":[0,1,2,3]}},"components":{"minecraft:collision_box":{"origin":[-2,0,-2],"size":[4,4,4]},"minecraft:destructible_by_mining":{"seconds_to_destroy":2},"minecraft:display_name":"tile.landmine.name","minecraft:geometry":"geometry.landmine","minecraft:material_instances":{"*":{"texture":"landmine","render_method":"alpha_test"}},"minecraft:queued_ticking":{"looping":true,"interval_range":[2,2],"on_tick":{"event":"gabrielaplok:check_for_explode"}},"minecraft:selection_box":{"origin":[-2,0,-2],"size":[4,4,4]},"minecraft:on_player_placing":{"event":"gabrielaplok:player_placing"},"tag:metal":{}},"permutations":[{"condition":"q.block_state('gabrielaplok:rotation') == 0","components":{"minecraft:transformation":{"rotation":[0,180,0]}}},{"condition":"q.block_state('gabrielaplok:rotation') == 1","components":{"minecraft:transformation":{"rotation":[0,0,0]}}},{"condition":"q.block_state('gabrielaplok:rotation') == 2","components":{"minecraft:transformation":{"rotation":[0,270,0]}}},{"condition":"q.block_state('gabrielaplok:rotation') == 3","components":{"minecraft:transformation":{"rotation":[0,90,0]}}}],"events":{"gabrielaplok:player_placing":{"sequence":[{"set_block_state":{"gabrielaplok:rotation":"q.cardinal_facing_2d - 2"}},{"run_command":{"command":["playsound effect.landmine @a[r=10] ~~~ 1 1 0.01"]}}]},"gabrielaplok:check_for_explode":{"run_command":{"command":["execute if entity @e[r=0.65, c=1] run function block/explode_landmine"]}}}}}