{"format_version":"1.20.40","minecraft:block":{"description":{"identifier":"gabrielaplok:sandbag","menu_category":{"category":"construction","group":"Deco"},"states":{"gabrielaplok:rotation":[0,1,2,3],"gabrielaplok:double":[false,true]}},"components":{"minecraft:destructible_by_explosion":false,"minecraft:destructible_by_mining":{"seconds_to_destroy":4},"minecraft:display_name":"tile.sandbag.name","minecraft:flammable":{"catch_chance_modifier":5,"destroy_chance_modifier":20},"minecraft:friction":0.2,"minecraft:geometry":{"identifier":"geometry.sandbag","bone_visibility":{"top":"q.block_state('gabrielaplok:double')"}},"minecraft:material_instances":{"*":{"texture":"sandbag","render_method":"alpha_test"}},"minecraft:on_player_placing":{"event":"gabrielaplok:rotation"},"minecraft:on_interact":{"condition":"q.is_item_name_any('slot.weapon.mainhand', 'gabrielaplok:sandbag') && !q.block_state('gabrielaplok:double')","event":"gabrielaplok:double"},"tag:sand":{}},"permutations":[{"condition":"q.block_state('gabrielaplok:rotation') == 0","components":{"minecraft:transformation":{"rotation":[0,180,0]}}},{"condition":"q.block_state('gabrielaplok:rotation') == 1","components":{"minecraft:transformation":{"rotation":[0,0,0]}}},{"condition":"q.block_state('gabrielaplok:rotation') == 2","components":{"minecraft:transformation":{"rotation":[0,270,0]}}},{"condition":"q.block_state('gabrielaplok:rotation') == 3","components":{"minecraft:transformation":{"rotation":[0,90,0]}}},{"condition":"!q.block_state('gabrielaplok:double')","components":{"minecraft:collision_box":{"origin":[-7,0,-8],"size":[14,8,16]},"minecraft:selection_box":{"origin":[-7,0,-8],"size":[14,8,16]}}},{"condition":"q.block_state('gabrielaplok:double')","components":{"minecraft:collision_box":{"origin":[-7,0,-8],"size":[14,16,16]},"minecraft:selection_box":{"origin":[-7,0,-8],"size":[14,16,16]}}}],"events":{"gabrielaplok:rotation":{"set_block_state":{"gabrielaplok:rotation":"q.cardinal_facing_2d - 2"}},"gabrielaplok:double":{"sequence":[{"set_block_state":{"gabrielaplok:double":true}},{"decrement_stack":{}},{"run_command":{"command":["playsound dig.sand @a[r=14] ~~~ 0.75 0.75 0.01","playsound block.mud.break @a[r=14] ~~~ 1 1 0.01","playsound armor.equip_leather @a[r=10] ~~~ 0.4 1 0.01","playsound dig.nether_gold_ore @a[r=10] ~~~ 0.4 1 0.01"]}}]}}}}