{"format_version":"1.20.40","minecraft:block":{"description":{"identifier":"gabrielaplok:wooden_barricade","menu_category":{"category":"construction","group":"Deco"},"states":{"gabrielaplok:rotation":[0,1,2,3],"gabrielaplok:variation":[0,1,2]}},"components":{"minecraft:collision_box":{"origin":[-8,0,7],"size":[16,16,1]},"minecraft:destructible_by_mining":{"seconds_to_destroy":1},"minecraft:flammable":{"catch_chance_modifier":5,"destroy_chance_modifier":20},"minecraft:display_name":"tile.wooden_barricade.name","minecraft:material_instances":{"*":{"texture":"wooden_barricade","render_method":"alpha_test"}},"minecraft:selection_box":{"origin":[-8,0,7],"size":[16,16,1]},"minecraft:on_player_placing":{"event":"gabrielaplok:player_placing"},"tag:wood":{}},"permutations":[{"condition":"q.block_state('gabrielaplok:rotation') == 0","components":{"minecraft:transformation":{"rotation":[0,180,0]}}},{"condition":"q.block_state('gabrielaplok:rotation') == 1","components":{"minecraft:transformation":{"rotation":[0,0,0]}}},{"condition":"q.block_state('gabrielaplok:rotation') == 2","components":{"minecraft:transformation":{"rotation":[0,270,0]}}},{"condition":"q.block_state('gabrielaplok:rotation') == 3","components":{"minecraft:transformation":{"rotation":[0,90,0]}}},{"condition":"q.block_state('gabrielaplok:variation') == 0","components":{"minecraft:geometry":"geometry.wooden_barricade1"}},{"condition":"q.block_state('gabrielaplok:variation') == 1","components":{"minecraft:geometry":"geometry.wooden_barricade2"}},{"condition":"q.block_state('gabrielaplok:variation') == 2","components":{"minecraft:geometry":"geometry.wooden_barricade3"}}],"events":{"gabrielaplok:player_placing":{"set_block_state":{"gabrielaplok:rotation":"q.cardinal_facing_2d - 2","gabrielaplok:variation":"math.random_integer(0, 2)"}}}}}