{"format_version":"1.10.0","render_controllers":{"controller.render.m67_grenade":{"geometry":"Geometry.m67_grenade","materials":[{"*":"Material.gun"}],"textures":["Texture.m67_grenade"],"part_visibility":[{"head":false},{"body":false},{"leftArm":false},{"rightArmExtra":false},{"leftLeg":false},{"rightLeg":false}],"is_hurt_color":{},"on_fire_color":{}},"controller.render.m67_grenade.entity":{"geometry":"Geometry.default","materials":[{"*":"Material.default"}],"textures":["Texture.default"],"part_visibility":[{"pin":false}],"is_hurt_color":{},"on_fire_color":{}}}}