{"format_version":"1.20.40","sound_definitions":{"bullet.eject.bounce_9mm":{"category":"neutral","sounds":[{"name":"sounds/bullet/eject/bounce_9mm","volume":0.06}]},"bullet.eject.bounce_308mm":{"category":"neutral","sounds":[{"name":"sounds/bullet/eject/bounce_38mm","volume":0.06}]},"bullet.eject.bounce_338mm":{"category":"neutral","sounds":[{"name":"sounds/bullet/eject/bounce_338mm","volume":0.06}]},"bullet.eject.bounce_556mm":{"category":"neutral","sounds":[{"name":"sounds/bullet/eject/bounce_556mm","volume":0.06}]},"bullet.eject.bounce_shotgun":{"category":"neutral","sounds":[{"name":"sounds/bullet/eject/bounce_shotgun","volume":0.6}]},"bullet.eject.eject_50bmg":{"category":"neutral","sounds":[{"name":"sounds/bullet/eject/eject_50bmg","volume":0.06}]},"bullet.eject.eject_9mm":{"category":"neutral","sounds":[{"name":"sounds/bullet/eject/eject_9mm","volume":0.06}]},"bullet.eject.eject_45acp":{"category":"neutral","sounds":[{"name":"sounds/bullet/eject/eject_45acp","volume":0.06}]},"bullet.eject.eject_556mm":{"category":"neutral","sounds":[{"name":"sounds/bullet/eject/eject_556mm","volume":0.06}]},"bullet.eject.eject_762mm":{"category":"neutral","sounds":[{"name":"sounds/bullet/eject/eject_762mm","volume":0.06}]},"bullet.impact.body":{"category":"neutral","sounds":["sounds/bullet/impact/body_0","sounds/bullet/impact/body_1","sounds/bullet/impact/body_2","sounds/bullet/impact/body_3"]},"bullet.impact.dirt":{"category":"neutral","sounds":["sounds/bullet/impact/dirt_0","sounds/bullet/impact/dirt_1","sounds/bullet/impact/dirt_2","sounds/bullet/impact/dirt_3"]},"bullet.impact.foliage":{"category":"neutral","sounds":["sounds/bullet/impact/foliage_0","sounds/bullet/impact/foliage_1","sounds/bullet/impact/foliage_2","sounds/bullet/impact/foliage_3"]},"bullet.impact.glass":{"category":"neutral","sounds":["sounds/bullet/impact/glass_0","sounds/bullet/impact/glass_1","sounds/bullet/impact/glass_2","sounds/bullet/impact/glass_3"]},"bullet.impact.gravel":{"category":"neutral","sounds":["sounds/bullet/impact/gravel_0","sounds/bullet/impact/gravel_1","sounds/bullet/impact/gravel_2","sounds/bullet/impact/gravel_3"]},"bullet.impact.helmet":{"category":"neutral","sounds":["sounds/bullet/impact/helmet_0","sounds/bullet/impact/helmet_1","sounds/bullet/impact/helmet_2","sounds/bullet/impact/helmet_3"]},"bullet.impact.masonry":{"category":"neutral","sounds":["sounds/bullet/impact/masonry_0","sounds/bullet/impact/masonry_1","sounds/bullet/impact/masonry_2","sounds/bullet/impact/masonry_3"]},"bullet.impact.metal":{"category":"neutral","sounds":["sounds/bullet/impact/metal_0","sounds/bullet/impact/metal_1","sounds/bullet/impact/metal_2","sounds/bullet/impact/metal_3"]},"bullet.impact.plaster":{"category":"neutral","sounds":["sounds/bullet/impact/plaster_0","sounds/bullet/impact/plaster_1","sounds/bullet/impact/plaster_2","sounds/bullet/impact/plaster_3"]},"bullet.impact.ricochet":{"category":"neutral","sounds":["sounds/bullet/impact/ricochet_0","sounds/bullet/impact/ricochet_1","sounds/bullet/impact/ricochet_2","sounds/bullet/impact/ricochet_3"]},"bullet.impact.wood":{"category":"neutral","sounds":["sounds/bullet/impact/wood_0","sounds/bullet/impact/wood_1","sounds/bullet/impact/wood_2","sounds/bullet/impact/wood_3"]},"bullet.reload.in":{"category":"neutral","sounds":["sounds/bullet/reload/bullet_in_0","sounds/bullet/reload/bullet_in_1","sounds/bullet/reload/bullet_in_2","sounds/bullet/reload/bullet_in_3"]},"bullet.subsonic.hiss":{"category":"neutral","sounds":["sounds/bullet/subsonic/hiss_0","sounds/bullet/subsonic/hiss_1","sounds/bullet/subsonic/hiss_2","sounds/bullet/subsonic/hiss_3","sounds/bullet/subsonic/hiss_4","sounds/bullet/subsonic/hiss_5","sounds/bullet/subsonic/hiss_6","sounds/bullet/subsonic/hiss_7"]},"bullet.supersonic.snap":{"category":"neutral","sounds":["sounds/bullet/supersonic/snap_0","sounds/bullet/supersonic/snap_1","sounds/bullet/supersonic/snap_2","sounds/bullet/supersonic/snap_3","sounds/bullet/supersonic/snap_4","sounds/bullet/supersonic/snap_5","sounds/bullet/supersonic/snap_6","sounds/bullet/supersonic/snap_7"]},"effect.explosion.debris":{"category":"neutral","sounds":["sounds/effect/explosion/debris_0","sounds/effect/explosion/debris_1","sounds/effect/explosion/debris_2","sounds/effect/explosion/debris_3"]},"effect.explosion.distant":{"category":"neutral","sounds":["sounds/effect/explosion/distant_0","sounds/effect/explosion/distant_1","sounds/effect/explosion/distant_2","sounds/effect/explosion/distant_3"]},"effect.explosion.explode":{"category":"neutral","sounds":["sounds/effect/explosion/explode_0","sounds/effect/explosion/explode_1","sounds/effect/explosion/explode_2","sounds/effect/explosion/explode_3"]},"effect.explosion.indoors":{"category":"neutral","sounds":["sounds/effect/explosion/indoors_0","sounds/effect/explosion/indoors_1","sounds/effect/explosion/indoors_2","sounds/effect/explosion/indoors_3"]},"effect.gun.ads_in":{"category":"neutral","sounds":["sounds/effect/gun/ads_in"]},"effect.gun.ads_out":{"category":"neutral","sounds":["sounds/effect/gun/ads_out"]},"effect.gun.attach":{"category":"neutral","sounds":["sounds/effect/gun/attach"]},"effect.gun.dist.large_extra":{"category":"neutral","sounds":[{"name":"sounds/effect/gun/dist_large_extra","volume":0.5}]},"effect.gun.dist.large":{"category":"neutral","sounds":[{"name":"sounds/effect/gun/dist_large","volume":0.5}]},"effect.gun.dist.low":{"category":"neutral","sounds":[{"name":"sounds/effect/gun/dist_low","volume":0.5}]},"effect.gun.dist.medium":{"category":"neutral","sounds":[{"name":"sounds/effect/gun/dist_medium","volume":0.5}]},"effect.gun.dist.short":{"category":"neutral","sounds":[{"name":"sounds/effect/gun/dist_short","volume":0.5}]},"effect.gun.draw":{"category":"neutral","sounds":["sounds/effect/gun/draw"]},"effect.gun.dryfire":{"category":"neutral","sounds":["sounds/effect/gun/dryfire"]},"effect.gun.echo":{"category":"neutral","sounds":[{"name":"sounds/effect/gun/echo_0","volume":0.5},{"name":"sounds/effect/gun/echo_1","volume":0.5},{"name":"sounds/effect/gun/echo_2","volume":0.5},{"name":"sounds/effect/gun/echo_3","volume":0.5}]},"effect.gun.iron_in":{"category":"neutral","sounds":["sounds/effect/gun/iron_in"]},"effect.gun.iron_out":{"category":"neutral","sounds":["sounds/effect/gun/iron_out"]},"effect.gun.lean_in":{"category":"neutral","sounds":["sounds/effect/gun/lean_in"]},"effect.gun.lean_out":{"category":"neutral","sounds":["sounds/effect/gun/lean_out"]},"effect.gunshot":{"category":"neutral","sounds":["sounds/effect/gunshot/gunshot_0","sounds/effect/gunshot/gunshot_1","sounds/effect/gunshot/gunshot_2","sounds/effect/gunshot/gunshot_3"]},"effect.player.voice.no_ammo":{"category":"neutral","sounds":["sounds/effect/player/voice/no_ammo_0","sounds/effect/player/voice/no_ammo_1"]},"effect.player.voice.reload":{"category":"neutral","sounds":["sounds/effect/player/voice/reload_0","sounds/effect/player/voice/reload_1","sounds/effect/player/voice/reload_2","sounds/effect/player/voice/reload_3","sounds/effect/player/voice/reload_4"]},"effect.player.blind":{"category":"neutral","sounds":["sounds/effect/player/blind"]},"effect.player.break_bone":{"category":"neutral","sounds":["sounds/effect/player/break_bone"]},"effect.player.heartbeat":{"category":"neutral","sounds":["sounds/effect/player/heartbeat"]},"effect.player.hitmarker":{"category":"neutral","sounds":["sounds/effect/player/hitmarker"]},"effect.player.splat":{"category":"neutral","sounds":["sounds/effect/player/splat"]},"effect.landmine":{"category":"block","sounds":["sounds/effect/landmine"]},"gun.ak47.fire":{"category":"neutral","sounds":["sounds/guns/ak47/fire"]},"gun.ak47.fire.reverb":{"category":"neutral","sounds":["sounds/guns/ak47/fire_reverb"]},"gun.ak47.fire_silenced":{"category":"neutral","sounds":["sounds/guns/ak47/fire_silenced"]},"gun.ak47.fire_silenced.reverb":{"category":"neutral","sounds":["sounds/guns/ak47/fire_silenced_reverb"]},"gun.ak47.magin":{"category":"neutral","sounds":["sounds/guns/ak47/magin"]},"gun.ak47.magout":{"category":"neutral","sounds":["sounds/guns/ak47/magout"]},"gun.ak47.pullback":{"category":"neutral","sounds":["sounds/guns/ak47/pullback"]},"gun.ak47.pullforward":{"category":"neutral","sounds":["sounds/guns/ak47/pullforward"]},"gun.awp.fire":{"category":"neutral","sounds":["sounds/guns/awp/fire"]},"gun.awp.fire.reverb":{"category":"neutral","sounds":["sounds/guns/awp/fire_reverb"]},"gun.awp.fire_silenced":{"category":"neutral","sounds":["sounds/guns/awp/fire_silenced"]},"gun.awp.fire_silenced.reverb":{"category":"neutral","sounds":["sounds/guns/awp/fire_silenced_reverb"]},"gun.awp.magin":{"category":"neutral","sounds":["sounds/guns/awp/magin"]},"gun.awp.magout":{"category":"neutral","sounds":["sounds/guns/awp/magout"]},"gun.awp.pullback":{"category":"neutral","sounds":["sounds/guns/awp/pullback"]},"gun.awp.pullforward":{"category":"neutral","sounds":["sounds/guns/awp/pullforward"]},"gun.desert_eagle.fire":{"category":"neutral","sounds":["sounds/guns/desert_eagle/fire"]},"gun.desert_eagle.fire.reverb":{"category":"neutral","sounds":["sounds/guns/desert_eagle/fire_reverb"]},"gun.desert_eagle.fire_silenced":{"category":"neutral","sounds":["sounds/guns/desert_eagle/fire_silenced"]},"gun.desert_eagle.fire_silenced.reverb":{"category":"neutral","sounds":["sounds/guns/desert_eagle/fire_silenced_reverb"]},"gun.desert_eagle.maghit":{"category":"neutral","sounds":["sounds/guns/desert_eagle/maghit"]},"gun.desert_eagle.magin":{"category":"neutral","sounds":["sounds/guns/desert_eagle/magin"]},"gun.desert_eagle.magout":{"category":"neutral","sounds":["sounds/guns/desert_eagle/magout"]},"gun.desert_eagle.pullback":{"category":"neutral","sounds":["sounds/guns/desert_eagle/pullback"]},"gun.desert_eagle.pullforward":{"category":"neutral","sounds":["sounds/guns/desert_eagle/pullforward"]},"gun.fnfal.fire":{"category":"neutral","sounds":["sounds/guns/fnfal/fire"]},"gun.fnfal.fire.reverb":{"category":"neutral","sounds":["sounds/guns/fnfal/fire_reverb"]},"gun.fnfal.fire_silenced":{"category":"neutral","sounds":["sounds/guns/fnfal/fire_silenced"]},"gun.fnfal.fire_silenced.reverb":{"category":"neutral","sounds":["sounds/guns/fnfal/fire_silenced_reverb"]},"gun.fnfal.maghit":{"category":"neutral","sounds":["sounds/guns/fnfal/maghit"]},"gun.fnfal.magin":{"category":"neutral","sounds":["sounds/guns/fnfal/magin"]},"gun.fnfal.magout":{"category":"neutral","sounds":["sounds/guns/fnfal/magout"]},"gun.fnfal.pullback":{"category":"neutral","sounds":["sounds/guns/fnfal/pullback"]},"gun.fnfal.pullforward":{"category":"neutral","sounds":["sounds/guns/fnfal/pullforward"]},"gun.glock18.fire":{"category":"neutral","sounds":["sounds/guns/glock18/fire"]},"gun.glock18.fire.reverb":{"category":"neutral","sounds":["sounds/guns/glock18/fire_reverb"]},"gun.glock18.fire_silenced":{"category":"neutral","sounds":["sounds/guns/glock18/fire_silenced"]},"gun.glock18.fire_silenced.reverb":{"category":"neutral","sounds":["sounds/guns/glock18/fire_silenced_reverb"]},"gun.glock18.maghit":{"category":"neutral","sounds":["sounds/guns/glock18/maghit"]},"gun.glock18.magin":{"category":"neutral","sounds":["sounds/guns/glock18/magin"]},"gun.glock18.magout":{"category":"neutral","sounds":["sounds/guns/glock18/magout"]},"gun.glock18.pullback":{"category":"neutral","sounds":["sounds/guns/glock18/pullback"]},"gun.glock18.pullforward":{"category":"neutral","sounds":["sounds/guns/glock18/pullforward"]},"gun.m4a1.fire":{"category":"neutral","sounds":["sounds/guns/m4a1/fire"]},"gun.m4a1.fire.reverb":{"category":"neutral","sounds":["sounds/guns/m4a1/fire_reverb"]},"gun.m4a1.fire_silenced":{"category":"neutral","sounds":["sounds/guns/m4a1/fire_silenced"]},"gun.m4a1.fire_silenced.reverb":{"category":"neutral","sounds":["sounds/guns/m4a1/fire_silenced_reverb"]},"gun.m4a1.maghit":{"category":"neutral","sounds":["sounds/guns/m4a1/maghit"]},"gun.m4a1.magin":{"category":"neutral","sounds":["sounds/guns/m4a1/magin"]},"gun.m4a1.magout":{"category":"neutral","sounds":["sounds/guns/m4a1/magout"]},"gun.m4a1.pullback":{"category":"neutral","sounds":["sounds/guns/m4a1/pullback"]},"gun.m4a1.pullforward":{"category":"neutral","sounds":["sounds/guns/m4a1/pullforward"]},"gun.mossberg.fire":{"category":"neutral","sounds":["sounds/guns/mossberg/fire"]},"gun.mossberg.fire.reverb":{"category":"neutral","sounds":["sounds/guns/mossberg/fire_reverb"]},"gun.mossberg.pumpback":{"category":"neutral","sounds":["sounds/guns/mossberg/pumpback"]},"gun.mossberg.pumpforward":{"category":"neutral","sounds":["sounds/guns/mossberg/pumpforward"]},"gun.mossberg.shellin":{"category":"neutral","sounds":["sounds/guns/mossberg/shellin"]},"gun.mp5a5.fire":{"category":"neutral","sounds":["sounds/guns/mp5a5/fire"]},"gun.mp5a5.fire.reverb":{"category":"neutral","sounds":["sounds/guns/mp5a5/fire_reverb"]},"gun.mp5a5.fire_silenced":{"category":"neutral","sounds":["sounds/guns/mp5a5/fire_silenced"]},"gun.mp5a5.fire_silenced.reverb":{"category":"neutral","sounds":["sounds/guns/mp5a5/fire_silenced_reverb"]},"gun.mp5a5.magin":{"category":"neutral","sounds":["sounds/guns/mp5a5/magin"]},"gun.mp5a5.magout":{"category":"neutral","sounds":["sounds/guns/mp5a5/magout"]},"gun.mp5a5.pullback":{"category":"neutral","sounds":["sounds/guns/mp5a5/pullback"]},"gun.mp5a5.pullforward":{"category":"neutral","sounds":["sounds/guns/mp5a5/pullforward"]},"throwable.grenade.drop":{"category":"neutral","sounds":["sounds/throwable/grenade/explosion"]},"throwable.grenade.throw":{"category":"neutral","sounds":["sounds/throwable/grenade/throw"]},"wearable.nv_goggles.toggle":{"category":"neutral","sounds":["sounds/wearable/nv_goggles/toggle"]},"wearable.nv_goggles.toggleoff":{"category":"neutral","sounds":["sounds/wearable/nv_goggles/toggleoff"]}}}