{"format_version":"1.12.0","minecraft:geometry":[{"description":{"identifier":"geometry.gun_backpack","texture_width":64,"texture_height":64,"visible_bounds_width":2,"visible_bounds_height":3.5,"visible_bounds_offset":[0,1.25,0]},"bones":[{"name":"body","pivot":[0,24,0]},{"name":"fixrot","parent":"body","pivot":[0,24,0],"rotation":[0,180,0]},{"name":"backpack","parent":"fixrot","pivot":[0.33333,22.83333,-2],"cubes":[{"origin":[-3.5,13,-6],"size":[7,10,4],"uv":[0,0]},{"origin":[-4.5,15,-5],"size":[1,6,2],"uv":[22,4]},{"origin":[-2.5,14,-7],"size":[5,8,1],"uv":[18,14]},{"origin":[-2.5,14,-8],"size":[5,3,1],"uv":[18,0]},{"origin":[3.5,11,-5],"size":[1,14,2],"uv":[12,14]},{"origin":[0.5,10,-5.5],"size":[3,19,3],"uv":[0,14]}]}]}]}