{
	"file_path": "/home/yulian/.local/share/mcpelauncher/games/com.mojang/development_resource_packs/HelicopterRP/textures/item_texture.json",
	"file_type": "item_texture",
	"format_version": 1,
	"file_uuid": "172d766f_a200_49d9_852e_f271cd01c4d1",
	"file_version": 14,
	"cache_content": {
		"children": [
			{
				"data": "bridgeRP",
				"key": "resource_pack_name"
			},
			{
				"data": "atlas.items",
				"key": "texture_name"
			},
			{
				"open": {
					"resource_pack_name": "bridgeRP",
					"texture_name": "atlas.items",
					"texture_data": {
						"spawn_helicopter": {
							"textures": [
								"textures/items/spawns/helicoptero"
							]
						},
						"bomb": {
							"textures": [
								"textures/items/bombtnt"
							]
						},
						"spawn_helicopter_blue": {
							"textures": [
								"textures/items/spawns/helicoptero_blue"
							]
						},
						"bomb_blue": {
							"textures": [
								"textures/items/bombtnt_blue"
							]
						},
						"spawn_army_helicopter": {
							"textures": [
								"textures/items/spawns/army_helicopter"
							]
						},
						"landing_skid": {
							"textures": [
								"textures/items/landing_skid"
							]
						},
						"helice": {
							"textures": [
								"textures/items/propeller"
							]
						}
					}
				},
				"key": "texture_data",
				"children": [
					{
						"key": "spawn_helicopter",
						"children": [
							{
								"open": {
									"textures": [
										"textures/items/spawns/helicoptero"
									]
								},
								"key": "textures",
								"is_minified": true,
								"children": [
									"textures/items/spawns/helicoptero"
								]
							}
						]
					},
					{
						"open": {
							"spawn_helicopter": {
								"textures": [
									"textures/items/spawns/helicoptero"
								]
							},
							"bomb": {
								"textures": [
									"textures/items/bombtnt"
								]
							},
							"spawn_helicopter_blue": {
								"textures": [
									"textures/items/spawns/helicoptero_blue"
								]
							},
							"bomb_blue": {
								"textures": [
									"textures/items/bombtnt_blue"
								]
							},
							"spawn_army_helicopter": {
								"textures": [
									"textures/items/spawns/army_helicopter"
								]
							},
							"landing_skid": {
								"textures": [
									"textures/items/landing_skid"
								]
							},
							"helice": {
								"textures": [
									"textures/items/propeller"
								]
							}
						},
						"key": "bomb",
						"children": [
							{
								"open": {
									"textures": [
										"textures/items/bombtnt"
									]
								},
								"key": "textures",
								"is_minified": true,
								"children": [
									"textures/items/bombtnt"
								]
							}
						]
					},
					{
						"open": {
							"spawn_helicopter": {
								"textures": [
									"textures/items/spawns/helicoptero"
								]
							},
							"bomb": {
								"textures": [
									"textures/items/bombtnt"
								]
							},
							"spawn_helicopter_blue": {
								"textures": [
									"textures/items/spawns/helicoptero_blue"
								]
							},
							"bomb_blue": {
								"textures": [
									"textures/items/bombtnt_blue"
								]
							},
							"spawn_army_helicopter": {
								"textures": [
									"textures/items/spawns/army_helicopter"
								]
							},
							"landing_skid": {
								"textures": [
									"textures/items/landing_skid"
								]
							},
							"helice": {
								"textures": [
									"textures/items/propeller"
								]
							}
						},
						"key": "spawn_helicopter_blue",
						"children": [
							{
								"open": {
									"textures": [
										"textures/items/spawns/helicoptero_blue"
									]
								},
								"key": "textures",
								"is_minified": true,
								"children": [
									"textures/items/spawns/helicoptero_blue"
								]
							}
						]
					},
					{
						"open": {
							"spawn_helicopter": {
								"textures": [
									"textures/items/spawns/helicoptero"
								]
							},
							"bomb": {
								"textures": [
									"textures/items/bombtnt"
								]
							},
							"spawn_helicopter_blue": {
								"textures": [
									"textures/items/spawns/helicoptero_blue"
								]
							},
							"bomb_blue": {
								"textures": [
									"textures/items/bombtnt_blue"
								]
							},
							"spawn_army_helicopter": {
								"textures": [
									"textures/items/spawns/army_helicopter"
								]
							},
							"landing_skid": {
								"textures": [
									"textures/items/landing_skid"
								]
							},
							"helice": {
								"textures": [
									"textures/items/propeller"
								]
							}
						},
						"key": "bomb_blue",
						"children": [
							{
								"open": {
									"textures": [
										"textures/items/bombtnt_blue"
									]
								},
								"key": "textures",
								"is_minified": true,
								"children": [
									"textures/items/bombtnt_blue"
								]
							}
						]
					},
					{
						"open": {
							"spawn_helicopter": {
								"textures": [
									"textures/items/spawns/helicoptero"
								]
							},
							"bomb": {
								"textures": [
									"textures/items/bombtnt"
								]
							},
							"spawn_helicopter_blue": {
								"textures": [
									"textures/items/spawns/helicoptero_blue"
								]
							},
							"bomb_blue": {
								"textures": [
									"textures/items/bombtnt_blue"
								]
							},
							"spawn_army_helicopter": {
								"textures": [
									"textures/items/spawns/army_helicopter"
								]
							},
							"landing_skid": {
								"textures": [
									"textures/items/landing_skid"
								]
							},
							"helice": {
								"textures": [
									"textures/items/propeller"
								]
							}
						},
						"key": "spawn_army_helicopter",
						"children": [
							{
								"open": {
									"textures": [
										"textures/items/spawns/army_helicopter"
									]
								},
								"key": "textures",
								"is_minified": true,
								"children": [
									"textures/items/spawns/army_helicopter"
								]
							}
						]
					},
					{
						"open": {
							"spawn_helicopter": {
								"textures": [
									"textures/items/spawns/helicoptero"
								]
							},
							"bomb": {
								"textures": [
									"textures/items/bombtnt"
								]
							},
							"spawn_helicopter_blue": {
								"textures": [
									"textures/items/spawns/helicoptero_blue"
								]
							},
							"bomb_blue": {
								"textures": [
									"textures/items/bombtnt_blue"
								]
							},
							"spawn_army_helicopter": {
								"textures": [
									"textures/items/spawns/army_helicopter"
								]
							},
							"landing_skid": {
								"textures": [
									"textures/items/landing_skid"
								]
							},
							"helice": {
								"textures": [
									"textures/items/propeller"
								]
							}
						},
						"key": "landing_skid",
						"children": [
							{
								"open": {
									"textures": [
										"textures/items/landing_skid"
									]
								},
								"key": "textures",
								"is_minified": true,
								"children": [
									"textures/items/landing_skid"
								]
							}
						]
					},
					{
						"open": {
							"spawn_helicopter": {
								"textures": [
									"textures/items/spawns/helicoptero"
								]
							},
							"bomb": {
								"textures": [
									"textures/items/bombtnt"
								]
							},
							"spawn_helicopter_blue": {
								"textures": [
									"textures/items/spawns/helicoptero_blue"
								]
							},
							"bomb_blue": {
								"textures": [
									"textures/items/bombtnt_blue"
								]
							},
							"spawn_army_helicopter": {
								"textures": [
									"textures/items/spawns/army_helicopter"
								]
							},
							"landing_skid": {
								"textures": [
									"textures/items/landing_skid"
								]
							},
							"helice": {
								"textures": [
									"textures/items/propeller"
								]
							}
						},
						"key": "helice",
						"children": [
							{
								"open": {
									"textures": [
										"textures/items/propeller"
									]
								},
								"key": "textures",
								"is_minified": true,
								"children": [
									"textures/items/propeller"
								]
							}
						]
					}
				]
			}
		]
	}
}