{"pools":[{"rolls":2,"entries":[{"type":"item","name":"gabrielaplok:bullet_9x19pr","weight":1,"functions":[{"function":"set_count","count":{"min":2,"max":4}}]},{"type":"item","name":"gabrielaplok:bullet_12gauge","weight":1,"functions":[{"function":"set_count","count":{"min":2,"max":4}}]},{"type":"item","name":"gabrielaplok:bullet_50ae","weight":1,"functions":[{"function":"set_count","count":{"min":2,"max":4}}]},{"type":"item","name":"gabrielaplok:bullet_556x45","weight":1,"functions":[{"function":"set_count","count":{"min":2,"max":4}}]},{"type":"item","name":"gabrielaplok:bullet_762x39","weight":1,"functions":[{"function":"set_count","count":{"min":2,"max":4}}]},{"type":"item","name":"gabrielaplok:bullet_762x51","weight":1,"functions":[{"function":"set_count","count":{"min":2,"max":4}}]},{"type":"item","name":"gabrielaplok:ak47_mag","weight":1,"functions":[{"function":"set_count","count":{"min":2,"max":4}}]},{"type":"item","name":"gabrielaplok:desert_eagle_mag","weight":1,"functions":[{"function":"set_count","count":{"min":2,"max":4}}]},{"type":"item","name":"gabrielaplok:awp_mag","weight":1,"functions":[{"function":"set_count","count":{"min":2,"max":4}}]},{"type":"item","name":"gabrielaplok:fnfal_mag","weight":1,"functions":[{"function":"set_count","count":{"min":2,"max":4}}]},{"type":"item","name":"gabrielaplok:glock17_mag","weight":1,"functions":[{"function":"set_count","count":{"min":2,"max":4}}]},{"type":"item","name":"gabrielaplok:glock18_mag","weight":1,"functions":[{"function":"set_count","count":{"min":2,"max":4}}]},{"type":"item","name":"gabrielaplok:m4a1_mag","weight":1,"functions":[{"function":"set_count","count":{"min":2,"max":4}}]}]}]}