{"format_version":"1.20.40","minecraft:entity":{"description":{"identifier":"gabrielaplok:bullet","runtime_identifier":"minecraft:snowball","is_spawnable":false,"is_summonable":false,"is_experimental":false},"component_groups":{"despawn":{"minecraft:instant_despawn":{}},"start_impact":{"minecraft:mark_variant":{"value":1},"minecraft:timer":{"looping":true,"time":0.1,"time_down_event":{"event":"gabrielaplok:end_impact"}}},"bullet_9x19pr":{"minecraft:variant":{"value":1},"minecraft:projectile":{"on_hit":{"definition_event":{"event_trigger":{"event":"gabrielaplok:start_impact"}},"impact_damage":{"knockback":true},"stick_in_ground":{"shake_time":0.1}},"power":8,"gravity":0.02,"inertia":2,"liquid_inertia":2,"uncertainty_base":0.08,"anchor":1,"offset":[0,-0.05,0.05],"multiple_targets":false}},"bullet_12gauge":{"minecraft:variant":{"value":2},"minecraft:projectile":{"on_hit":{"definition_event":{"event_trigger":{"event":"gabrielaplok:start_impact"}},"impact_damage":{"knockback":true},"stick_in_ground":{"shake_time":0.1}},"power":6,"gravity":0.02,"inertia":2,"liquid_inertia":2,"uncertainty_base":10,"anchor":1,"offset":[0,-0.05,0.05],"multiple_targets":true}},"bullet_50ae":{"minecraft:variant":{"value":3},"minecraft:projectile":{"on_hit":{"definition_event":{"event_trigger":{"event":"gabrielaplok:start_impact"}},"impact_damage":{"knockback":true},"stick_in_ground":{"shake_time":0.1}},"power":8,"gravity":0.02,"inertia":2,"liquid_inertia":2,"uncertainty_base":0.2,"anchor":1,"offset":[0,-0.05,0.05],"multiple_targets":false}},"bullet_556x45":{"minecraft:variant":{"value":4},"minecraft:projectile":{"on_hit":{"definition_event":{"event_trigger":{"event":"gabrielaplok:start_impact"}},"impact_damage":{"knockback":true},"stick_in_ground":{"shake_time":0.1}},"power":8,"gravity":0.02,"inertia":2,"liquid_inertia":2,"uncertainty_base":0.2,"anchor":1,"offset":[0,-0.05,0.05],"multiple_targets":false}},"bullet_762x39":{"minecraft:variant":{"value":5},"minecraft:projectile":{"on_hit":{"definition_event":{"event_trigger":{"event":"gabrielaplok:start_impact"}},"impact_damage":{"knockback":true},"stick_in_ground":{"shake_time":0.1}},"power":8,"gravity":0.02,"inertia":2,"liquid_inertia":2,"uncertainty_base":0.4,"anchor":1,"offset":[0,-0.05,0.05],"multiple_targets":false}},"bullet_762x51":{"minecraft:variant":{"value":6},"minecraft:projectile":{"on_hit":{"definition_event":{"event_trigger":{"event":"gabrielaplok:start_impact"}},"impact_damage":{"knockback":true},"stick_in_ground":{"shake_time":0.1}},"power":8,"gravity":0.02,"inertia":2,"liquid_inertia":2,"uncertainty_base":0.4,"anchor":1,"offset":[0,-0.05,0.05],"multiple_targets":false}}},"components":{"minecraft:type_family":{"family":["projectile","bullet"]},"minecraft:mark_variant":{"value":0},"minecraft:scale":{"value":0.4},"minecraft:collision_box":{"width":0.01,"height":0.01},"minecraft:break_blocks":{"breakable_blocks":["bamboo","big_dripleaf","cocoa","carved_pumpkin","chorus_flower","chorus_plant","cave_vines","cave_vines_body_with_berries","cave_vines_head_with_berries","glass","glass_pane","lantern","lit_pumpkin","melon_block","pumpkin","stained_glass","stained_glass_pane","standing_sign","small_dripleaf_block","tinted_glass","turtle_egg","vine","wall_banner","wall_sign","web","wheat","waterlily"]},"minecraft:environment_sensor":{"triggers":[{"filters":{"test":"in_water","value":true},"event":"gabrielaplok:in_water"},{"filters":{"test":"has_tag","value":"impact"},"event":"gabrielaplok:subsonic_hiss"}]},"minecraft:tick_world":{"distance_to_players":128,"never_despawn":false,"radius":2},"minecraft:despawn":{"despawn_from_distance":{}},"minecraft:conditional_bandwidth_optimization":{"default_values":{"max_optimized_distance":80,"max_dropped_ticks":7,"use_motion_prediction_hints":true}},"minecraft:physics":{}},"events":{"gabrielaplok:despawn":{"add":{"component_groups":["despawn"]}},"gabrielaplok:start_impact":{"add":{"component_groups":["start_impact"]}},"gabrielaplok:end_impact":{"filters":{"test":"has_tag","operator":"!=","value":"in_water"},"sequence":[{"run_command":{"command":["camerashake add @a[r=4] 0.025 0.025 rotational","particle gabrielaplok:bullet_dust ~~~","particle gabrielaplok:bullet_impact ~~~","tag @s add impact"]}},{"trigger":"gabrielaplok:supersonic_snap"},{"trigger":"gabrielaplok:despawn"}]},"gabrielaplok:in_water":{"sequence":[{"trigger":"gabrielaplok:despawn"},{"run_command":{"command":["camerashake add @a[r=4] 0.025 0.025 rotational","playsound random.splash @a[r=20] ~~~ 1 1 0.01","particle gabrielaplok:bullet_water ~~~","tag @s add in_water"]}}]},"gabrielaplok:subsonic_hiss":{"filters":{"test":"has_tag","operator":"!=","value":"in_water"},"sequence":[{"run_command":{"command":["execute as @e[family=player, rm=2, r=4] at @s run playsound bullet.subsonic.hiss @a[r=10] ~~~ 0.75 1 0.01"]}},{}]},"gabrielaplok:supersonic_snap":{"filters":{"test":"has_tag","operator":"!=","value":"in_water"},"sequence":[{"run_command":{"command":["execute as @e[family=bullet, tag=!already_snap, rm=0.1, r=4] at @s run playsound bullet.supersonic.snap @a[r=60] ~~~ 0.75 1 0.01","execute as @e[family=bullet, tag=!already_snap, rm=0.1, r=4] at @s run playsound bullet.supersonic.snap.distant @a[rm=40, r=120] ~~~ 0.75 1 0.01","tag @s add already_snap"]}},{}]},"gabrielaplok:hole":{"filters":{"test":"has_tag","operator":"!=","value":"in_water"},"run_command":{"command":["execute at @s unless block ~~-0.1~ air if block ~0.1~~ air if block ~-0.1~~ air if block ~~0.1~ air if block ~~~0.1 air if block ~~~-0.1 air run particle gabrielaplok:bullet_hole1 ~~~","execute at @s unless block ~~0.01~ air if block ~~-0.01~ air run particle gabrielaplok:bullet_hole2 ~~~","execute at @s unless block ~0.01~~ air if block ~~~-0.01 air unless block ~~~0.1 air run particle gabrielaplok:bullet_hole3 ~~~","execute at @s unless block ~~~-0.01 air if block ~0.01~~ air run particle gabrielaplok:bullet_hole4 ~~~","execute at @s unless block ~-0.01~~ air if block ~~~0.01 air run particle gabrielaplok:bullet_hole5 ~~~","execute at @s unless block ~~~0.01 air if block ~-0.01~~ air run particle gabrielaplok:bullet_hole6 ~~~"]}},"gabrielaplok:bullet_9x19pr":{"add":{"component_groups":["bullet_9x19pr"]}},"gabrielaplok:bullet_12gauge":{"add":{"component_groups":["bullet_12gauge"]}},"gabrielaplok:bullet_50ae":{"add":{"component_groups":["bullet_50ae"]}},"gabrielaplok:bullet_556x45":{"add":{"component_groups":["bullet_556x45"]}},"gabrielaplok:bullet_762x39":{"add":{"component_groups":["bullet_762x39"]}},"gabrielaplok:bullet_762x51":{"add":{"component_groups":["bullet_762x51"]}}}}}