{
	"file_path": "/home/yulian/.local/share/mcpelauncher/games/com.mojang/development_behavior_packs/Helicopter War/entities/army_helicopter.json",
	"file_type": "entity",
	"format_version": 1,
	"file_uuid": "c89a6986_c4c2_4427_a6e9_6227d90a3262",
	"file_version": 16,
	"cache_content": {
		"children": [
			{
				"data": "1.16.100",
				"key": "format_version"
			},
			{
				"open": {
					"format_version": "1.16.100",
					"minecraft:entity": {
						"description": {
							"identifier": "mob:army_helicopter",
							"is_summonable": true,
							"is_spawnable": true,
							"scripts": {
								"animate": [
									{
										"fly": "(1.0)"
									},
									{
										"remove_effect": "(1.0)"
									}
								]
							},
							"animations": {
								"fly": "controller.animation.plane.fly",
								"remove_effect": "controller.animation.plane.remove_effect",
								"move": "animation.helicopter.move"
							}
						},
						"component_groups": {
							"float0": {
								"minecraft:spell_effects": {
									"add_effects": [
										{
											"effect": "slow_falling",
											"duration": 9999,
											"amplifier": 255,
											"visible": false,
											"ambient": false
										}
									]
								},
								"minecraft:variant": {
									"value": 0
								}
							},
							"float1": {
								"minecraft:spell_effects": {
									"add_effects": [
										{
											"effect": "slow_falling",
											"duration": 9999,
											"amplifier": 255,
											"visible": false,
											"ambient": false
										}
									]
								},
								"minecraft:variant": {
									"value": 1
								}
							},
							"float2": {
								"minecraft:spell_effects": {
									"add_effects": [
										{
											"effect": "slow_falling",
											"duration": 9999,
											"amplifier": 255,
											"visible": false,
											"ambient": false
										}
									]
								},
								"minecraft:variant": {
									"value": 2
								}
							},
							"minecraft:startupex": {
								"minecraft:rideable": {
									"seat_count": 3,
									"family_types": [
										"player"
									],
									"interact_text": "Hop in",
									"rider_can_interact": true,
									"controlling_seat": 0,
									"pull_in_entities": false,
									"seats": [
										{
											"position": [
												-0.5,
												0.3,
												0
											]
										},
										{
											"position": [
												0.5,
												0.3,
												0
											]
										},
										{
											"position": [
												0,
												0.3,
												-1
											]
										}
									]
								}
							}
						},
						"components": {
							"minecraft:health": {
								"value": 80
							},
							"minecraft:behavior.float": {
								"priority": 0
							},
							"minecraft:input_ground_controlled": {},
							"minecraft:can_power_jump": {},
							"minecraft:horse.jump_strength": {
								"value": 0.1
							},
							"minecraft:movement.basic": {
								"max_turn": 45
							},
							"minecraft:jump.static": {
								"jump_power": 0.1
							},
							"minecraft:nameable": {
								"always_show": true
							},
							"minecraft:type_family": {
								"family": [
									"plane"
								]
							},
							"minecraft:variant": {
								"value": 0
							},
							"minecraft:navigation.walk": {
								"is_amphibious": true,
								"can_path_over_water": true
							},
							"minecraft:navigation.fly": {
								"is_amphibious": true
							},
							"minecraft:physics": {},
							"minecraft:fall_damage": {
								"value": 0
							},
							"minecraft:knockback_resistance": {
								"value": 1
							},
							"minecraft:movement": {
								"value": 0.6
							},
							"minecraft:inventory": {
								"container_type": "inventory",
								"inventory_size": 27
							},
							"minecraft:collision_box": {
								"width": 2.5,
								"height": 2.5
							}
						},
						"events": {
							"minecraft:entity_spawned": {
								"sequence": [
									{
										"add": {
											"component_groups": [
												"minecraft:startupex"
											]
										}
									}
								]
							},
							"minecraft:float": {
								"sequence": [
									{
										"filters": {
											"test": "is_variant",
											"subject": "self",
											"value": 0
										},
										"add": {
											"component_groups": [
												"float1"
											]
										},
										"remove": {
											"component_groups": [
												"float0"
											]
										}
									},
									{
										"filters": {
											"test": "is_variant",
											"subject": "self",
											"value": 1
										},
										"add": {
											"component_groups": [
												"float2"
											]
										},
										"remove": {
											"component_groups": [
												"float1"
											]
										}
									},
									{
										"filters": {
											"test": "is_variant",
											"subject": "self",
											"value": 2
										},
										"add": {
											"component_groups": [
												"float0"
											]
										},
										"remove": {
											"component_groups": [
												"float2"
											]
										}
									}
								]
							}
						}
					}
				},
				"key": "minecraft:entity",
				"children": [
					{
						"open": {
							"description": {
								"identifier": "mob:army_helicopter",
								"is_summonable": true,
								"is_spawnable": true,
								"scripts": {
									"animate": [
										{
											"fly": "(1.0)"
										},
										{
											"remove_effect": "(1.0)"
										}
									]
								},
								"animations": {
									"fly": "controller.animation.plane.fly",
									"remove_effect": "controller.animation.plane.remove_effect",
									"move": "animation.helicopter.move"
								}
							},
							"component_groups": {
								"float0": {
									"minecraft:spell_effects": {
										"add_effects": [
											{
												"effect": "slow_falling",
												"duration": 9999,
												"amplifier": 255,
												"visible": false,
												"ambient": false
											}
										]
									},
									"minecraft:variant": {
										"value": 0
									}
								},
								"float1": {
									"minecraft:spell_effects": {
										"add_effects": [
											{
												"effect": "slow_falling",
												"duration": 9999,
												"amplifier": 255,
												"visible": false,
												"ambient": false
											}
										]
									},
									"minecraft:variant": {
										"value": 1
									}
								},
								"float2": {
									"minecraft:spell_effects": {
										"add_effects": [
											{
												"effect": "slow_falling",
												"duration": 9999,
												"amplifier": 255,
												"visible": false,
												"ambient": false
											}
										]
									},
									"minecraft:variant": {
										"value": 2
									}
								},
								"minecraft:startupex": {
									"minecraft:rideable": {
										"seat_count": 3,
										"family_types": [
											"player"
										],
										"interact_text": "Hop in",
										"rider_can_interact": true,
										"controlling_seat": 0,
										"pull_in_entities": false,
										"seats": [
											{
												"position": [
													-0.5,
													0.3,
													0
												]
											},
											{
												"position": [
													0.5,
													0.3,
													0
												]
											},
											{
												"position": [
													0,
													0.3,
													-1
												]
											}
										]
									}
								}
							},
							"components": {
								"minecraft:health": {
									"value": 80
								},
								"minecraft:behavior.float": {
									"priority": 0
								},
								"minecraft:input_ground_controlled": {},
								"minecraft:can_power_jump": {},
								"minecraft:horse.jump_strength": {
									"value": 0.1
								},
								"minecraft:movement.basic": {
									"max_turn": 45
								},
								"minecraft:jump.static": {
									"jump_power": 0.1
								},
								"minecraft:nameable": {
									"always_show": true
								},
								"minecraft:type_family": {
									"family": [
										"plane"
									]
								},
								"minecraft:variant": {
									"value": 0
								},
								"minecraft:navigation.walk": {
									"is_amphibious": true,
									"can_path_over_water": true
								},
								"minecraft:navigation.fly": {
									"is_amphibious": true
								},
								"minecraft:physics": {},
								"minecraft:fall_damage": {
									"value": 0
								},
								"minecraft:knockback_resistance": {
									"value": 1
								},
								"minecraft:movement": {
									"value": 0.6
								},
								"minecraft:inventory": {
									"container_type": "inventory",
									"inventory_size": 27
								},
								"minecraft:collision_box": {
									"width": 2.5,
									"height": 2.5
								}
							},
							"events": {
								"minecraft:entity_spawned": {
									"sequence": [
										{
											"add": {
												"component_groups": [
													"minecraft:startupex"
												]
											}
										}
									]
								},
								"minecraft:float": {
									"sequence": [
										{
											"filters": {
												"test": "is_variant",
												"subject": "self",
												"value": 0
											},
											"add": {
												"component_groups": [
													"float1"
												]
											},
											"remove": {
												"component_groups": [
													"float0"
												]
											}
										},
										{
											"filters": {
												"test": "is_variant",
												"subject": "self",
												"value": 1
											},
											"add": {
												"component_groups": [
													"float2"
												]
											},
											"remove": {
												"component_groups": [
													"float1"
												]
											}
										},
										{
											"filters": {
												"test": "is_variant",
												"subject": "self",
												"value": 2
											},
											"add": {
												"component_groups": [
													"float0"
												]
											},
											"remove": {
												"component_groups": [
													"float2"
												]
											}
										}
									]
								}
							}
						},
						"key": "description",
						"children": [
							{
								"open": {
									"identifier": "mob:army_helicopter",
									"is_summonable": true,
									"is_spawnable": true,
									"scripts": {
										"animate": [
											{
												"fly": "(1.0)"
											},
											{
												"remove_effect": "(1.0)"
											}
										]
									},
									"animations": {
										"fly": "controller.animation.plane.fly",
										"remove_effect": "controller.animation.plane.remove_effect",
										"move": "animation.helicopter.move"
									}
								},
								"data": "mob:army_helicopter",
								"key": "identifier"
							},
							{
								"data": "true",
								"key": "is_summonable"
							},
							{
								"data": "true",
								"key": "is_spawnable"
							},
							{
								"open": {
									"identifier": "mob:army_helicopter",
									"is_summonable": true,
									"is_spawnable": true,
									"scripts": {
										"animate": [
											{
												"fly": "(1.0)"
											},
											{
												"remove_effect": "(1.0)"
											}
										]
									},
									"animations": {
										"fly": "controller.animation.plane.fly",
										"remove_effect": "controller.animation.plane.remove_effect",
										"move": "animation.helicopter.move"
									}
								},
								"key": "scripts",
								"is_minified": true,
								"children": {
									"animate": [
										{
											"fly": "(1.0)"
										},
										{
											"remove_effect": "(1.0)"
										}
									]
								}
							},
							{
								"open": {
									"identifier": "mob:army_helicopter",
									"is_summonable": true,
									"is_spawnable": true,
									"scripts": {
										"animate": [
											{
												"fly": "(1.0)"
											},
											{
												"remove_effect": "(1.0)"
											}
										]
									},
									"animations": {
										"fly": "controller.animation.plane.fly",
										"remove_effect": "controller.animation.plane.remove_effect",
										"move": "animation.helicopter.move"
									}
								},
								"key": "animations",
								"is_minified": true,
								"children": {
									"fly": "controller.animation.plane.fly",
									"remove_effect": "controller.animation.plane.remove_effect",
									"move": "animation.helicopter.move"
								}
							}
						]
					},
					{
						"open": {
							"description": {
								"identifier": "mob:army_helicopter",
								"is_summonable": true,
								"is_spawnable": true,
								"scripts": {
									"animate": [
										{
											"fly": "(1.0)"
										},
										{
											"remove_effect": "(1.0)"
										}
									]
								},
								"animations": {
									"fly": "controller.animation.plane.fly",
									"remove_effect": "controller.animation.plane.remove_effect",
									"move": "animation.helicopter.move"
								}
							},
							"component_groups": {
								"float0": {
									"minecraft:spell_effects": {
										"add_effects": [
											{
												"effect": "slow_falling",
												"duration": 9999,
												"amplifier": 255,
												"visible": false,
												"ambient": false
											}
										]
									},
									"minecraft:variant": {
										"value": 0
									}
								},
								"float1": {
									"minecraft:spell_effects": {
										"add_effects": [
											{
												"effect": "slow_falling",
												"duration": 9999,
												"amplifier": 255,
												"visible": false,
												"ambient": false
											}
										]
									},
									"minecraft:variant": {
										"value": 1
									}
								},
								"float2": {
									"minecraft:spell_effects": {
										"add_effects": [
											{
												"effect": "slow_falling",
												"duration": 9999,
												"amplifier": 255,
												"visible": false,
												"ambient": false
											}
										]
									},
									"minecraft:variant": {
										"value": 2
									}
								},
								"minecraft:startupex": {
									"minecraft:rideable": {
										"seat_count": 3,
										"family_types": [
											"player"
										],
										"interact_text": "Hop in",
										"rider_can_interact": true,
										"controlling_seat": 0,
										"pull_in_entities": false,
										"seats": [
											{
												"position": [
													-0.5,
													0.3,
													0
												]
											},
											{
												"position": [
													0.5,
													0.3,
													0
												]
											},
											{
												"position": [
													0,
													0.3,
													-1
												]
											}
										]
									}
								}
							},
							"components": {
								"minecraft:health": {
									"value": 80
								},
								"minecraft:behavior.float": {
									"priority": 0
								},
								"minecraft:input_ground_controlled": {},
								"minecraft:can_power_jump": {},
								"minecraft:horse.jump_strength": {
									"value": 0.1
								},
								"minecraft:movement.basic": {
									"max_turn": 45
								},
								"minecraft:jump.static": {
									"jump_power": 0.1
								},
								"minecraft:nameable": {
									"always_show": true
								},
								"minecraft:type_family": {
									"family": [
										"plane"
									]
								},
								"minecraft:variant": {
									"value": 0
								},
								"minecraft:navigation.walk": {
									"is_amphibious": true,
									"can_path_over_water": true
								},
								"minecraft:navigation.fly": {
									"is_amphibious": true
								},
								"minecraft:physics": {},
								"minecraft:fall_damage": {
									"value": 0
								},
								"minecraft:knockback_resistance": {
									"value": 1
								},
								"minecraft:movement": {
									"value": 0.6
								},
								"minecraft:inventory": {
									"container_type": "inventory",
									"inventory_size": 27
								},
								"minecraft:collision_box": {
									"width": 2.5,
									"height": 2.5
								}
							},
							"events": {
								"minecraft:entity_spawned": {
									"sequence": [
										{
											"add": {
												"component_groups": [
													"minecraft:startupex"
												]
											}
										}
									]
								},
								"minecraft:float": {
									"sequence": [
										{
											"filters": {
												"test": "is_variant",
												"subject": "self",
												"value": 0
											},
											"add": {
												"component_groups": [
													"float1"
												]
											},
											"remove": {
												"component_groups": [
													"float0"
												]
											}
										},
										{
											"filters": {
												"test": "is_variant",
												"subject": "self",
												"value": 1
											},
											"add": {
												"component_groups": [
													"float2"
												]
											},
											"remove": {
												"component_groups": [
													"float1"
												]
											}
										},
										{
											"filters": {
												"test": "is_variant",
												"subject": "self",
												"value": 2
											},
											"add": {
												"component_groups": [
													"float0"
												]
											},
											"remove": {
												"component_groups": [
													"float2"
												]
											}
										}
									]
								}
							}
						},
						"key": "component_groups",
						"children": [
							{
								"key": "float0",
								"is_minified": true,
								"children": {
									"minecraft:spell_effects": {
										"add_effects": [
											{
												"effect": "slow_falling",
												"duration": 9999,
												"amplifier": 255,
												"visible": false,
												"ambient": false
											}
										]
									},
									"minecraft:variant": {
										"value": 0
									}
								}
							},
							{
								"key": "float1",
								"is_minified": true,
								"children": {
									"minecraft:spell_effects": {
										"add_effects": [
											{
												"effect": "slow_falling",
												"duration": 9999,
												"amplifier": 255,
												"visible": false,
												"ambient": false
											}
										]
									},
									"minecraft:variant": {
										"value": 1
									}
								}
							},
							{
								"key": "float2",
								"is_minified": true,
								"children": {
									"minecraft:spell_effects": {
										"add_effects": [
											{
												"effect": "slow_falling",
												"duration": 9999,
												"amplifier": 255,
												"visible": false,
												"ambient": false
											}
										]
									},
									"minecraft:variant": {
										"value": 2
									}
								}
							},
							{
								"open": {
									"float0": {
										"minecraft:spell_effects": {
											"add_effects": [
												{
													"effect": "slow_falling",
													"duration": 9999,
													"amplifier": 255,
													"visible": false,
													"ambient": false
												}
											]
										},
										"minecraft:variant": {
											"value": 0
										}
									},
									"float1": {
										"minecraft:spell_effects": {
											"add_effects": [
												{
													"effect": "slow_falling",
													"duration": 9999,
													"amplifier": 255,
													"visible": false,
													"ambient": false
												}
											]
										},
										"minecraft:variant": {
											"value": 1
										}
									},
									"float2": {
										"minecraft:spell_effects": {
											"add_effects": [
												{
													"effect": "slow_falling",
													"duration": 9999,
													"amplifier": 255,
													"visible": false,
													"ambient": false
												}
											]
										},
										"minecraft:variant": {
											"value": 2
										}
									},
									"minecraft:startupex": {
										"minecraft:rideable": {
											"seat_count": 3,
											"family_types": [
												"player"
											],
											"interact_text": "Hop in",
											"rider_can_interact": true,
											"controlling_seat": 0,
											"pull_in_entities": false,
											"seats": [
												{
													"position": [
														-0.5,
														0.3,
														0
													]
												},
												{
													"position": [
														0.5,
														0.3,
														0
													]
												},
												{
													"position": [
														0,
														0.3,
														-1
													]
												}
											]
										}
									}
								},
								"key": "minecraft:startupex",
								"children": [
									{
										"open": {
											"minecraft:rideable": {
												"seat_count": 3,
												"family_types": [
													"player"
												],
												"interact_text": "Hop in",
												"rider_can_interact": true,
												"controlling_seat": 0,
												"pull_in_entities": false,
												"seats": [
													{
														"position": [
															-0.5,
															0.3,
															0
														]
													},
													{
														"position": [
															0.5,
															0.3,
															0
														]
													},
													{
														"position": [
															0,
															0.3,
															-1
														]
													}
												]
											}
										},
										"key": "minecraft:rideable",
										"children": [
											{
												"open": {
													"seat_count": 3,
													"family_types": [
														"player"
													],
													"interact_text": "Hop in",
													"rider_can_interact": true,
													"controlling_seat": 0,
													"pull_in_entities": false,
													"seats": [
														{
															"position": [
																-0.5,
																0.3,
																0
															]
														},
														{
															"position": [
																0.5,
																0.3,
																0
															]
														},
														{
															"position": [
																0,
																0.3,
																-1
															]
														}
													]
												},
												"data": "3",
												"key": "seat_count"
											},
											{
												"key": "family_types",
												"is_minified": true,
												"children": [
													"player"
												]
											},
											{
												"data": "Hop in",
												"key": "interact_text"
											},
											{
												"data": "true",
												"key": "rider_can_interact"
											},
											{
												"data": "0",
												"key": "controlling_seat"
											},
											{
												"data": "false",
												"key": "pull_in_entities"
											},
											{
												"open": {
													"seat_count": 3,
													"family_types": [
														"player"
													],
													"interact_text": "Hop in",
													"rider_can_interact": true,
													"controlling_seat": 0,
													"pull_in_entities": false,
													"seats": [
														{
															"position": [
																-0.5,
																0.3,
																0
															]
														},
														{
															"position": [
																0.5,
																0.3,
																0
															]
														},
														{
															"position": [
																0,
																0.3,
																-1
															]
														}
													]
												},
												"key": "seats",
												"children": [
													{
														"open": [
															{
																"position": [
																	-0.5,
																	0.3,
																	0
																]
															},
															{
																"position": [
																	0.5,
																	0.3,
																	0
																]
															},
															{
																"position": [
																	0,
																	0.3,
																	-1
																]
															}
														],
														"children": [
															{
																"open": {
																	"position": [
																		-0.5,
																		0.3,
																		0
																	]
																},
																"key": "position",
																"is_minified": true,
																"children": [
																	-0.5,
																	0.3,
																	0
																]
															}
														]
													},
													{
														"open": [
															{
																"position": [
																	-0.5,
																	0.3,
																	0
																]
															},
															{
																"position": [
																	0.5,
																	0.3,
																	0
																]
															},
															{
																"position": [
																	0,
																	0.3,
																	-1
																]
															}
														],
														"children": [
															{
																"open": {
																	"position": [
																		0.5,
																		0.3,
																		0
																	]
																},
																"key": "position",
																"is_minified": true,
																"children": [
																	0.5,
																	0.3,
																	0
																]
															}
														]
													},
													{
														"open": [
															{
																"position": [
																	-0.5,
																	0.3,
																	0
																]
															},
															{
																"position": [
																	0.5,
																	0.3,
																	0
																]
															},
															{
																"position": [
																	0,
																	0.3,
																	-1
																]
															}
														],
														"children": [
															{
																"open": {
																	"position": [
																		0,
																		0.3,
																		-1
																	]
																},
																"key": "position",
																"is_minified": true,
																"children": [
																	0,
																	0.3,
																	-1
																]
															}
														]
													}
												]
											}
										]
									}
								]
							}
						]
					},
					{
						"open": {
							"description": {
								"identifier": "mob:army_helicopter",
								"is_summonable": true,
								"is_spawnable": true,
								"scripts": {
									"animate": [
										{
											"fly": "(1.0)"
										},
										{
											"remove_effect": "(1.0)"
										}
									]
								},
								"animations": {
									"fly": "controller.animation.plane.fly",
									"remove_effect": "controller.animation.plane.remove_effect",
									"move": "animation.helicopter.move"
								}
							},
							"component_groups": {
								"float0": {
									"minecraft:spell_effects": {
										"add_effects": [
											{
												"effect": "slow_falling",
												"duration": 9999,
												"amplifier": 255,
												"visible": false,
												"ambient": false
											}
										]
									},
									"minecraft:variant": {
										"value": 0
									}
								},
								"float1": {
									"minecraft:spell_effects": {
										"add_effects": [
											{
												"effect": "slow_falling",
												"duration": 9999,
												"amplifier": 255,
												"visible": false,
												"ambient": false
											}
										]
									},
									"minecraft:variant": {
										"value": 1
									}
								},
								"float2": {
									"minecraft:spell_effects": {
										"add_effects": [
											{
												"effect": "slow_falling",
												"duration": 9999,
												"amplifier": 255,
												"visible": false,
												"ambient": false
											}
										]
									},
									"minecraft:variant": {
										"value": 2
									}
								},
								"minecraft:startupex": {
									"minecraft:rideable": {
										"seat_count": 3,
										"family_types": [
											"player"
										],
										"interact_text": "Hop in",
										"rider_can_interact": true,
										"controlling_seat": 0,
										"pull_in_entities": false,
										"seats": [
											{
												"position": [
													-0.5,
													0.3,
													0
												]
											},
											{
												"position": [
													0.5,
													0.3,
													0
												]
											},
											{
												"position": [
													0,
													0.3,
													-1
												]
											}
										]
									}
								}
							},
							"components": {
								"minecraft:health": {
									"value": 80
								},
								"minecraft:behavior.float": {
									"priority": 0
								},
								"minecraft:input_ground_controlled": {},
								"minecraft:can_power_jump": {},
								"minecraft:horse.jump_strength": {
									"value": 0.1
								},
								"minecraft:movement.basic": {
									"max_turn": 45
								},
								"minecraft:jump.static": {
									"jump_power": 0.1
								},
								"minecraft:nameable": {
									"always_show": true
								},
								"minecraft:type_family": {
									"family": [
										"plane"
									]
								},
								"minecraft:variant": {
									"value": 0
								},
								"minecraft:navigation.walk": {
									"is_amphibious": true,
									"can_path_over_water": true
								},
								"minecraft:navigation.fly": {
									"is_amphibious": true
								},
								"minecraft:physics": {},
								"minecraft:fall_damage": {
									"value": 0
								},
								"minecraft:knockback_resistance": {
									"value": 1
								},
								"minecraft:movement": {
									"value": 0.6
								},
								"minecraft:inventory": {
									"container_type": "inventory",
									"inventory_size": 27
								},
								"minecraft:collision_box": {
									"width": 2.5,
									"height": 2.5
								}
							},
							"events": {
								"minecraft:entity_spawned": {
									"sequence": [
										{
											"add": {
												"component_groups": [
													"minecraft:startupex"
												]
											}
										}
									]
								},
								"minecraft:float": {
									"sequence": [
										{
											"filters": {
												"test": "is_variant",
												"subject": "self",
												"value": 0
											},
											"add": {
												"component_groups": [
													"float1"
												]
											},
											"remove": {
												"component_groups": [
													"float0"
												]
											}
										},
										{
											"filters": {
												"test": "is_variant",
												"subject": "self",
												"value": 1
											},
											"add": {
												"component_groups": [
													"float2"
												]
											},
											"remove": {
												"component_groups": [
													"float1"
												]
											}
										},
										{
											"filters": {
												"test": "is_variant",
												"subject": "self",
												"value": 2
											},
											"add": {
												"component_groups": [
													"float0"
												]
											},
											"remove": {
												"component_groups": [
													"float2"
												]
											}
										}
									]
								}
							}
						},
						"key": "components",
						"children": [
							{
								"open": {
									"minecraft:health": {
										"value": 80
									},
									"minecraft:behavior.float": {
										"priority": 0
									},
									"minecraft:input_ground_controlled": {},
									"minecraft:can_power_jump": {},
									"minecraft:horse.jump_strength": {
										"value": 0.1
									},
									"minecraft:movement.basic": {
										"max_turn": 45
									},
									"minecraft:jump.static": {
										"jump_power": 0.1
									},
									"minecraft:nameable": {
										"always_show": true
									},
									"minecraft:type_family": {
										"family": [
											"plane"
										]
									},
									"minecraft:variant": {
										"value": 0
									},
									"minecraft:navigation.walk": {
										"is_amphibious": true,
										"can_path_over_water": true
									},
									"minecraft:navigation.fly": {
										"is_amphibious": true
									},
									"minecraft:physics": {},
									"minecraft:fall_damage": {
										"value": 0
									},
									"minecraft:knockback_resistance": {
										"value": 1
									},
									"minecraft:movement": {
										"value": 0.6
									},
									"minecraft:inventory": {
										"container_type": "inventory",
										"inventory_size": 27
									},
									"minecraft:collision_box": {
										"width": 2.5,
										"height": 2.5
									}
								},
								"key": "minecraft:health",
								"is_minified": true,
								"children": {
									"value": 80
								}
							},
							{
								"key": "minecraft:behavior.float",
								"is_minified": true,
								"children": {
									"priority": 0
								}
							},
							{
								"key": "minecraft:input_ground_controlled",
								"is_minified": true,
								"children": {}
							},
							{
								"key": "minecraft:can_power_jump",
								"is_minified": true,
								"children": {}
							},
							{
								"key": "minecraft:horse.jump_strength",
								"is_minified": true,
								"children": {
									"value": 0.1
								}
							},
							{
								"key": "minecraft:movement.basic",
								"is_minified": true,
								"children": {
									"max_turn": 45
								}
							},
							{
								"key": "minecraft:jump.static",
								"is_minified": true,
								"children": {
									"jump_power": 0.1
								}
							},
							{
								"key": "minecraft:nameable",
								"is_minified": true,
								"children": {
									"always_show": true
								}
							},
							{
								"key": "minecraft:type_family",
								"is_minified": true,
								"children": {
									"family": [
										"plane"
									]
								}
							},
							{
								"key": "minecraft:variant",
								"is_minified": true,
								"children": {
									"value": 0
								}
							},
							{
								"key": "minecraft:navigation.walk",
								"is_minified": true,
								"children": {
									"is_amphibious": true,
									"can_path_over_water": true
								}
							},
							{
								"key": "minecraft:navigation.fly",
								"is_minified": true,
								"children": {
									"is_amphibious": true
								}
							},
							{
								"key": "minecraft:physics",
								"is_minified": true,
								"children": {}
							},
							{
								"key": "minecraft:fall_damage",
								"is_minified": true,
								"children": {
									"value": 0
								}
							},
							{
								"key": "minecraft:knockback_resistance",
								"is_minified": true,
								"children": {
									"value": 1
								}
							},
							{
								"key": "minecraft:movement",
								"is_minified": true,
								"children": {
									"value": 0.6
								}
							},
							{
								"key": "minecraft:inventory",
								"is_minified": true,
								"children": {
									"container_type": "inventory",
									"inventory_size": 27
								}
							},
							{
								"open": {
									"minecraft:health": {
										"value": 80
									},
									"minecraft:behavior.float": {
										"priority": 0
									},
									"minecraft:input_ground_controlled": {},
									"minecraft:can_power_jump": {},
									"minecraft:horse.jump_strength": {
										"value": 0.1
									},
									"minecraft:movement.basic": {
										"max_turn": 45
									},
									"minecraft:jump.static": {
										"jump_power": 0.1
									},
									"minecraft:nameable": {
										"always_show": true
									},
									"minecraft:type_family": {
										"family": [
											"plane"
										]
									},
									"minecraft:variant": {
										"value": 0
									},
									"minecraft:navigation.walk": {
										"is_amphibious": true,
										"can_path_over_water": true
									},
									"minecraft:navigation.fly": {
										"is_amphibious": true
									},
									"minecraft:physics": {},
									"minecraft:fall_damage": {
										"value": 0
									},
									"minecraft:knockback_resistance": {
										"value": 1
									},
									"minecraft:movement": {
										"value": 0.6
									},
									"minecraft:inventory": {
										"container_type": "inventory",
										"inventory_size": 27
									},
									"minecraft:collision_box": {
										"width": 2.5,
										"height": 2.5
									}
								},
								"key": "minecraft:collision_box",
								"is_minified": true,
								"children": {
									"width": 2.5,
									"height": 2.5
								}
							}
						]
					},
					{
						"key": "events",
						"is_minified": true,
						"children": {
							"minecraft:entity_spawned": {
								"sequence": [
									{
										"add": {
											"component_groups": [
												"minecraft:startupex"
											]
										}
									}
								]
							},
							"minecraft:float": {
								"sequence": [
									{
										"filters": {
											"test": "is_variant",
											"subject": "self",
											"value": 0
										},
										"add": {
											"component_groups": [
												"float1"
											]
										},
										"remove": {
											"component_groups": [
												"float0"
											]
										}
									},
									{
										"filters": {
											"test": "is_variant",
											"subject": "self",
											"value": 1
										},
										"add": {
											"component_groups": [
												"float2"
											]
										},
										"remove": {
											"component_groups": [
												"float1"
											]
										}
									},
									{
										"filters": {
											"test": "is_variant",
											"subject": "self",
											"value": 2
										},
										"add": {
											"component_groups": [
												"float0"
											]
										},
										"remove": {
											"component_groups": [
												"float2"
											]
										}
									}
								]
							}
						}
					}
				]
			}
		]
	}
}