{
	"file_path": "/home/yulian/.local/share/mcpelauncher/games/com.mojang/development_behavior_packs/Helicopter War/entities/helicopter_blue.json",
	"file_type": "entity",
	"format_version": 1,
	"file_uuid": "11fcb948_90af_4576_a69d_45740b689407",
	"file_version": 41,
	"cache_content": {
		"children": [
			{
				"data": "1.16.100",
				"key": "format_version"
			},
			{
				"open": {
					"format_version": "1.16.100",
					"minecraft:entity": {
						"description": {
							"identifier": "mob:helicopter_blue",
							"is_summonable": true,
							"is_spawnable": true,
							"scripts": {
								"animate": [
									{
										"fly": "(1.0)"
									},
									{
										"remove_effect": "(1.0)"
									}
								]
							},
							"animations": {
								"fly": "controller.animation.plane.fly",
								"remove_effect": "controller.animation.plane.remove_effect",
								"move": "animation.helicopter.move"
							}
						},
						"component_groups": {
							"float0": {
								"minecraft:spell_effects": {
									"add_effects": [
										{
											"effect": "slow_falling",
											"duration": 9999,
											"amplifier": 255,
											"visible": false,
											"ambient": false
										}
									]
								},
								"minecraft:variant": {
									"value": 0
								}
							},
							"float1": {
								"minecraft:spell_effects": {
									"add_effects": [
										{
											"effect": "slow_falling",
											"duration": 9999,
											"amplifier": 255,
											"visible": false,
											"ambient": false
										}
									]
								},
								"minecraft:variant": {
									"value": 1
								}
							},
							"float2": {
								"minecraft:spell_effects": {
									"add_effects": [
										{
											"effect": "slow_falling",
											"duration": 9999,
											"amplifier": 255,
											"visible": false,
											"ambient": false
										}
									]
								},
								"minecraft:variant": {
									"value": 2
								}
							},
							"minecraft:startupex": {
								"minecraft:rideable": {
									"seat_count": 1,
									"family_types": [
										"player"
									],
									"interact_text": "Hop in",
									"rider_can_interact": true,
									"controlling_seat": 0,
									"pull_in_entities": false,
									"seats": [
										{
											"position": [
												0,
												0.3,
												0
											]
										}
									]
								}
							}
						},
						"components": {
							"minecraft:health": {
								"value": 18
							},
							"minecraft:behavior.float": {
								"priority": 0
							},
							"minecraft:input_ground_controlled": {},
							"minecraft:can_power_jump": {},
							"minecraft:horse.jump_strength": {
								"value": 0.1
							},
							"minecraft:movement.basic": {
								"max_turn": 45
							},
							"minecraft:jump.static": {
								"jump_power": 0.1
							},
							"minecraft:nameable": {
								"always_show": true
							},
							"minecraft:type_family": {
								"family": [
									"plane"
								]
							},
							"minecraft:variant": {
								"value": 0
							},
							"minecraft:navigation.walk": {
								"is_amphibious": true,
								"can_path_over_water": true
							},
							"minecraft:navigation.fly": {
								"is_amphibious": true
							},
							"minecraft:physics": {},
							"minecraft:fall_damage": {
								"value": 0
							},
							"minecraft:knockback_resistance": {
								"value": 1
							},
							"minecraft:movement": {
								"value": 0.6
							}
						},
						"events": {
							"minecraft:entity_spawned": {
								"sequence": [
									{
										"add": {
											"component_groups": [
												"minecraft:startupex"
											]
										}
									}
								]
							},
							"minecraft:float": {
								"sequence": [
									{
										"filters": {
											"test": "is_variant",
											"subject": "self",
											"value": 0
										},
										"add": {
											"component_groups": [
												"float1"
											]
										},
										"remove": {
											"component_groups": [
												"float0"
											]
										}
									},
									{
										"filters": {
											"test": "is_variant",
											"subject": "self",
											"value": 1
										},
										"add": {
											"component_groups": [
												"float2"
											]
										},
										"remove": {
											"component_groups": [
												"float1"
											]
										}
									},
									{
										"filters": {
											"test": "is_variant",
											"subject": "self",
											"value": 2
										},
										"add": {
											"component_groups": [
												"float0"
											]
										},
										"remove": {
											"component_groups": [
												"float2"
											]
										}
									}
								]
							}
						}
					}
				},
				"key": "minecraft:entity",
				"children": [
					{
						"open": {
							"description": {
								"identifier": "mob:helicopter_blue",
								"is_summonable": true,
								"is_spawnable": true,
								"scripts": {
									"animate": [
										{
											"fly": "(1.0)"
										},
										{
											"remove_effect": "(1.0)"
										}
									]
								},
								"animations": {
									"fly": "controller.animation.plane.fly",
									"remove_effect": "controller.animation.plane.remove_effect",
									"move": "animation.helicopter.move"
								}
							},
							"component_groups": {
								"float0": {
									"minecraft:spell_effects": {
										"add_effects": [
											{
												"effect": "slow_falling",
												"duration": 9999,
												"amplifier": 255,
												"visible": false,
												"ambient": false
											}
										]
									},
									"minecraft:variant": {
										"value": 0
									}
								},
								"float1": {
									"minecraft:spell_effects": {
										"add_effects": [
											{
												"effect": "slow_falling",
												"duration": 9999,
												"amplifier": 255,
												"visible": false,
												"ambient": false
											}
										]
									},
									"minecraft:variant": {
										"value": 1
									}
								},
								"float2": {
									"minecraft:spell_effects": {
										"add_effects": [
											{
												"effect": "slow_falling",
												"duration": 9999,
												"amplifier": 255,
												"visible": false,
												"ambient": false
											}
										]
									},
									"minecraft:variant": {
										"value": 2
									}
								},
								"minecraft:startupex": {
									"minecraft:rideable": {
										"seat_count": 1,
										"family_types": [
											"player"
										],
										"interact_text": "Hop in",
										"rider_can_interact": true,
										"controlling_seat": 0,
										"pull_in_entities": false,
										"seats": [
											{
												"position": [
													0,
													0.3,
													0
												]
											}
										]
									}
								}
							},
							"components": {
								"minecraft:health": {
									"value": 18
								},
								"minecraft:behavior.float": {
									"priority": 0
								},
								"minecraft:input_ground_controlled": {},
								"minecraft:can_power_jump": {},
								"minecraft:horse.jump_strength": {
									"value": 0.1
								},
								"minecraft:movement.basic": {
									"max_turn": 45
								},
								"minecraft:jump.static": {
									"jump_power": 0.1
								},
								"minecraft:nameable": {
									"always_show": true
								},
								"minecraft:type_family": {
									"family": [
										"plane"
									]
								},
								"minecraft:variant": {
									"value": 0
								},
								"minecraft:navigation.walk": {
									"is_amphibious": true,
									"can_path_over_water": true
								},
								"minecraft:navigation.fly": {
									"is_amphibious": true
								},
								"minecraft:physics": {},
								"minecraft:fall_damage": {
									"value": 0
								},
								"minecraft:knockback_resistance": {
									"value": 1
								},
								"minecraft:movement": {
									"value": 0.6
								}
							},
							"events": {
								"minecraft:entity_spawned": {
									"sequence": [
										{
											"add": {
												"component_groups": [
													"minecraft:startupex"
												]
											}
										}
									]
								},
								"minecraft:float": {
									"sequence": [
										{
											"filters": {
												"test": "is_variant",
												"subject": "self",
												"value": 0
											},
											"add": {
												"component_groups": [
													"float1"
												]
											},
											"remove": {
												"component_groups": [
													"float0"
												]
											}
										},
										{
											"filters": {
												"test": "is_variant",
												"subject": "self",
												"value": 1
											},
											"add": {
												"component_groups": [
													"float2"
												]
											},
											"remove": {
												"component_groups": [
													"float1"
												]
											}
										},
										{
											"filters": {
												"test": "is_variant",
												"subject": "self",
												"value": 2
											},
											"add": {
												"component_groups": [
													"float0"
												]
											},
											"remove": {
												"component_groups": [
													"float2"
												]
											}
										}
									]
								}
							}
						},
						"key": "description",
						"children": [
							{
								"open": {
									"identifier": "mob:helicopter_blue",
									"is_summonable": true,
									"is_spawnable": true,
									"scripts": {
										"animate": [
											{
												"fly": "(1.0)"
											},
											{
												"remove_effect": "(1.0)"
											}
										]
									},
									"animations": {
										"fly": "controller.animation.plane.fly",
										"remove_effect": "controller.animation.plane.remove_effect",
										"move": "animation.helicopter.move"
									}
								},
								"data": "mob:helicopter_blue",
								"key": "identifier"
							},
							{
								"open": {
									"identifier": "mob:helicopter_blue",
									"is_summonable": true,
									"is_spawnable": true,
									"scripts": {
										"animate": [
											{
												"fly": "(1.0)"
											},
											{
												"remove_effect": "(1.0)"
											}
										]
									},
									"animations": {
										"fly": "controller.animation.plane.fly",
										"remove_effect": "controller.animation.plane.remove_effect",
										"move": "animation.helicopter.move"
									}
								},
								"data": "true",
								"key": "is_summonable"
							},
							{
								"data": "true",
								"key": "is_spawnable"
							},
							{
								"open": {
									"identifier": "mob:helicopter_blue",
									"is_summonable": true,
									"is_spawnable": true,
									"scripts": {
										"animate": [
											{
												"fly": "(1.0)"
											},
											{
												"remove_effect": "(1.0)"
											}
										]
									},
									"animations": {
										"fly": "controller.animation.plane.fly",
										"remove_effect": "controller.animation.plane.remove_effect",
										"move": "animation.helicopter.move"
									}
								},
								"key": "scripts",
								"is_minified": true,
								"children": {
									"animate": [
										{
											"fly": "(1.0)"
										},
										{
											"remove_effect": "(1.0)"
										}
									]
								}
							},
							{
								"open": {
									"identifier": "mob:helicopter_blue",
									"is_summonable": true,
									"is_spawnable": true,
									"scripts": {
										"animate": [
											{
												"fly": "(1.0)"
											},
											{
												"remove_effect": "(1.0)"
											}
										]
									},
									"animations": {
										"fly": "controller.animation.plane.fly",
										"remove_effect": "controller.animation.plane.remove_effect",
										"move": "animation.helicopter.move"
									}
								},
								"key": "animations",
								"is_minified": true,
								"children": {
									"fly": "controller.animation.plane.fly",
									"remove_effect": "controller.animation.plane.remove_effect",
									"move": "animation.helicopter.move"
								}
							}
						]
					},
					{
						"open": {
							"description": {
								"identifier": "mob:helicopter_blue",
								"is_summonable": true,
								"is_spawnable": true,
								"scripts": {
									"animate": [
										{
											"fly": "(1.0)"
										},
										{
											"remove_effect": "(1.0)"
										}
									]
								},
								"animations": {
									"fly": "controller.animation.plane.fly",
									"remove_effect": "controller.animation.plane.remove_effect",
									"move": "animation.helicopter.move"
								}
							},
							"component_groups": {
								"float0": {
									"minecraft:spell_effects": {
										"add_effects": [
											{
												"effect": "slow_falling",
												"duration": 9999,
												"amplifier": 255,
												"visible": false,
												"ambient": false
											}
										]
									},
									"minecraft:variant": {
										"value": 0
									}
								},
								"float1": {
									"minecraft:spell_effects": {
										"add_effects": [
											{
												"effect": "slow_falling",
												"duration": 9999,
												"amplifier": 255,
												"visible": false,
												"ambient": false
											}
										]
									},
									"minecraft:variant": {
										"value": 1
									}
								},
								"float2": {
									"minecraft:spell_effects": {
										"add_effects": [
											{
												"effect": "slow_falling",
												"duration": 9999,
												"amplifier": 255,
												"visible": false,
												"ambient": false
											}
										]
									},
									"minecraft:variant": {
										"value": 2
									}
								},
								"minecraft:startupex": {
									"minecraft:rideable": {
										"seat_count": 1,
										"family_types": [
											"player"
										],
										"interact_text": "Hop in",
										"rider_can_interact": true,
										"controlling_seat": 0,
										"pull_in_entities": false,
										"seats": [
											{
												"position": [
													0,
													0.3,
													0
												]
											}
										]
									}
								}
							},
							"components": {
								"minecraft:health": {
									"value": 18
								},
								"minecraft:behavior.float": {
									"priority": 0
								},
								"minecraft:input_ground_controlled": {},
								"minecraft:can_power_jump": {},
								"minecraft:horse.jump_strength": {
									"value": 0.1
								},
								"minecraft:movement.basic": {
									"max_turn": 45
								},
								"minecraft:jump.static": {
									"jump_power": 0.1
								},
								"minecraft:nameable": {
									"always_show": true
								},
								"minecraft:type_family": {
									"family": [
										"plane"
									]
								},
								"minecraft:variant": {
									"value": 0
								},
								"minecraft:navigation.walk": {
									"is_amphibious": true,
									"can_path_over_water": true
								},
								"minecraft:navigation.fly": {
									"is_amphibious": true
								},
								"minecraft:physics": {},
								"minecraft:fall_damage": {
									"value": 0
								},
								"minecraft:knockback_resistance": {
									"value": 1
								},
								"minecraft:movement": {
									"value": 0.6
								}
							},
							"events": {
								"minecraft:entity_spawned": {
									"sequence": [
										{
											"add": {
												"component_groups": [
													"minecraft:startupex"
												]
											}
										}
									]
								},
								"minecraft:float": {
									"sequence": [
										{
											"filters": {
												"test": "is_variant",
												"subject": "self",
												"value": 0
											},
											"add": {
												"component_groups": [
													"float1"
												]
											},
											"remove": {
												"component_groups": [
													"float0"
												]
											}
										},
										{
											"filters": {
												"test": "is_variant",
												"subject": "self",
												"value": 1
											},
											"add": {
												"component_groups": [
													"float2"
												]
											},
											"remove": {
												"component_groups": [
													"float1"
												]
											}
										},
										{
											"filters": {
												"test": "is_variant",
												"subject": "self",
												"value": 2
											},
											"add": {
												"component_groups": [
													"float0"
												]
											},
											"remove": {
												"component_groups": [
													"float2"
												]
											}
										}
									]
								}
							}
						},
						"key": "component_groups",
						"is_minified": true,
						"children": {
							"float0": {
								"minecraft:spell_effects": {
									"add_effects": [
										{
											"effect": "slow_falling",
											"duration": 9999,
											"amplifier": 255,
											"visible": false,
											"ambient": false
										}
									]
								},
								"minecraft:variant": {
									"value": 0
								}
							},
							"float1": {
								"minecraft:spell_effects": {
									"add_effects": [
										{
											"effect": "slow_falling",
											"duration": 9999,
											"amplifier": 255,
											"visible": false,
											"ambient": false
										}
									]
								},
								"minecraft:variant": {
									"value": 1
								}
							},
							"float2": {
								"minecraft:spell_effects": {
									"add_effects": [
										{
											"effect": "slow_falling",
											"duration": 9999,
											"amplifier": 255,
											"visible": false,
											"ambient": false
										}
									]
								},
								"minecraft:variant": {
									"value": 2
								}
							},
							"minecraft:startupex": {
								"minecraft:rideable": {
									"seat_count": 1,
									"family_types": [
										"player"
									],
									"interact_text": "Hop in",
									"rider_can_interact": true,
									"controlling_seat": 0,
									"pull_in_entities": false,
									"seats": [
										{
											"position": [
												0,
												0.3,
												0
											]
										}
									]
								}
							}
						}
					},
					{
						"key": "components",
						"is_minified": true,
						"children": {
							"minecraft:health": {
								"value": 18
							},
							"minecraft:behavior.float": {
								"priority": 0
							},
							"minecraft:input_ground_controlled": {},
							"minecraft:can_power_jump": {},
							"minecraft:horse.jump_strength": {
								"value": 0.1
							},
							"minecraft:movement.basic": {
								"max_turn": 45
							},
							"minecraft:jump.static": {
								"jump_power": 0.1
							},
							"minecraft:nameable": {
								"always_show": true
							},
							"minecraft:type_family": {
								"family": [
									"plane"
								]
							},
							"minecraft:variant": {
								"value": 0
							},
							"minecraft:navigation.walk": {
								"is_amphibious": true,
								"can_path_over_water": true
							},
							"minecraft:navigation.fly": {
								"is_amphibious": true
							},
							"minecraft:physics": {},
							"minecraft:fall_damage": {
								"value": 0
							},
							"minecraft:knockback_resistance": {
								"value": 1
							},
							"minecraft:movement": {
								"value": 0.6
							}
						}
					},
					{
						"key": "events",
						"is_minified": true,
						"children": {
							"minecraft:entity_spawned": {
								"sequence": [
									{
										"add": {
											"component_groups": [
												"minecraft:startupex"
											]
										}
									}
								]
							},
							"minecraft:float": {
								"sequence": [
									{
										"filters": {
											"test": "is_variant",
											"subject": "self",
											"value": 0
										},
										"add": {
											"component_groups": [
												"float1"
											]
										},
										"remove": {
											"component_groups": [
												"float0"
											]
										}
									},
									{
										"filters": {
											"test": "is_variant",
											"subject": "self",
											"value": 1
										},
										"add": {
											"component_groups": [
												"float2"
											]
										},
										"remove": {
											"component_groups": [
												"float1"
											]
										}
									},
									{
										"filters": {
											"test": "is_variant",
											"subject": "self",
											"value": 2
										},
										"add": {
											"component_groups": [
												"float0"
											]
										},
										"remove": {
											"component_groups": [
												"float2"
											]
										}
									}
								]
							}
						}
					}
				]
			}
		]
	}
}