{
	"file_path": "/home/yulian/.local/share/mcpelauncher/games/com.mojang/development_behavior_packs/Helicopter War/entities/helicopter.json",
	"file_type": "entity",
	"format_version": 1,
	"file_uuid": "036ed5cd_543c_4afe_a5ed_1e4de1eba711",
	"file_version": 41,
	"cache_content": {
		"children": [
			{
				"open": {
					"format_version": "1.16.100",
					"minecraft:entity": {
						"description": {
							"identifier": "mob:helicopter",
							"is_summonable": true,
							"is_spawnable": true,
							"scripts": {
								"animate": [
									{
										"fly": "(1.0)"
									},
									{
										"remove_effect": "(1.0)"
									}
								]
							},
							"animations": {
								"fly": "controller.animation.plane.fly",
								"remove_effect": "controller.animation.plane.remove_effect",
								"move": "animation.helicopter.move"
							}
						},
						"component_groups": {
							"float0": {
								"minecraft:spell_effects": {
									"add_effects": [
										{
											"effect": "slow_falling",
											"duration": 9999,
											"amplifier": 255,
											"visible": false,
											"ambient": false
										}
									]
								},
								"minecraft:variant": {
									"value": 0
								}
							},
							"float1": {
								"minecraft:spell_effects": {
									"add_effects": [
										{
											"effect": "slow_falling",
											"duration": 9999,
											"amplifier": 255,
											"visible": false,
											"ambient": false
										}
									]
								},
								"minecraft:variant": {
									"value": 1
								}
							},
							"float2": {
								"minecraft:spell_effects": {
									"add_effects": [
										{
											"effect": "slow_falling",
											"duration": 9999,
											"amplifier": 255,
											"visible": false,
											"ambient": false
										}
									]
								},
								"minecraft:variant": {
									"value": 2
								}
							},
							"minecraft:startupex": {
								"minecraft:rideable": {
									"seat_count": 1,
									"family_types": [
										"player"
									],
									"interact_text": "Hop in",
									"rider_can_interact": true,
									"controlling_seat": 0,
									"pull_in_entities": false,
									"seats": [
										{
											"position": [
												0,
												0.3,
												0
											]
										}
									]
								}
							}
						},
						"components": {
							"minecraft:health": {
								"value": 18
							},
							"minecraft:behavior.float": {
								"priority": 0
							},
							"minecraft:input_ground_controlled": {},
							"minecraft:can_power_jump": {},
							"minecraft:horse.jump_strength": {
								"value": 0.1
							},
							"minecraft:movement.basic": {
								"max_turn": 45
							},
							"minecraft:jump.static": {
								"jump_power": 0.1
							},
							"minecraft:nameable": {
								"always_show": true
							},
							"minecraft:type_family": {
								"family": [
									"plane"
								]
							},
							"minecraft:variant": {
								"value": 0
							},
							"minecraft:navigation.walk": {
								"is_amphibious": true,
								"can_path_over_water": true
							},
							"minecraft:navigation.fly": {
								"is_amphibious": true
							},
							"minecraft:physics": {},
							"minecraft:fall_damage": {
								"value": 0
							},
							"minecraft:knockback_resistance": {
								"value": 1
							},
							"minecraft:movement": {
								"value": 0.6
							}
						},
						"events": {
							"minecraft:entity_spawned": {
								"sequence": [
									{
										"add": {
											"component_groups": [
												"minecraft:startupex"
											]
										}
									}
								]
							},
							"minecraft:float": {
								"sequence": [
									{
										"filters": {
											"test": "is_variant",
											"subject": "self",
											"value": 0
										},
										"add": {
											"component_groups": [
												"float1"
											]
										},
										"remove": {
											"component_groups": [
												"float0"
											]
										}
									},
									{
										"filters": {
											"test": "is_variant",
											"subject": "self",
											"value": 1
										},
										"add": {
											"component_groups": [
												"float2"
											]
										},
										"remove": {
											"component_groups": [
												"float1"
											]
										}
									},
									{
										"filters": {
											"test": "is_variant",
											"subject": "self",
											"value": 2
										},
										"add": {
											"component_groups": [
												"float0"
											]
										},
										"remove": {
											"component_groups": [
												"float2"
											]
										}
									}
								]
							}
						}
					}
				},
				"data": "1.16.100",
				"key": "format_version"
			},
			{
				"open": {
					"format_version": "1.16.100",
					"minecraft:entity": {
						"description": {
							"identifier": "mob:helicopter",
							"is_summonable": true,
							"is_spawnable": true,
							"scripts": {
								"animate": [
									{
										"fly": "(1.0)"
									},
									{
										"remove_effect": "(1.0)"
									}
								]
							},
							"animations": {
								"fly": "controller.animation.plane.fly",
								"remove_effect": "controller.animation.plane.remove_effect",
								"move": "animation.helicopter.move"
							}
						},
						"component_groups": {
							"float0": {
								"minecraft:spell_effects": {
									"add_effects": [
										{
											"effect": "slow_falling",
											"duration": 9999,
											"amplifier": 255,
											"visible": false,
											"ambient": false
										}
									]
								},
								"minecraft:variant": {
									"value": 0
								}
							},
							"float1": {
								"minecraft:spell_effects": {
									"add_effects": [
										{
											"effect": "slow_falling",
											"duration": 9999,
											"amplifier": 255,
											"visible": false,
											"ambient": false
										}
									]
								},
								"minecraft:variant": {
									"value": 1
								}
							},
							"float2": {
								"minecraft:spell_effects": {
									"add_effects": [
										{
											"effect": "slow_falling",
											"duration": 9999,
											"amplifier": 255,
											"visible": false,
											"ambient": false
										}
									]
								},
								"minecraft:variant": {
									"value": 2
								}
							},
							"minecraft:startupex": {
								"minecraft:rideable": {
									"seat_count": 1,
									"family_types": [
										"player"
									],
									"interact_text": "Hop in",
									"rider_can_interact": true,
									"controlling_seat": 0,
									"pull_in_entities": false,
									"seats": [
										{
											"position": [
												0,
												0.3,
												0
											]
										}
									]
								}
							}
						},
						"components": {
							"minecraft:health": {
								"value": 18
							},
							"minecraft:behavior.float": {
								"priority": 0
							},
							"minecraft:input_ground_controlled": {},
							"minecraft:can_power_jump": {},
							"minecraft:horse.jump_strength": {
								"value": 0.1
							},
							"minecraft:movement.basic": {
								"max_turn": 45
							},
							"minecraft:jump.static": {
								"jump_power": 0.1
							},
							"minecraft:nameable": {
								"always_show": true
							},
							"minecraft:type_family": {
								"family": [
									"plane"
								]
							},
							"minecraft:variant": {
								"value": 0
							},
							"minecraft:navigation.walk": {
								"is_amphibious": true,
								"can_path_over_water": true
							},
							"minecraft:navigation.fly": {
								"is_amphibious": true
							},
							"minecraft:physics": {},
							"minecraft:fall_damage": {
								"value": 0
							},
							"minecraft:knockback_resistance": {
								"value": 1
							},
							"minecraft:movement": {
								"value": 0.6
							}
						},
						"events": {
							"minecraft:entity_spawned": {
								"sequence": [
									{
										"add": {
											"component_groups": [
												"minecraft:startupex"
											]
										}
									}
								]
							},
							"minecraft:float": {
								"sequence": [
									{
										"filters": {
											"test": "is_variant",
											"subject": "self",
											"value": 0
										},
										"add": {
											"component_groups": [
												"float1"
											]
										},
										"remove": {
											"component_groups": [
												"float0"
											]
										}
									},
									{
										"filters": {
											"test": "is_variant",
											"subject": "self",
											"value": 1
										},
										"add": {
											"component_groups": [
												"float2"
											]
										},
										"remove": {
											"component_groups": [
												"float1"
											]
										}
									},
									{
										"filters": {
											"test": "is_variant",
											"subject": "self",
											"value": 2
										},
										"add": {
											"component_groups": [
												"float0"
											]
										},
										"remove": {
											"component_groups": [
												"float2"
											]
										}
									}
								]
							}
						}
					}
				},
				"key": "minecraft:entity",
				"children": [
					{
						"open": {
							"description": {
								"identifier": "mob:helicopter",
								"is_summonable": true,
								"is_spawnable": true,
								"scripts": {
									"animate": [
										{
											"fly": "(1.0)"
										},
										{
											"remove_effect": "(1.0)"
										}
									]
								},
								"animations": {
									"fly": "controller.animation.plane.fly",
									"remove_effect": "controller.animation.plane.remove_effect",
									"move": "animation.helicopter.move"
								}
							},
							"component_groups": {
								"float0": {
									"minecraft:spell_effects": {
										"add_effects": [
											{
												"effect": "slow_falling",
												"duration": 9999,
												"amplifier": 255,
												"visible": false,
												"ambient": false
											}
										]
									},
									"minecraft:variant": {
										"value": 0
									}
								},
								"float1": {
									"minecraft:spell_effects": {
										"add_effects": [
											{
												"effect": "slow_falling",
												"duration": 9999,
												"amplifier": 255,
												"visible": false,
												"ambient": false
											}
										]
									},
									"minecraft:variant": {
										"value": 1
									}
								},
								"float2": {
									"minecraft:spell_effects": {
										"add_effects": [
											{
												"effect": "slow_falling",
												"duration": 9999,
												"amplifier": 255,
												"visible": false,
												"ambient": false
											}
										]
									},
									"minecraft:variant": {
										"value": 2
									}
								},
								"minecraft:startupex": {
									"minecraft:rideable": {
										"seat_count": 1,
										"family_types": [
											"player"
										],
										"interact_text": "Hop in",
										"rider_can_interact": true,
										"controlling_seat": 0,
										"pull_in_entities": false,
										"seats": [
											{
												"position": [
													0,
													0.3,
													0
												]
											}
										]
									}
								}
							},
							"components": {
								"minecraft:health": {
									"value": 18
								},
								"minecraft:behavior.float": {
									"priority": 0
								},
								"minecraft:input_ground_controlled": {},
								"minecraft:can_power_jump": {},
								"minecraft:horse.jump_strength": {
									"value": 0.1
								},
								"minecraft:movement.basic": {
									"max_turn": 45
								},
								"minecraft:jump.static": {
									"jump_power": 0.1
								},
								"minecraft:nameable": {
									"always_show": true
								},
								"minecraft:type_family": {
									"family": [
										"plane"
									]
								},
								"minecraft:variant": {
									"value": 0
								},
								"minecraft:navigation.walk": {
									"is_amphibious": true,
									"can_path_over_water": true
								},
								"minecraft:navigation.fly": {
									"is_amphibious": true
								},
								"minecraft:physics": {},
								"minecraft:fall_damage": {
									"value": 0
								},
								"minecraft:knockback_resistance": {
									"value": 1
								},
								"minecraft:movement": {
									"value": 0.6
								}
							},
							"events": {
								"minecraft:entity_spawned": {
									"sequence": [
										{
											"add": {
												"component_groups": [
													"minecraft:startupex"
												]
											}
										}
									]
								},
								"minecraft:float": {
									"sequence": [
										{
											"filters": {
												"test": "is_variant",
												"subject": "self",
												"value": 0
											},
											"add": {
												"component_groups": [
													"float1"
												]
											},
											"remove": {
												"component_groups": [
													"float0"
												]
											}
										},
										{
											"filters": {
												"test": "is_variant",
												"subject": "self",
												"value": 1
											},
											"add": {
												"component_groups": [
													"float2"
												]
											},
											"remove": {
												"component_groups": [
													"float1"
												]
											}
										},
										{
											"filters": {
												"test": "is_variant",
												"subject": "self",
												"value": 2
											},
											"add": {
												"component_groups": [
													"float0"
												]
											},
											"remove": {
												"component_groups": [
													"float2"
												]
											}
										}
									]
								}
							}
						},
						"key": "description",
						"children": [
							{
								"open": {
									"identifier": "mob:helicopter",
									"is_summonable": true,
									"is_spawnable": true,
									"scripts": {
										"animate": [
											{
												"fly": "(1.0)"
											},
											{
												"remove_effect": "(1.0)"
											}
										]
									},
									"animations": {
										"fly": "controller.animation.plane.fly",
										"remove_effect": "controller.animation.plane.remove_effect",
										"move": "animation.helicopter.move"
									}
								},
								"data": "mob:helicopter",
								"key": "identifier"
							},
							{
								"data": "true",
								"key": "is_summonable"
							},
							{
								"data": "true",
								"key": "is_spawnable"
							},
							{
								"open": {
									"identifier": "mob:helicopter",
									"is_summonable": true,
									"is_spawnable": true,
									"scripts": {
										"animate": [
											{
												"fly": "(1.0)"
											},
											{
												"remove_effect": "(1.0)"
											}
										]
									},
									"animations": {
										"fly": "controller.animation.plane.fly",
										"remove_effect": "controller.animation.plane.remove_effect",
										"move": "animation.helicopter.move"
									}
								},
								"key": "scripts",
								"children": [
									{
										"open": {
											"animate": [
												{
													"fly": "(1.0)"
												},
												{
													"remove_effect": "(1.0)"
												}
											]
										},
										"key": "animate",
										"children": [
											{
												"open": [
													{
														"fly": "(1.0)"
													},
													{
														"remove_effect": "(1.0)"
													}
												],
												"is_minified": true,
												"children": {
													"fly": "(1.0)"
												}
											},
											{
												"is_minified": true,
												"children": {
													"remove_effect": "(1.0)"
												}
											}
										]
									}
								]
							},
							{
								"open": {
									"identifier": "mob:helicopter",
									"is_summonable": true,
									"is_spawnable": true,
									"scripts": {
										"animate": [
											{
												"fly": "(1.0)"
											},
											{
												"remove_effect": "(1.0)"
											}
										]
									},
									"animations": {
										"fly": "controller.animation.plane.fly",
										"remove_effect": "controller.animation.plane.remove_effect",
										"move": "animation.helicopter.move"
									}
								},
								"key": "animations",
								"is_minified": true,
								"children": {
									"fly": "controller.animation.plane.fly",
									"remove_effect": "controller.animation.plane.remove_effect",
									"move": "animation.helicopter.move"
								}
							}
						]
					},
					{
						"open": {
							"description": {
								"identifier": "mob:helicopter",
								"is_summonable": true,
								"is_spawnable": true,
								"scripts": {
									"animate": [
										{
											"fly": "(1.0)"
										},
										{
											"remove_effect": "(1.0)"
										}
									]
								},
								"animations": {
									"fly": "controller.animation.plane.fly",
									"remove_effect": "controller.animation.plane.remove_effect",
									"move": "animation.helicopter.move"
								}
							},
							"component_groups": {
								"float0": {
									"minecraft:spell_effects": {
										"add_effects": [
											{
												"effect": "slow_falling",
												"duration": 9999,
												"amplifier": 255,
												"visible": false,
												"ambient": false
											}
										]
									},
									"minecraft:variant": {
										"value": 0
									}
								},
								"float1": {
									"minecraft:spell_effects": {
										"add_effects": [
											{
												"effect": "slow_falling",
												"duration": 9999,
												"amplifier": 255,
												"visible": false,
												"ambient": false
											}
										]
									},
									"minecraft:variant": {
										"value": 1
									}
								},
								"float2": {
									"minecraft:spell_effects": {
										"add_effects": [
											{
												"effect": "slow_falling",
												"duration": 9999,
												"amplifier": 255,
												"visible": false,
												"ambient": false
											}
										]
									},
									"minecraft:variant": {
										"value": 2
									}
								},
								"minecraft:startupex": {
									"minecraft:rideable": {
										"seat_count": 1,
										"family_types": [
											"player"
										],
										"interact_text": "Hop in",
										"rider_can_interact": true,
										"controlling_seat": 0,
										"pull_in_entities": false,
										"seats": [
											{
												"position": [
													0,
													0.3,
													0
												]
											}
										]
									}
								}
							},
							"components": {
								"minecraft:health": {
									"value": 18
								},
								"minecraft:behavior.float": {
									"priority": 0
								},
								"minecraft:input_ground_controlled": {},
								"minecraft:can_power_jump": {},
								"minecraft:horse.jump_strength": {
									"value": 0.1
								},
								"minecraft:movement.basic": {
									"max_turn": 45
								},
								"minecraft:jump.static": {
									"jump_power": 0.1
								},
								"minecraft:nameable": {
									"always_show": true
								},
								"minecraft:type_family": {
									"family": [
										"plane"
									]
								},
								"minecraft:variant": {
									"value": 0
								},
								"minecraft:navigation.walk": {
									"is_amphibious": true,
									"can_path_over_water": true
								},
								"minecraft:navigation.fly": {
									"is_amphibious": true
								},
								"minecraft:physics": {},
								"minecraft:fall_damage": {
									"value": 0
								},
								"minecraft:knockback_resistance": {
									"value": 1
								},
								"minecraft:movement": {
									"value": 0.6
								}
							},
							"events": {
								"minecraft:entity_spawned": {
									"sequence": [
										{
											"add": {
												"component_groups": [
													"minecraft:startupex"
												]
											}
										}
									]
								},
								"minecraft:float": {
									"sequence": [
										{
											"filters": {
												"test": "is_variant",
												"subject": "self",
												"value": 0
											},
											"add": {
												"component_groups": [
													"float1"
												]
											},
											"remove": {
												"component_groups": [
													"float0"
												]
											}
										},
										{
											"filters": {
												"test": "is_variant",
												"subject": "self",
												"value": 1
											},
											"add": {
												"component_groups": [
													"float2"
												]
											},
											"remove": {
												"component_groups": [
													"float1"
												]
											}
										},
										{
											"filters": {
												"test": "is_variant",
												"subject": "self",
												"value": 2
											},
											"add": {
												"component_groups": [
													"float0"
												]
											},
											"remove": {
												"component_groups": [
													"float2"
												]
											}
										}
									]
								}
							}
						},
						"key": "component_groups",
						"children": [
							{
								"key": "float0",
								"children": [
									{
										"open": {
											"minecraft:spell_effects": {
												"add_effects": [
													{
														"effect": "slow_falling",
														"duration": 9999,
														"amplifier": 255,
														"visible": false,
														"ambient": false
													}
												]
											},
											"minecraft:variant": {
												"value": 0
											}
										},
										"key": "minecraft:spell_effects",
										"children": [
											{
												"open": {
													"add_effects": [
														{
															"effect": "slow_falling",
															"duration": 9999,
															"amplifier": 255,
															"visible": false,
															"ambient": false
														}
													]
												},
												"key": "add_effects",
												"children": [
													{
														"open": [
															{
																"effect": "slow_falling",
																"duration": 9999,
																"amplifier": 255,
																"visible": false,
																"ambient": false
															}
														],
														"is_minified": true,
														"children": {
															"effect": "slow_falling",
															"duration": 9999,
															"amplifier": 255,
															"visible": false,
															"ambient": false
														}
													}
												]
											}
										]
									},
									{
										"open": {
											"minecraft:spell_effects": {
												"add_effects": [
													{
														"effect": "slow_falling",
														"duration": 9999,
														"amplifier": 255,
														"visible": false,
														"ambient": false
													}
												]
											},
											"minecraft:variant": {
												"value": 0
											}
										},
										"key": "minecraft:variant",
										"is_minified": true,
										"children": {
											"value": 0
										}
									}
								]
							},
							{
								"key": "float1",
								"children": [
									{
										"open": {
											"minecraft:spell_effects": {
												"add_effects": [
													{
														"effect": "slow_falling",
														"duration": 9999,
														"amplifier": 255,
														"visible": false,
														"ambient": false
													}
												]
											},
											"minecraft:variant": {
												"value": 1
											}
										},
										"key": "minecraft:spell_effects",
										"children": [
											{
												"open": {
													"add_effects": [
														{
															"effect": "slow_falling",
															"duration": 9999,
															"amplifier": 255,
															"visible": false,
															"ambient": false
														}
													]
												},
												"key": "add_effects",
												"children": [
													{
														"open": [
															{
																"effect": "slow_falling",
																"duration": 9999,
																"amplifier": 255,
																"visible": false,
																"ambient": false
															}
														],
														"is_minified": true,
														"children": {
															"effect": "slow_falling",
															"duration": 9999,
															"amplifier": 255,
															"visible": false,
															"ambient": false
														}
													}
												]
											}
										]
									},
									{
										"open": {
											"minecraft:spell_effects": {
												"add_effects": [
													{
														"effect": "slow_falling",
														"duration": 9999,
														"amplifier": 255,
														"visible": false,
														"ambient": false
													}
												]
											},
											"minecraft:variant": {
												"value": 1
											}
										},
										"key": "minecraft:variant",
										"is_minified": true,
										"children": {
											"value": 1
										}
									}
								]
							},
							{
								"key": "float2",
								"is_minified": true,
								"children": {
									"minecraft:spell_effects": {
										"add_effects": [
											{
												"effect": "slow_falling",
												"duration": 9999,
												"amplifier": 255,
												"visible": false,
												"ambient": false
											}
										]
									},
									"minecraft:variant": {
										"value": 2
									}
								}
							},
							{
								"open": {
									"float0": {
										"minecraft:spell_effects": {
											"add_effects": [
												{
													"effect": "slow_falling",
													"duration": 9999,
													"amplifier": 255,
													"visible": false,
													"ambient": false
												}
											]
										},
										"minecraft:variant": {
											"value": 0
										}
									},
									"float1": {
										"minecraft:spell_effects": {
											"add_effects": [
												{
													"effect": "slow_falling",
													"duration": 9999,
													"amplifier": 255,
													"visible": false,
													"ambient": false
												}
											]
										},
										"minecraft:variant": {
											"value": 1
										}
									},
									"float2": {
										"minecraft:spell_effects": {
											"add_effects": [
												{
													"effect": "slow_falling",
													"duration": 9999,
													"amplifier": 255,
													"visible": false,
													"ambient": false
												}
											]
										},
										"minecraft:variant": {
											"value": 2
										}
									},
									"minecraft:startupex": {
										"minecraft:rideable": {
											"seat_count": 1,
											"family_types": [
												"player"
											],
											"interact_text": "Hop in",
											"rider_can_interact": true,
											"controlling_seat": 0,
											"pull_in_entities": false,
											"seats": [
												{
													"position": [
														0,
														0.3,
														0
													]
												}
											]
										}
									}
								},
								"key": "minecraft:startupex",
								"children": [
									{
										"open": {
											"minecraft:rideable": {
												"seat_count": 1,
												"family_types": [
													"player"
												],
												"interact_text": "Hop in",
												"rider_can_interact": true,
												"controlling_seat": 0,
												"pull_in_entities": false,
												"seats": [
													{
														"position": [
															0,
															0.3,
															0
														]
													}
												]
											}
										},
										"key": "minecraft:rideable",
										"children": [
											{
												"open": {
													"seat_count": 1,
													"family_types": [
														"player"
													],
													"interact_text": "Hop in",
													"rider_can_interact": true,
													"controlling_seat": 0,
													"pull_in_entities": false,
													"seats": [
														{
															"position": [
																0,
																0.3,
																0
															]
														}
													]
												},
												"data": "1",
												"key": "seat_count"
											},
											{
												"key": "family_types",
												"is_minified": true,
												"children": [
													"player"
												]
											},
											{
												"data": "Hop in",
												"key": "interact_text"
											},
											{
												"data": "true",
												"key": "rider_can_interact"
											},
											{
												"data": "0",
												"key": "controlling_seat"
											},
											{
												"data": "false",
												"key": "pull_in_entities"
											},
											{
												"open": {
													"seat_count": 1,
													"family_types": [
														"player"
													],
													"interact_text": "Hop in",
													"rider_can_interact": true,
													"controlling_seat": 0,
													"pull_in_entities": false,
													"seats": [
														{
															"position": [
																0,
																0.3,
																0
															]
														}
													]
												},
												"key": "seats",
												"children": [
													{
														"open": [
															{
																"position": [
																	0,
																	0.3,
																	0
																]
															}
														],
														"children": [
															{
																"open": {
																	"position": [
																		0,
																		0.3,
																		0
																	]
																},
																"key": "position",
																"is_minified": true,
																"children": [
																	0,
																	0.3,
																	0
																]
															}
														]
													}
												]
											}
										]
									}
								]
							}
						]
					},
					{
						"open": {
							"description": {
								"identifier": "mob:helicopter",
								"is_summonable": true,
								"is_spawnable": true,
								"scripts": {
									"animate": [
										{
											"fly": "(1.0)"
										},
										{
											"remove_effect": "(1.0)"
										}
									]
								},
								"animations": {
									"fly": "controller.animation.plane.fly",
									"remove_effect": "controller.animation.plane.remove_effect",
									"move": "animation.helicopter.move"
								}
							},
							"component_groups": {
								"float0": {
									"minecraft:spell_effects": {
										"add_effects": [
											{
												"effect": "slow_falling",
												"duration": 9999,
												"amplifier": 255,
												"visible": false,
												"ambient": false
											}
										]
									},
									"minecraft:variant": {
										"value": 0
									}
								},
								"float1": {
									"minecraft:spell_effects": {
										"add_effects": [
											{
												"effect": "slow_falling",
												"duration": 9999,
												"amplifier": 255,
												"visible": false,
												"ambient": false
											}
										]
									},
									"minecraft:variant": {
										"value": 1
									}
								},
								"float2": {
									"minecraft:spell_effects": {
										"add_effects": [
											{
												"effect": "slow_falling",
												"duration": 9999,
												"amplifier": 255,
												"visible": false,
												"ambient": false
											}
										]
									},
									"minecraft:variant": {
										"value": 2
									}
								},
								"minecraft:startupex": {
									"minecraft:rideable": {
										"seat_count": 1,
										"family_types": [
											"player"
										],
										"interact_text": "Hop in",
										"rider_can_interact": true,
										"controlling_seat": 0,
										"pull_in_entities": false,
										"seats": [
											{
												"position": [
													0,
													0.3,
													0
												]
											}
										]
									}
								}
							},
							"components": {
								"minecraft:health": {
									"value": 18
								},
								"minecraft:behavior.float": {
									"priority": 0
								},
								"minecraft:input_ground_controlled": {},
								"minecraft:can_power_jump": {},
								"minecraft:horse.jump_strength": {
									"value": 0.1
								},
								"minecraft:movement.basic": {
									"max_turn": 45
								},
								"minecraft:jump.static": {
									"jump_power": 0.1
								},
								"minecraft:nameable": {
									"always_show": true
								},
								"minecraft:type_family": {
									"family": [
										"plane"
									]
								},
								"minecraft:variant": {
									"value": 0
								},
								"minecraft:navigation.walk": {
									"is_amphibious": true,
									"can_path_over_water": true
								},
								"minecraft:navigation.fly": {
									"is_amphibious": true
								},
								"minecraft:physics": {},
								"minecraft:fall_damage": {
									"value": 0
								},
								"minecraft:knockback_resistance": {
									"value": 1
								},
								"minecraft:movement": {
									"value": 0.6
								}
							},
							"events": {
								"minecraft:entity_spawned": {
									"sequence": [
										{
											"add": {
												"component_groups": [
													"minecraft:startupex"
												]
											}
										}
									]
								},
								"minecraft:float": {
									"sequence": [
										{
											"filters": {
												"test": "is_variant",
												"subject": "self",
												"value": 0
											},
											"add": {
												"component_groups": [
													"float1"
												]
											},
											"remove": {
												"component_groups": [
													"float0"
												]
											}
										},
										{
											"filters": {
												"test": "is_variant",
												"subject": "self",
												"value": 1
											},
											"add": {
												"component_groups": [
													"float2"
												]
											},
											"remove": {
												"component_groups": [
													"float1"
												]
											}
										},
										{
											"filters": {
												"test": "is_variant",
												"subject": "self",
												"value": 2
											},
											"add": {
												"component_groups": [
													"float0"
												]
											},
											"remove": {
												"component_groups": [
													"float2"
												]
											}
										}
									]
								}
							}
						},
						"key": "components",
						"children": [
							{
								"open": {
									"minecraft:health": {
										"value": 18
									},
									"minecraft:behavior.float": {
										"priority": 0
									},
									"minecraft:input_ground_controlled": {},
									"minecraft:can_power_jump": {},
									"minecraft:horse.jump_strength": {
										"value": 0.1
									},
									"minecraft:movement.basic": {
										"max_turn": 45
									},
									"minecraft:jump.static": {
										"jump_power": 0.1
									},
									"minecraft:nameable": {
										"always_show": true
									},
									"minecraft:type_family": {
										"family": [
											"plane"
										]
									},
									"minecraft:variant": {
										"value": 0
									},
									"minecraft:navigation.walk": {
										"is_amphibious": true,
										"can_path_over_water": true
									},
									"minecraft:navigation.fly": {
										"is_amphibious": true
									},
									"minecraft:physics": {},
									"minecraft:fall_damage": {
										"value": 0
									},
									"minecraft:knockback_resistance": {
										"value": 1
									},
									"minecraft:movement": {
										"value": 0.6
									}
								},
								"key": "minecraft:health",
								"is_minified": true,
								"children": {
									"value": 18
								}
							},
							{
								"key": "minecraft:behavior.float",
								"is_minified": true,
								"children": {
									"priority": 0
								}
							},
							{
								"key": "minecraft:input_ground_controlled",
								"is_minified": true,
								"children": {}
							},
							{
								"key": "minecraft:can_power_jump",
								"is_minified": true,
								"children": {}
							},
							{
								"key": "minecraft:horse.jump_strength",
								"is_minified": true,
								"children": {
									"value": 0.1
								}
							},
							{
								"key": "minecraft:movement.basic",
								"is_minified": true,
								"children": {
									"max_turn": 45
								}
							},
							{
								"key": "minecraft:jump.static",
								"is_minified": true,
								"children": {
									"jump_power": 0.1
								}
							},
							{
								"key": "minecraft:nameable",
								"is_minified": true,
								"children": {
									"always_show": true
								}
							},
							{
								"key": "minecraft:type_family",
								"is_minified": true,
								"children": {
									"family": [
										"plane"
									]
								}
							},
							{
								"key": "minecraft:variant",
								"is_minified": true,
								"children": {
									"value": 0
								}
							},
							{
								"key": "minecraft:navigation.walk",
								"is_minified": true,
								"children": {
									"is_amphibious": true,
									"can_path_over_water": true
								}
							},
							{
								"key": "minecraft:navigation.fly",
								"is_minified": true,
								"children": {
									"is_amphibious": true
								}
							},
							{
								"key": "minecraft:physics",
								"is_minified": true,
								"children": {}
							},
							{
								"key": "minecraft:fall_damage",
								"is_minified": true,
								"children": {
									"value": 0
								}
							},
							{
								"key": "minecraft:knockback_resistance",
								"is_minified": true,
								"children": {
									"value": 1
								}
							},
							{
								"key": "minecraft:movement",
								"is_minified": true,
								"children": {
									"value": 0.6
								}
							}
						]
					},
					{
						"key": "events",
						"children": [
							{
								"open": {
									"minecraft:entity_spawned": {
										"sequence": [
											{
												"add": {
													"component_groups": [
														"minecraft:startupex"
													]
												}
											}
										]
									},
									"minecraft:float": {
										"sequence": [
											{
												"filters": {
													"test": "is_variant",
													"subject": "self",
													"value": 0
												},
												"add": {
													"component_groups": [
														"float1"
													]
												},
												"remove": {
													"component_groups": [
														"float0"
													]
												}
											},
											{
												"filters": {
													"test": "is_variant",
													"subject": "self",
													"value": 1
												},
												"add": {
													"component_groups": [
														"float2"
													]
												},
												"remove": {
													"component_groups": [
														"float1"
													]
												}
											},
											{
												"filters": {
													"test": "is_variant",
													"subject": "self",
													"value": 2
												},
												"add": {
													"component_groups": [
														"float0"
													]
												},
												"remove": {
													"component_groups": [
														"float2"
													]
												}
											}
										]
									}
								},
								"key": "minecraft:entity_spawned",
								"children": [
									{
										"open": {
											"sequence": [
												{
													"add": {
														"component_groups": [
															"minecraft:startupex"
														]
													}
												}
											]
										},
										"key": "sequence",
										"children": [
											{
												"open": [
													{
														"add": {
															"component_groups": [
																"minecraft:startupex"
															]
														}
													}
												],
												"children": [
													{
														"open": {
															"add": {
																"component_groups": [
																	"minecraft:startupex"
																]
															}
														},
														"key": "add",
														"children": [
															{
																"open": {
																	"component_groups": [
																		"minecraft:startupex"
																	]
																},
																"key": "component_groups",
																"is_minified": true,
																"children": [
																	"minecraft:startupex"
																]
															}
														]
													}
												]
											}
										]
									}
								]
							},
							{
								"open": {
									"minecraft:entity_spawned": {
										"sequence": [
											{
												"add": {
													"component_groups": [
														"minecraft:startupex"
													]
												}
											}
										]
									},
									"minecraft:float": {
										"sequence": [
											{
												"filters": {
													"test": "is_variant",
													"subject": "self",
													"value": 0
												},
												"add": {
													"component_groups": [
														"float1"
													]
												},
												"remove": {
													"component_groups": [
														"float0"
													]
												}
											},
											{
												"filters": {
													"test": "is_variant",
													"subject": "self",
													"value": 1
												},
												"add": {
													"component_groups": [
														"float2"
													]
												},
												"remove": {
													"component_groups": [
														"float1"
													]
												}
											},
											{
												"filters": {
													"test": "is_variant",
													"subject": "self",
													"value": 2
												},
												"add": {
													"component_groups": [
														"float0"
													]
												},
												"remove": {
													"component_groups": [
														"float2"
													]
												}
											}
										]
									}
								},
								"key": "minecraft:float",
								"children": [
									{
										"open": {
											"sequence": [
												{
													"filters": {
														"test": "is_variant",
														"subject": "self",
														"value": 0
													},
													"add": {
														"component_groups": [
															"float1"
														]
													},
													"remove": {
														"component_groups": [
															"float0"
														]
													}
												},
												{
													"filters": {
														"test": "is_variant",
														"subject": "self",
														"value": 1
													},
													"add": {
														"component_groups": [
															"float2"
														]
													},
													"remove": {
														"component_groups": [
															"float1"
														]
													}
												},
												{
													"filters": {
														"test": "is_variant",
														"subject": "self",
														"value": 2
													},
													"add": {
														"component_groups": [
															"float0"
														]
													},
													"remove": {
														"component_groups": [
															"float2"
														]
													}
												}
											]
										},
										"key": "sequence",
										"children": [
											{
												"open": [
													{
														"filters": {
															"test": "is_variant",
															"subject": "self",
															"value": 0
														},
														"add": {
															"component_groups": [
																"float1"
															]
														},
														"remove": {
															"component_groups": [
																"float0"
															]
														}
													},
													{
														"filters": {
															"test": "is_variant",
															"subject": "self",
															"value": 1
														},
														"add": {
															"component_groups": [
																"float2"
															]
														},
														"remove": {
															"component_groups": [
																"float1"
															]
														}
													},
													{
														"filters": {
															"test": "is_variant",
															"subject": "self",
															"value": 2
														},
														"add": {
															"component_groups": [
																"float0"
															]
														},
														"remove": {
															"component_groups": [
																"float2"
															]
														}
													}
												],
												"children": [
													{
														"open": {
															"filters": {
																"test": "is_variant",
																"subject": "self",
																"value": 0
															},
															"add": {
																"component_groups": [
																	"float1"
																]
															},
															"remove": {
																"component_groups": [
																	"float0"
																]
															}
														},
														"key": "filters",
														"is_minified": true,
														"children": {
															"test": "is_variant",
															"subject": "self",
															"value": 0
														}
													},
													{
														"open": {
															"filters": {
																"test": "is_variant",
																"subject": "self",
																"value": 0
															},
															"add": {
																"component_groups": [
																	"float1"
																]
															},
															"remove": {
																"component_groups": [
																	"float0"
																]
															}
														},
														"key": "add",
														"is_minified": true,
														"children": {
															"component_groups": [
																"float1"
															]
														}
													},
													{
														"open": {
															"filters": {
																"test": "is_variant",
																"subject": "self",
																"value": 0
															},
															"add": {
																"component_groups": [
																	"float1"
																]
															},
															"remove": {
																"component_groups": [
																	"float0"
																]
															}
														},
														"key": "remove",
														"is_minified": true,
														"children": {
															"component_groups": [
																"float0"
															]
														}
													}
												]
											},
											{
												"open": [
													{
														"filters": {
															"test": "is_variant",
															"subject": "self",
															"value": 0
														},
														"add": {
															"component_groups": [
																"float1"
															]
														},
														"remove": {
															"component_groups": [
																"float0"
															]
														}
													},
													{
														"filters": {
															"test": "is_variant",
															"subject": "self",
															"value": 1
														},
														"add": {
															"component_groups": [
																"float2"
															]
														},
														"remove": {
															"component_groups": [
																"float1"
															]
														}
													},
													{
														"filters": {
															"test": "is_variant",
															"subject": "self",
															"value": 2
														},
														"add": {
															"component_groups": [
																"float0"
															]
														},
														"remove": {
															"component_groups": [
																"float2"
															]
														}
													}
												],
												"is_minified": true,
												"children": {
													"filters": {
														"test": "is_variant",
														"subject": "self",
														"value": 1
													},
													"add": {
														"component_groups": [
															"float2"
														]
													},
													"remove": {
														"component_groups": [
															"float1"
														]
													}
												}
											},
											{
												"open": [
													{
														"filters": {
															"test": "is_variant",
															"subject": "self",
															"value": 0
														},
														"add": {
															"component_groups": [
																"float1"
															]
														},
														"remove": {
															"component_groups": [
																"float0"
															]
														}
													},
													{
														"filters": {
															"test": "is_variant",
															"subject": "self",
															"value": 1
														},
														"add": {
															"component_groups": [
																"float2"
															]
														},
														"remove": {
															"component_groups": [
																"float1"
															]
														}
													},
													{
														"filters": {
															"test": "is_variant",
															"subject": "self",
															"value": 2
														},
														"add": {
															"component_groups": [
																"float0"
															]
														},
														"remove": {
															"component_groups": [
																"float2"
															]
														}
													}
												],
												"is_minified": true,
												"children": {
													"filters": {
														"test": "is_variant",
														"subject": "self",
														"value": 2
													},
													"add": {
														"component_groups": [
															"float0"
														]
													},
													"remove": {
														"component_groups": [
															"float2"
														]
													}
												}
											}
										]
									}
								]
							}
						]
					}
				]
			}
		]
	}
}