{
	"format_version": "1.12.0",
	"minecraft:geometry": [
		{
			"description": {
				"identifier": "geometry.army_helicoptero",
				"texture_width": 256,
				"texture_height": 256,
				"visible_bounds_width": 9,
				"visible_bounds_height": 3.5,
				"visible_bounds_offset": [0, 1.25, 0]
			},
			"bones": [
				{
					"name": "1all",
					"pivot": [-7, 4, -8],
					"cubes": [
						{"origin": [-14, 3.5, -14], "size": [29, 1, 27], "uv": [0, 0]},
						{"origin": [12, 3.5, 5], "size": [5, 0, 8], "pivot": [-7, 0, 0], "rotation": [2.5, -20, 0], "uv": [0, 19]},
						{"origin": [-7, 3.5, 13], "size": [18, 1, 8], "uv": [107, 66]},
						{"origin": [4, 3.5, 3], "size": [8, 1, 4], "pivot": [-7, 0, 0], "rotation": [0, -72.5, 0], "uv": [85, 20]},
						{"origin": [3, 3.5, 6], "size": [10, 1, 5], "pivot": [-7, 0, 0], "rotation": [0, -72.5, 0], "uv": [50, 134]},
						{"origin": [10, 3.5, -13], "size": [2, 1, 4], "pivot": [-7, 0, 0], "rotation": [0, -72.5, 0], "uv": [26, 55]},
						{"origin": [3, 3.5, 2], "size": [10, 1, 4], "pivot": [-7, 0, 0], "rotation": [0, -72.5, 0], "uv": [15, 138]}
					]
				},
				{
					"name": "Cola",
					"parent": "1all",
					"pivot": [-1, 24, 4],
					"cubes": [
						{"origin": [-7, 38, 27], "size": [15, 0, 1.8], "pivot": [-1, 24, 4], "rotation": [-37.5, 0, 0], "uv": [46, 86]},
						{"origin": [-7, 38, 14], "size": [15, 1, 14.8], "pivot": [-1, 24, 4], "rotation": [-37.5, 0, 0], "uv": [52, 97]},
						{"origin": [-8.5, 38, 20], "size": [16.5, 1, 4.8], "pivot": [-1, 24, 4], "rotation": [-37.5, 0, 0], "uv": [117, 45]},
						{"origin": [-7.5, 38, 21], "size": [15.5, 1, 4.8], "pivot": [-1, 24, 4], "rotation": [-37.5, 0, 0], "uv": [40, 65]},
						{"origin": [-9, 38, 19], "size": [17, 1, 3.8], "pivot": [-1, 24, 4], "rotation": [-37.5, 0, 0], "uv": [15, 134]},
						{"origin": [-11, 38, 14], "size": [21, 1, 0.8], "pivot": [-1, 24, 4], "rotation": [-37.5, 0, 0], "uv": [27, 96]},
						{"origin": [-11, 38, 15], "size": [21, 1, 1.8], "pivot": [-1, 24, 4], "rotation": [-37.5, 0, 0], "uv": [113, 14]},
						{"origin": [-10, 38, 16], "size": [19, 1, 1.8], "pivot": [-1, 24, 4], "rotation": [-37.5, 0, 0], "uv": [134, 82]},
						{"origin": [-10, 38, 17], "size": [19, 1, 1.8], "pivot": [-1, 24, 4], "rotation": [-37.5, 0, 0], "uv": [134, 80]},
						{"origin": [-9, 38, 18], "size": [18, 1, 1.8], "pivot": [-1, 24, 4], "rotation": [-37.5, 0, 0], "uv": [134, 88]},
						{"origin": [-7, -1, 22.3], "size": [15, 1, 3.7], "pivot": [-1, 24, 4], "rotation": [20, 0, 0], "uv": [134, 84]},
						{"origin": [-11, -1, 13.3], "size": [22, 1, 1.7], "pivot": [-1, 24, 4], "rotation": [20, 0, 0], "uv": [113, 10]},
						{"origin": [-10, -1, 14.3], "size": [20, 1, 1.7], "pivot": [-1, 24, 4], "rotation": [20, 0, 0], "uv": [130, 124]},
						{"origin": [-10, -1, 15.3], "size": [19, 1, 2.7], "pivot": [-1, 24, 4], "rotation": [20, 0, 0], "uv": [113, 16]},
						{"origin": [-9, -1, 17.3], "size": [17, 1, 3.7], "pivot": [-1, 24, 4], "rotation": [20, 0, 0], "uv": [130, 120]},
						{"origin": [-8, -1, 20.3], "size": [16, 1, 1.7], "pivot": [-1, 24, 4], "rotation": [20, 0, 0], "uv": [136, 50]},
						{"origin": [-8, -1, 21.3], "size": [16, 1, 1.7], "pivot": [-1, 24, 4], "rotation": [20, 0, 0], "uv": [80, 90]},
						{"origin": [-8, -1, 22.3], "size": [16, 1, 1.7], "pivot": [-1, 24, 4], "rotation": [20, 0, 0], "uv": [80, 88]},
						{"origin": [15, -5, 0.3], "size": [1, 1, 1.7], "pivot": [-1, 24, 4], "rotation": [70, -10, 15], "uv": [54, 32]},
						{"origin": [16, -4, -0.7], "size": [0, 1, 1.7], "pivot": [-1, 24, 4], "rotation": [70, -10, 15], "uv": [19, 5]},
						{"origin": [16, -3, -0.7], "size": [0, 1, 1.7], "pivot": [-1, 24, 4], "rotation": [70, -10, 15], "uv": [18, 18]},
						{"origin": [16, -3, -1.7], "size": [0, 2, 2.7], "pivot": [-1, 24, 4], "rotation": [70, -10, 15], "uv": [0, 23]},
						{"origin": [16, -1, -2.7], "size": [0, 2, 2.7], "pivot": [-1, 24, 4], "rotation": [70, -10, 15], "uv": [22, 17]},
						{"origin": [16, 0, -3.7], "size": [0, 1, 3.7], "pivot": [-1, 24, 4], "rotation": [70, -10, 15], "uv": [17, 2]},
						{"origin": [-7, 7.7, 32.1], "size": [15, 13, 1], "uv": [64, 114]},
						{"origin": [-3, 12.6, 32], "size": [7, 6, 8], "uv": [47, 72]},
						{"origin": [-2, 12.6, 40], "size": [5, 6, 7], "uv": [0, 0]},
						{"origin": [-1, 12.6, 46], "size": [3, 6, 14], "uv": [131, 100]},
						{"origin": [-18, 4, 8], "size": [1, 21, 12], "pivot": [-7, 0, 0], "rotation": [0, 17.5, 0], "uv": [116, 114]},
						{"origin": [16, 4, 1], "size": [1, 26, 12], "pivot": [-7, 0, 0], "rotation": [0, -20, 0], "uv": [0, 32]},
						{"origin": [-18, 10, 8], "size": [1, 20, 11], "pivot": [-7, 0, 0], "rotation": [0, 17.5, 0], "uv": [121, 80]},
						{"origin": [-18, 25, 19], "size": [1, 4, 1], "pivot": [-7, 0, 0], "rotation": [0, 17.5, 0], "uv": [69, 72]},
						{"origin": [17, 9, 10], "size": [1, 12, 15], "pivot": [-7, 0, 0], "rotation": [-2.5, -21, -2.5], "uv": [84, 114]},
						{"origin": [17, 4, 12], "size": [1, 11, 1], "pivot": [-7, 0, 0], "rotation": [-2.5, -21, -2.5], "uv": [8, 32]},
						{"origin": [17, 4, 13], "size": [1, 5, 1], "pivot": [-7, 0, 0], "rotation": [-2.5, -21, -2.5], "uv": [18, 72]},
						{"origin": [17, 5, 14], "size": [1, 4, 1], "pivot": [-7, 0, 0], "rotation": [-2.5, -21, -2.5], "uv": [51, 72]},
						{"origin": [17, 5, 15], "size": [1, 4, 1], "pivot": [-7, 0, 0], "rotation": [-2.5, -21, -2.5], "uv": [47, 72]},
						{"origin": [17, 5, 16], "size": [1, 4, 1], "pivot": [-7, 0, 0], "rotation": [-2.5, -21, -2.5], "uv": [40, 72]},
						{"origin": [16, 6, 17], "size": [2, 3, 1], "pivot": [-7, 0, 0], "rotation": [-2.5, -21, -2.5], "uv": [68, 59]},
						{"origin": [17, 6, 17], "size": [1, 3, 2], "pivot": [-7, 0, 0], "rotation": [-2.5, -21, -2.5], "uv": [40, 32]},
						{"origin": [17, 7, 18], "size": [1, 2, 1], "pivot": [-7, 0, 0], "rotation": [-2.5, -21, -2.5], "uv": [0, 72]},
						{"origin": [17, 7, 19], "size": [1, 2, 2], "pivot": [-7, 0, 0], "rotation": [-2.5, -21, -2.5], "uv": [28, 66]},
						{"origin": [17, 8, 21], "size": [1, 1, 2], "pivot": [-7, 0, 0], "rotation": [-2.5, -21, -2.5], "uv": [6, 72]},
						{"origin": [17, 21, 10], "size": [1, 8, 3], "pivot": [-7, 0, 0], "rotation": [-2.5, -21, -2.5], "uv": [0, 32]},
						{"origin": [18, 21, 19], "size": [0, 3, 1], "pivot": [-7, 0, 0], "rotation": [-2.5, -21, -2.5], "uv": [0, 18]},
						{"origin": [17, 21, 11], "size": [1, 7, 3], "pivot": [-7, 0, 0], "rotation": [-2.5, -21, -2.5], "uv": [14, 32]},
						{"origin": [17, 21, 14], "size": [1, 6, 2], "pivot": [-7, 0, 0], "rotation": [-2.5, -21, -2.5], "uv": [18, 19]},
						{"origin": [17, 21, 16], "size": [1, 5, 1], "pivot": [-7, 0, 0], "rotation": [-2.5, -21, -2.5], "uv": [34, 60]},
						{"origin": [17, 21, 17], "size": [1, 4, 1], "pivot": [-7, 0, 0], "rotation": [-2.5, -21, -2.5], "uv": [36, 72]},
						{"origin": [18, 21, 18], "size": [0, 4, 1], "pivot": [-7, 0, 0], "rotation": [-2.5, -21, -2.5], "uv": [4, 0]},
						{"origin": [18, 21, 20], "size": [0, 2, 1], "pivot": [-7, 0, 0], "rotation": [-2.5, -21, -2.5], "uv": [5, 18]},
						{"origin": [18, 21, 22], "size": [0, 1, 1], "pivot": [-7, 0, 0], "rotation": [-2.5, -21, -2.5], "uv": [17, 5]},
						{"origin": [18, 21, 21], "size": [0, 2, 1], "pivot": [-7, 0, 0], "rotation": [-2.5, -21, -2.5], "uv": [4, 4]},
						{"origin": [-18, 8, 18], "size": [1, 13, 13], "pivot": [-7, 0, 0], "rotation": [0, 19, 0], "uv": [126, 19]},
						{"origin": [-18, 5, 18], "size": [1, 3, 3], "pivot": [-7, 0, 0], "rotation": [0, 19, 0], "uv": [0, 19]},
						{"origin": [-18, 5, 21], "size": [1, 3, 1], "pivot": [-7, 0, 0], "rotation": [0, 19, 0], "uv": [26, 32]},
						{"origin": [-18, 6, 22], "size": [1, 2, 1], "pivot": [-7, 0, 0], "rotation": [0, 19, 0], "uv": [34, 66]},
						{"origin": [-18, 6, 23], "size": [1, 2, 1], "pivot": [-7, 0, 0], "rotation": [0, 19, 0], "uv": [40, 65]},
						{"origin": [-18, 6, 24], "size": [1, 2, 1], "pivot": [-7, 0, 0], "rotation": [0, 19, 0], "uv": [34, 55]},
						{"origin": [-18, 7, 25], "size": [1, 1, 1], "pivot": [-7, 0, 0], "rotation": [0, 19, 0], "uv": [22, 40]},
						{"origin": [-18, 7, 26], "size": [1, 1, 1], "pivot": [-7, 0, 0], "rotation": [0, 19, 0], "uv": [4, 25]},
						{"origin": [-18, 21, 19], "size": [1, 7, 1], "pivot": [-7, 0, 0], "rotation": [0, 19, 0], "uv": [54, 37]},
						{"origin": [-18, 21, 20], "size": [1, 7, 1], "pivot": [-7, 0, 0], "rotation": [0, 19, 0], "uv": [22, 32]},
						{"origin": [-18, 21, 21], "size": [1, 6, 1], "pivot": [-7, 0, 0], "rotation": [0, 19, 0], "uv": [26, 60]},
						{"origin": [-18, 21, 22], "size": [1, 6, 1], "pivot": [-7, 0, 0], "rotation": [0, 19, 0], "uv": [0, 0]},
						{"origin": [-18, 21, 23], "size": [1, 5, 1], "pivot": [-7, 0, 0], "rotation": [0, 19, 0], "uv": [30, 60]},
						{"origin": [-18, 21, 24], "size": [1, 4, 1], "pivot": [-7, 0, 0], "rotation": [0, 19, 0], "uv": [27, 72]},
						{"origin": [-18, 21, 25], "size": [1, 3.75, 1], "pivot": [-7, 0, 0], "rotation": [0, 19, 0], "uv": [23, 0]},
						{"origin": [-18, 21, 26], "size": [1, 3, 1], "pivot": [-7, 0, 0], "rotation": [0, 19, 0], "uv": [17, 0]},
						{"origin": [-18, 21, 27], "size": [1, 2, 1], "pivot": [-7, 0, 0], "rotation": [0, 19, 0], "uv": [26, 55]},
						{"origin": [-18, 21, 28], "size": [1, 1, 1], "pivot": [-7, 0, 0], "rotation": [0, 19, 0], "uv": [22, 5]},
						{"origin": [-18, 21, 29], "size": [1, 0, 1], "pivot": [-7, 0, 0], "rotation": [0, 19, 0], "uv": [2, 0]},
						{"origin": [-20, -2, 6], "size": [0, 6, 14], "pivot": [-7, 4, -8], "rotation": [25, 17.5, 0], "uv": [40, 45]},
						{"origin": [-20, -3, 7], "size": [0, 1, 9], "pivot": [-7, 4, -8], "rotation": [25, 17.5, 0], "uv": [40, 40]},
						{"origin": [-18, -1, 4], "size": [0, 2, 18], "pivot": [-7, 4, -8], "rotation": [17.5, 12.5, 0], "uv": [40, 39]},
						{"origin": [-20, -3, 7], "size": [0, 6, 13], "pivot": [-7, 4, -8], "rotation": [25, 17.5, 0], "uv": [0, 0]},
						{"origin": [0, 14, 54], "size": [1, 11, 6], "uv": [40, 32]},
						{"origin": [6, 18, 55], "size": [1, 15, 5], "pivot": [-1, 24, 4], "rotation": [0, 0, 90], "uv": [85, 0]}
					]
				},
				{
					"name": "Skeleton",
					"parent": "1all",
					"pivot": [-7, 4, -8],
					"cubes": [
						{"origin": [-15, 7, -17], "size": [1, 21, 3], "pivot": [-7, 4, -8], "rotation": [-17.5, 0, 0], "uv": [80, 57]},
						{"origin": [15, 7, -17], "size": [1, 21, 3], "pivot": [-7, 4, -8], "rotation": [-17.5, 0, 0], "uv": [10, 72]},
						{"origin": [-15, 11, 7], "size": [1, 19, 4], "uv": [0, 72]},
						{"origin": [14, 11, 7], "size": [2, 19, 4], "uv": [26, 32]}
					]
				},
				{
					"name": "Base",
					"parent": "1all",
					"pivot": [-7, 4, -8],
					"cubes": [
						{"origin": [-15, 4, -14], "size": [1, 1, 26], "uv": [85, 0]},
						{"origin": [-15, 4, -15], "size": [31, 1, 1], "uv": [27, 94]},
						{"origin": [-15, 5, -16], "size": [31, 6, 2], "uv": [0, 103]}
					]
				},
				{
					"name": "bone",
					"parent": "Base",
					"pivot": [-7, 4, -8]
				},
				{
					"name": "Pareces",
					"parent": "1all",
					"pivot": [-7, 4, -8],
					"cubes": [
						{"origin": [15, 4, -14], "size": [1, 1, 25], "uv": [90, 88]},
						{"origin": [-15, 5, -14], "size": [1, 6, 25], "uv": [80, 57]},
						{"origin": [15, 5, -14], "size": [1, 6, 25], "uv": [0, 72]}
					]
				},
				{
					"name": "Techo",
					"parent": "1all",
					"pivot": [-7, 4, -8],
					"cubes": [
						{"origin": [-14, 27, -10], "size": [30, 3, 3], "uv": [107, 57]},
						{"origin": [0, 21, -10], "size": [1, 9, 13], "uv": [0, 133]},
						{"origin": [-15, 28, -10], "size": [1, 2, 20], "uv": [42, 112]},
						{"origin": [15, 28, -10], "size": [1, 2, 20], "uv": [0, 111]},
						{"origin": [-14, 29, -8], "size": [29, 2, 19], "uv": [40, 32]},
						{"origin": [-14, 29, 11], "size": [27, 1, 2], "uv": [107, 63]},
						{"origin": [-14, 29, 13], "size": [27, 1, 1], "uv": [107, 75]},
						{"origin": [-13, 29, 14], "size": [25, 1, 2], "uv": [107, 77]},
						{"origin": [-13, 29, 16], "size": [25, 1, 1], "uv": [113, 0]},
						{"origin": [-12, 29, 17], "size": [24, 1, 1], "uv": [113, 2]},
						{"origin": [-12, 29, 18], "size": [23, 1, 1], "uv": [113, 6]},
						{"origin": [-12, 29, 19], "size": [23, 1, 1], "uv": [113, 4]},
						{"origin": [-11, 29, 20], "size": [22, 1, 1], "uv": [113, 8]},
						{"origin": [-11, 29, 21], "size": [21, 1, 1], "uv": [113, 12]},
						{"origin": [-1, 30, -1], "size": [2, 3, 2], "uv": [48, 32]}
					]
				},
				{
					"name": "Helice",
					"parent": "1all",
					"pivot": [1, 4, -8],
					"cubes": [
						{"origin": [-34, 33, -4], "size": [61, 1, 3], "pivot": [1, 4, -8], "rotation": [0, 35, 0], "uv": [0, 28]},
						{"origin": [-20, 33, -5], "size": [53, 1, 3], "pivot": [1, 4, -8], "rotation": [0, -57.5, 0], "uv": [40, 53]}
					]
				},
				{
					"name": "Patas",
					"parent": "1all",
					"pivot": [-7, 4, -8],
					"cubes": [
						{"origin": [17, 6, -11], "size": [1, 2, 18], "uv": [22, 111]},
						{"origin": [17, 6, -13], "size": [1, 2, 7], "pivot": [-7, 4, -8], "rotation": [60, 2.5, 0], "uv": [88, 66]},
						{"origin": [16, -11, -20], "size": [1, 2, 7], "pivot": [-7, 4, -8], "rotation": [122.5, 2.5, 0], "uv": [88, 57]},
						{"origin": [17, 0, -16], "size": [1, 2, 35], "uv": [43, 57]}
					]
				},
				{
					"name": "Patas2",
					"parent": "1all",
					"pivot": [-24, 4, -8],
					"cubes": [
						{"origin": [-16, 6, -11], "size": [1, 2, 18], "uv": [27, 72]},
						{"origin": [-16, 6, -13], "size": [1, 2, 7], "pivot": [-24, 4, -8], "rotation": [60, 2.5, 0], "uv": [27, 81]},
						{"origin": [-17, -11, -20], "size": [1, 2, 7], "pivot": [-24, 4, -8], "rotation": [122.5, 2.5, 0], "uv": [27, 72]},
						{"origin": [-16, 0, -15], "size": [1, 2, 38], "uv": [0, 32]}
					]
				},
				{
					"name": "controller",
					"parent": "1all",
					"pivot": [-7, 4, -8],
					"cubes": [
						{"origin": [-8, 9, -13], "size": [1, 1, 4], "pivot": [-7, 4, -8], "rotation": [17.5, 0, 0], "uv": [17, 0]},
						{"origin": [-10, 8.2, -11], "size": [5, 1, 1], "uv": [14, 42]},
						{"origin": [-5, 9, -11], "size": [1, 2, 1], "uv": [54, 45]},
						{"origin": [-11, 9, -11], "size": [1, 2, 1], "uv": [34, 32]}
					]
				}
			]
		}
	]
}