{
	"format_version": "1.12.0",
	"minecraft:geometry": [
		{
			"description": {
				"identifier": "geometry.helicoptero",
				"texture_width": 256,
				"texture_height": 256,
				"visible_bounds_width": 7,
				"visible_bounds_height": 3.5,
				"visible_bounds_offset": [0, 1.25, 0]
			},
			"bones": [
				{
					"name": "1all",
					"pivot": [0, 4, -8],
					"cubes": [
						{"origin": [-7, 4.5, -14], "size": [14, 0, 25], "uv": [0, 0]}
					]
				},
				{
					"name": "Cola",
					"parent": "1all",
					"pivot": [6, 24, 4],
					"cubes": [
						{"origin": [-7, 32, 5], "size": [15, 1, 14.8], "pivot": [6, 24, 4], "rotation": [-37.5, 0, 0], "uv": [82, 66]},
						{"origin": [-7, 3, 3.3], "size": [15, 1, 12.7], "pivot": [6, 24, 4], "rotation": [20, 0, 0], "uv": [87, 32]},
						{"origin": [-7, 8.7, 21.1], "size": [15, 13, 1], "uv": [44, 89]},
						{"origin": [-2, 12.6, 22], "size": [6, 6, 23], "uv": [0, 25]},
						{"origin": [-7, 10, 10], "size": [0, 11, 12], "uv": [0, 42]},
						{"origin": [8, 10, 10], "size": [0, 11, 12], "uv": [0, 0]},
						{"origin": [8, 26, 7], "size": [0, 7, 11], "pivot": [6, 24, 4], "rotation": [-37.5, 0, 0], "uv": [0, 19]},
						{"origin": [-7, 26, 7], "size": [0, 7, 11], "pivot": [6, 24, 4], "rotation": [-37.5, 0, 0], "uv": [0, 12]},
						{"origin": [-8, -4, 9], "size": [0, 7, 12], "pivot": [0, 4, -8], "rotation": [25, 2.5, 0], "uv": [0, 53]},
						{"origin": [7, -4, 9], "size": [0, 7, 12], "pivot": [0, 4, -8], "rotation": [25, 2.5, 0], "uv": [27, 48]},
						{"origin": [7, 21, 19], "size": [1, 1.25, 2], "uv": [0, 3]},
						{"origin": [-7, 21, 19], "size": [1, 1.25, 2], "uv": [0, 0]},
						{"origin": [0, 14, 41], "size": [1, 9, 7], "uv": [35, 27]},
						{"origin": [13, 12, 39], "size": [1, 14, 5], "pivot": [6, 24, 4], "rotation": [0, 0, 90], "uv": [60, 34]}
					]
				},
				{
					"name": "Skeleton",
					"parent": "1all",
					"pivot": [0, 4, -8],
					"cubes": [
						{"origin": [-8, 7, -17], "size": [1, 21, 3], "pivot": [0, 4, -8], "rotation": [-17.5, 0, 0], "uv": [101, 0]},
						{"origin": [7, 7, -17], "size": [1, 21, 3], "pivot": [0, 4, -8], "rotation": [-17.5, 0, 0], "uv": [87, 0]},
						{"origin": [-8, 11, 7], "size": [1, 19, 4], "uv": [66, 62]},
						{"origin": [6, 11, 7], "size": [2, 19, 4], "uv": [54, 62]}
					]
				},
				{
					"name": "Base",
					"parent": "1all",
					"pivot": [0, 4, -8],
					"cubes": [
						{"origin": [-8, 4, -14], "size": [1, 1, 25], "uv": [74, 2]},
						{"origin": [-8, 4, -15], "size": [16, 1, 1], "uv": [60, 32]},
						{"origin": [-8, 5, -16], "size": [16, 6, 2], "uv": [87, 48]}
					]
				},
				{
					"name": "bone",
					"parent": "Base",
					"pivot": [0, 4, -8]
				},
				{
					"name": "Pareces",
					"parent": "1all",
					"pivot": [0, 4, -8],
					"cubes": [
						{"origin": [7, 4, -14], "size": [1, 1, 25], "uv": [55, 63]},
						{"origin": [-8, 5, -14], "size": [1, 6, 25], "uv": [0, 54]},
						{"origin": [7, 5, -14], "size": [1, 6, 25], "uv": [33, 29]}
					]
				},
				{
					"name": "Techo",
					"parent": "1all",
					"pivot": [0, 4, -8],
					"cubes": [
						{"origin": [-7, 27, -10], "size": [14, 3, 3], "uv": [53, 0]},
						{"origin": [7, 28, -10], "size": [1, 2, 20], "uv": [87, 81]},
						{"origin": [-8, 28, -10], "size": [1, 2, 20], "uv": [0, 85]},
						{"origin": [-7, 29, -8], "size": [14, 2, 18], "uv": [35, 7]}
					]
				},
				{
					"name": "Helice",
					"parent": "1all",
					"pivot": [0, 4, -8],
					"cubes": [
						{"origin": [-1, 30, -1], "size": [2, 3, 2], "uv": [9, 37]},
						{"origin": [-20, 33, -4], "size": [32, 1, 3], "pivot": [0, 4, -8], "rotation": [0, 35, 0], "uv": [125, 1]},
						{"origin": [-10, 33, -5], "size": [33, 1, 3], "pivot": [0, 4, -8], "rotation": [0, -57.5, 0], "uv": [60, 28]}
					]
				},
				{
					"name": "Patas",
					"parent": "1all",
					"pivot": [0, 4, -8],
					"cubes": [
						{"origin": [8, 6, -11], "size": [1, 2, 18], "uv": [62, 89]},
						{"origin": [8, 6, -13], "size": [1, 2, 7], "pivot": [0, 4, -8], "rotation": [60, 2.5, 0], "uv": [27, 67]},
						{"origin": [7, -11, -20], "size": [1, 2, 7], "pivot": [0, 4, -8], "rotation": [122.5, 2.5, 0], "uv": [0, 37]},
						{"origin": [8, 0, -15], "size": [1, 2, 26], "uv": [26, 60]}
					]
				},
				{
					"name": "Patas2",
					"parent": "1all",
					"pivot": [-17, 4, -8],
					"cubes": [
						{"origin": [-9, 6, -11], "size": [1, 2, 18], "uv": [24, 89]},
						{"origin": [-9, 6, -13], "size": [1, 2, 7], "pivot": [-17, 4, -8], "rotation": [60, 2.5, 0], "uv": [9, 2]},
						{"origin": [-10, -11, -20], "size": [1, 2, 7], "pivot": [-17, 4, -8], "rotation": [122.5, 2.5, 0], "uv": [0, 0]},
						{"origin": [-9, 0, -15], "size": [1, 2, 26], "uv": [59, 34]}
					]
				},
				{
					"name": "controller",
					"parent": "1all",
					"pivot": [0, 4, -8],
					"cubes": [
						{"origin": [-1, 9, -13], "size": [1, 1, 4], "pivot": [0, 4, -8], "rotation": [17.5, 0, 0], "uv": [139, 12]},
						{"origin": [-3, 8.2, -11], "size": [5, 1, 1], "uv": [150, 0]},
						{"origin": [2, 9, -11], "size": [1, 2, 1], "uv": [129, 5]},
						{"origin": [-4, 9, -11], "size": [1, 2, 1], "uv": [195, 0]}
					]
				}
			]
		}
	]
}