{"format_version":"1.12.0","minecraft:geometry":[{"description":{"identifier":"geometry.gasmask","texture_width":32,"texture_height":32,"visible_bounds_width":4,"visible_bounds_height":3.5,"visible_bounds_offset":[0,1.25,0]},"bones":[{"name":"root","pivot":[0,0,0]},{"name":"waist","parent":"root","pivot":[0,12,0]},{"name":"body","parent":"waist","pivot":[0,24,0]},{"name":"head","parent":"body","pivot":[0,24,0]},{"name":"mask","parent":"head","pivot":[0,24,0],"cubes":[{"origin":[-4,24,-4],"size":[8,8,8],"inflate":0.1,"uv":[0,0]},{"origin":[-1,23,-5],"size":[2,3,1],"uv":[16,16]}]},{"name":"maskRight","parent":"mask","pivot":[-0.5,24,-4],"rotation":[10,40,0],"cubes":[{"origin":[-1,24,-6],"size":[1,1,3],"uv":[8,16]},{"origin":[-2,23,-7],"size":[3,3,1],"uv":[0,16]}]},{"name":"maskLeft","parent":"mask","pivot":[0.5,24,-4],"rotation":[10,-40,0],"cubes":[{"origin":[0,24,-6],"size":[1,1,3],"uv":[0,4]},{"origin":[-1,23,-7],"size":[3,3,1],"uv":[0,0]}]}]}]}