{"format_version":"1.12.0","minecraft:geometry":[{"description":{"identifier":"geometry.helmet_military","texture_width":64,"texture_height":64,"visible_bounds_width":2,"visible_bounds_height":3,"visible_bounds_offset":[0,1.5,0]},"bones":[{"name":"head","pivot":[0,24,0],"cubes":[{"origin":[-4,32,-4],"size":[8,1,8],"uv":[0,0]},{"origin":[4,26,-2],"size":[1,6,6],"uv":[14,9]},{"origin":[4,28,-5],"size":[1,4,3],"uv":[24,0]},{"origin":[4,23,-1],"size":[1,3,1],"uv":[8,9]},{"origin":[-5,23,-1],"size":[1,3,1],"uv":[0,9]},{"origin":[-5,28,-5],"size":[1,4,3],"uv":[0,0]},{"origin":[-4,30,-5],"size":[8,2,1],"uv":[18,21]},{"origin":[-4,26,4],"size":[8,6,1],"uv":[0,21]},{"origin":[-5,26,-2],"size":[1,6,6],"uv":[0,9]}]}]}]}