{"format_version":"1.12.0","minecraft:geometry":[{"description":{"identifier":"geometry.juggernaut","texture_width":128,"texture_height":128,"visible_bounds_width":5,"visible_bounds_height":5,"visible_bounds_offset":[0,1.5,0]},"bones":[{"name":"head","pivot":[0,24,0],"cubes":[{"origin":[-4,24,-4],"size":[8,8,8],"inflate":0.2,"uv":[0,0]},{"origin":[-4,26,-4],"size":[8,4,4],"inflate":0.4,"uv":[28,21]},{"origin":[-4,27,-4],"size":[8,2,1],"inflate":0.6,"uv":[52,26]},{"origin":[4,27,-2],"size":[1,2,3],"uv":[36,75]},{"origin":[-5,27,-2],"size":[1,2,3],"uv":[0,0]},{"origin":[-4,23.9,-4],"size":[8,8,1],"inflate":0.18,"pivot":[0,32,-3],"rotation":[-2,0,0],"uv":[46,46]},{"origin":[-3,23.5,-3],"size":[6,1,6],"uv":[38,39]},{"origin":[-4,23.9,3],"size":[8,8,1],"inflate":0.18,"pivot":[0,32,4],"rotation":[5,0,0],"uv":[53,0]},{"origin":[-1.5,31.5,-2],"size":[3,1,1],"uv":[24,5]},{"origin":[-1.5,31.5,1],"size":[3,1,1],"uv":[0,5]},{"origin":[-1.5,32,-1],"size":[3,1,2],"uv":[16,37]}]},{"name":"body","pivot":[0,24,0],"cubes":[{"origin":[-5,23,4],"size":[10,5,1],"pivot":[0,23,4],"rotation":[-10,0,0],"uv":[44,29]},{"origin":[-5,23,-4.5],"size":[10,4,1],"pivot":[0,23,-4],"rotation":[7.5,0,0],"uv":[52,21]},{"origin":[-4.31768,19.25902,2.70642],"size":[4,3,2],"pivot":[-3.31768,23.25902,2.70642],"rotation":[-14,-24,-2],"uv":[70,59]},{"origin":[-4,12,-3],"size":[8,12,6],"uv":[0,16]},{"origin":[2,21,-4.5],"size":[2,2,2],"pivot":[3,22,-4],"rotation":[26,-14,-6],"uv":[38,60]},{"origin":[0,21,-5],"size":[2,2,2],"pivot":[3,22,-4],"rotation":[58,18,9],"uv":[22,57]},{"origin":[-4,23,3],"size":[8,1,1],"uv":[61,66]},{"origin":[-4,23,-4],"size":[8,1,1],"uv":[66,57]},{"origin":[-5,23,-4],"size":[1,5,8],"pivot":[-4,24.5,0],"rotation":[0,0,-10],"uv":[43,8]},{"origin":[4,23,-4],"size":[1,5,9],"pivot":[4,24.5,0],"rotation":[0,0,10],"uv":[23,7]},{"origin":[3.5,19,-2],"size":[1,1,4],"uv":[26,75]},{"origin":[-4.5,19,-2],"size":[1,1,4],"uv":[16,75]},{"origin":[3.5,13,-2],"size":[1,5,4],"uv":[71,0]},{"origin":[-4.5,13,-2],"size":[1,5,4],"uv":[0,70]},{"origin":[3.5,12,-2],"size":[2,5,4],"pivot":[4.5,14.5,0],"rotation":[4,14,12],"uv":[66,26]},{"origin":[4,17,-1],"size":[1,1,2],"pivot":[4.5,14.5,0],"rotation":[4,14,12],"uv":[44,67]},{"origin":[-5.6,9.9,-2],"size":[2,4,4],"pivot":[-5,11,0],"rotation":[0,17.5,12.5],"uv":[24,67]},{"origin":[-5.67765,10.96124,-0.87972],"size":[1,2,2],"pivot":[-5.17765,11.96124,0.12028],"rotation":[0,17.5,12.5],"uv":[0,16]},{"origin":[-4,9,2],"size":[8,3,2],"uv":[53,9]},{"origin":[-3,8,2],"size":[6,1,2],"uv":[12,34]},{"origin":[-4,9,-3],"size":[8,3,1],"uv":[63,43]},{"origin":[-2,7,-3],"size":[4,2,1],"uv":[44,35]},{"origin":[-4,11.3,-4.1],"size":[8,3,2],"inflate":0.001,"pivot":[0,13.5,-4],"rotation":[17.5,0,0],"uv":[46,55]},{"origin":[-3,12,-3.5],"size":[6,9,1],"uv":[0,50]},{"origin":[-3,10,2.5],"size":[6,13,1],"uv":[32,46]},{"origin":[1.6,10,2.5],"size":[1.4,8,1],"inflate":0.3,"uv":[61,76]},{"origin":[-3,10,2.5],"size":[3.3,8,1],"inflate":0.3,"uv":[73,9]},{"origin":[-3,17,3],"size":[3.3,1,1],"inflate":0.2,"uv":[54,62]},{"origin":[-3,15,3],"size":[3.3,1,1],"inflate":0.2,"uv":[54,60]},{"origin":[-3,13,3],"size":[3.3,1,1],"inflate":0.2,"uv":[53,14]},{"origin":[2,14,-3.5],"size":[2,3,1],"inflate":0.3,"pivot":[3,15.5,-3],"rotation":[0,-20,0],"uv":[32,67]},{"origin":[-1,14,-3.5],"size":[2,3,1],"inflate":0.3,"pivot":[0,15.5,-3],"rotation":[12,0,0],"uv":[54,35]},{"origin":[-4,14,-3.5],"size":[2,3,1],"inflate":0.3,"pivot":[-3,15.5,-3],"rotation":[0,20,0],"uv":[46,0]},{"origin":[-4,18,-3.5],"size":[1,3,1],"inflate":0.3,"pivot":[-3.5,19.5,-3],"rotation":[0,20,0],"uv":[34,0]},{"origin":[-2,18,-3.5],"size":[1,3,1],"inflate":0.3,"pivot":[-1.5,19.5,-3],"rotation":[5,0,0],"uv":[0,34]},{"origin":[1,18,-3.5],"size":[1,3,1],"inflate":0.3,"pivot":[1.5,19.5,-3],"rotation":[5,0,0],"uv":[28,29]},{"origin":[3,18,-3.5],"size":[1,3,1],"inflate":0.3,"pivot":[3.5,19.5,-3],"rotation":[0,-20,0],"uv":[28,21]}]},{"name":"antenna","parent":"body","pivot":[-3.5,22,3.5],"rotation":[-12,0,-12],"cubes":[{"origin":[-3.79209,20.95677,2.79663],"size":[1,15,1],"inflate":-0.2,"uv":[57,66]}]},{"name":"leftArm","pivot":[5,22,0],"cubes":[{"origin":[4,12,-2],"size":[4,12,4],"inflate":0.1,"uv":[0,34]},{"origin":[4,15.5,-2],"size":[2,1,4],"inflate":0.3,"uv":[72,35]},{"origin":[4,17.5,-2],"size":[2,1,4],"inflate":0.3,"uv":[69,72]},{"origin":[6,15,-2],"size":[2,4,4],"inflate":0.4,"uv":[36,67]},{"origin":[4,20,-2],"size":[4,4,4],"inflate":0.4,"uv":[56,35]}]},{"name":"rightArm","pivot":[-5,22,0]},{"name":"rightArmExtra","parent":"rightArm","pivot":[-5,22,0],"cubes":[{"origin":[-8,20,-2],"size":[4,4,4],"inflate":0.4,"uv":[10,57]},{"origin":[-8,15,-2],"size":[2,4,4],"inflate":0.4,"uv":[61,68]},{"origin":[-6,17.5,-2],"size":[2,1,4],"inflate":0.3,"uv":[74,23]},{"origin":[-6,15.5,-2],"size":[2,1,4],"inflate":0.3,"uv":[74,18]},{"origin":[-8,12,-2],"size":[4,12,4],"inflate":0.1,"uv":[34,0]}]},{"name":"leftLeg","pivot":[1.9,12,0],"cubes":[{"origin":[0,7.5,-2],"size":[4,1,4],"inflate":0.2,"uv":[64,47]},{"origin":[3.6,7,-2],"size":[1,4,4],"inflate":0.21,"uv":[10,71]},{"origin":[0,9.5,-2],"size":[4,1,4],"inflate":0.2,"uv":[64,52]},{"origin":[0,0,-2],"size":[4,12,4],"inflate":0.1,"uv":[28,29]}]},{"name":"leftFoot","parent":"leftLeg","pivot":[0,0,0],"cubes":[{"origin":[0,2.5,-2.5],"size":[4,4,1],"inflate":0.25,"uv":[24,0]},{"origin":[0,3.5,-2],"size":[4,2,4],"inflate":0.25,"uv":[58,60]},{"origin":[0,0,-2],"size":[4,3,4],"inflate":0.3,"uv":[26,60]}]},{"name":"rightLeg","pivot":[-0.9,12,0],"cubes":[{"origin":[-4,0,-2],"size":[4,12,4],"inflate":0.1,"uv":[16,41]},{"origin":[-4,9.5,-2],"size":[4,1,4],"inflate":0.2,"uv":[12,66]},{"origin":[-4.4,7,-2],"size":[1,4,4],"inflate":0.21,"uv":[44,71]},{"origin":[-4,7.5,-2],"size":[4,1,4],"inflate":0.2,"uv":[0,65]}]},{"name":"rightFoot","parent":"rightLeg","pivot":[0,0,0],"cubes":[{"origin":[-4,0,-2],"size":[4,3,4],"inflate":0.3,"uv":[42,60]},{"origin":[-4,3.5,-2],"size":[4,2,4],"inflate":0.25,"uv":[61,14]},{"origin":[-4,2.5,-2.5],"size":[4,4,1],"inflate":0.25,"uv":[0,60]}]}]}]}