{"format_version":"1.12.0","minecraft:geometry":[{"description":{"identifier":"geometry.nv_goggles","texture_width":64,"texture_height":64,"visible_bounds_width":2,"visible_bounds_height":3,"visible_bounds_offset":[0,1.5,0]},"bones":[{"name":"head","pivot":[0,24,0],"cubes":[{"origin":[-5,28,-4],"size":[1,2,8],"uv":[10,11]},{"origin":[4,28,-4],"size":[1,2,8],"uv":[0,9]},{"origin":[-4,28,-5],"size":[8,2,1],"uv":[12,3]},{"origin":[-1,28,-7],"size":[2,1,2],"uv":[0,9]},{"origin":[-0.5,29,-6.5],"size":[1,1,1],"uv":[4,12]},{"origin":[-1,30,-5],"size":[2,2,1],"uv":[22,21]},{"origin":[-1,30,4],"size":[2,2,1],"uv":[16,21]},{"origin":[-1,32,-4],"size":[2,1,8],"uv":[0,0]},{"origin":[1,32,-2],"size":[3,1,2],"uv":[20,14]},{"origin":[-4,32,-2],"size":[3,1,2],"uv":[20,11]},{"origin":[-5,30,-2],"size":[1,2,2],"uv":[0,12]},{"origin":[4,30,-2],"size":[1,2,2],"uv":[10,9]},{"origin":[-4,28,4],"size":[8,2,1],"uv":[12,0]},{"origin":[-3,26,-7],"size":[6,2,1],"inflate":0.2,"uv":[19,8]},{"origin":[-1,26,-10],"size":[2,2,3],"uv":[0,19]},{"origin":[1,26,-6],"size":[2,2,2],"uv":[0,4]},{"origin":[-3,26,-6],"size":[2,2,2],"uv":[0,0]},{"origin":[-2.5,26.5,-8.5],"size":[1,1,2],"inflate":0.2,"uv":[10,21]},{"origin":[1.5,26.5,-8.5],"size":[1,1,2],"inflate":0.2,"uv":[10,13]}]}]}]}