{
	"file_path": "C:\\Users\\frein\\AppData\\Local\\Packages\\Microsoft.MinecraftUWP_8wekyb3d8bbwe\\LocalState\\games\\com.mojang\\development_behavior_packs\\pack.name\\items\\spawn_helicopter_army.json",
	"file_type": "item",
	"format_version": 1,
	"file_uuid": "d2168fa6_415f_4b98_9ee8_cc49e5babb6a",
	"file_version": 16,
	"cache_content": {
		"children": [
			{
				"data": "1.16.100",
				"key": "format_version"
			},
			{
				"open": {
					"format_version": "1.16.100",
					"minecraft:item": {
						"description": {
							"identifier": "hlcop:spawn_army_helicopter"
						},
						"components": {
							"minecraft:max_stack_size": 64,
							"minecraft:creative_category": {
								"parent": "itemGroup.name.mobEgg"
							},
							"minecraft:on_use": {
								"on_use": {
									"event": "click",
									"target": "self"
								}
							},
							"minecraft:icon": {
								"texture": "spawn_army_helicopter"
							},
							"minecraft:use_animation": "eat",
							"minecraft:can_destroy_in_creative": false,
							"minecraft:hand_equipped": false
						},
						"events": {
							"click": {
								"run_command": {
									"command": [
										"clear @p[r=1] hlcop:spawn_army_helicopter 0 1",
										"summon mob:army_helicopter"
									],
									"target": "self"
								}
							}
						}
					}
				},
				"key": "minecraft:item",
				"children": [
					{
						"key": "description",
						"is_minified": true,
						"children": {
							"identifier": "hlcop:spawn_army_helicopter"
						}
					},
					{
						"open": {
							"description": {
								"identifier": "hlcop:spawn_army_helicopter"
							},
							"components": {
								"minecraft:max_stack_size": 64,
								"minecraft:creative_category": {
									"parent": "itemGroup.name.mobEgg"
								},
								"minecraft:on_use": {
									"on_use": {
										"event": "click",
										"target": "self"
									}
								},
								"minecraft:icon": {
									"texture": "spawn_army_helicopter"
								},
								"minecraft:use_animation": "eat",
								"minecraft:can_destroy_in_creative": false,
								"minecraft:hand_equipped": false
							},
							"events": {
								"click": {
									"run_command": {
										"command": [
											"clear @p[r=1] hlcop:spawn_army_helicopter 0 1",
											"summon mob:army_helicopter"
										],
										"target": "self"
									}
								}
							}
						},
						"key": "components",
						"is_minified": true,
						"children": {
							"minecraft:max_stack_size": 64,
							"minecraft:creative_category": {
								"parent": "itemGroup.name.mobEgg"
							},
							"minecraft:on_use": {
								"on_use": {
									"event": "click",
									"target": "self"
								}
							},
							"minecraft:icon": {
								"texture": "spawn_army_helicopter"
							},
							"minecraft:use_animation": "eat",
							"minecraft:can_destroy_in_creative": false,
							"minecraft:hand_equipped": false
						}
					},
					{
						"open": {
							"description": {
								"identifier": "hlcop:spawn_army_helicopter"
							},
							"components": {
								"minecraft:max_stack_size": 64,
								"minecraft:creative_category": {
									"parent": "itemGroup.name.mobEgg"
								},
								"minecraft:on_use": {
									"on_use": {
										"event": "click",
										"target": "self"
									}
								},
								"minecraft:icon": {
									"texture": "spawn_army_helicopter"
								},
								"minecraft:use_animation": "eat",
								"minecraft:can_destroy_in_creative": false,
								"minecraft:hand_equipped": false
							},
							"events": {
								"click": {
									"run_command": {
										"command": [
											"clear @p[r=1] hlcop:spawn_army_helicopter 0 1",
											"summon mob:army_helicopter"
										],
										"target": "self"
									}
								}
							}
						},
						"key": "events",
						"is_minified": true,
						"children": {
							"click": {
								"run_command": {
									"command": [
										"clear @p[r=1] hlcop:spawn_army_helicopter 0 1",
										"summon mob:army_helicopter"
									],
									"target": "self"
								}
							}
						}
					}
				]
			}
		]
	}
}