{
  "resource_pack_name": "M25403A1",
  "texture_name": "atlas.items",
  "texture_data": {
    "repairkit": {
      "textures": "textures/items/repair"
    },
    "bmx_egg": {
      "textures": "textures/items/bmx"      
    },
    "cruiser_egg": {
      "textures": "textures/items/cruiser"      
    },
    "mountain_egg": {
      "textures": "textures/items/mountain"     
    },
    "wheel": {
      "textures": "textures/items/bike/wheel"           
    },
    "pedal": {
      "textures": "textures/items/bike/pedal"               
    },
    "seat": {
      "textures": "textures/items/bike/seat"     
    },
    "frame_bmx": {
      "textures": "textures/items/bike/frame_bmx"     
    },
    "frame_cruiser": {
      "textures": "textures/items/bike/frame_cruiser"      
    },
    "frame_mountain": {
      "textures": "textures/items/bike/frame_mountain"
      }
   }
}