{"resource_pack_name":"Aplok Guns","texture_name":"atlas.items","texture_data":{"acog_sight":{"textures":"textures/items/attachment/acog_sight"},"eotech_sight":{"textures":"textures/items/attachment/eotech_sight"},"foregrip":{"textures":"textures/items/attachment/foregrip"},"laser":{"textures":"textures/items/attachment/laser"},"scope_hp":{"textures":"textures/items/attachment/scope_hp"},"scope_lp":{"textures":"textures/items/attachment/scope_lp"},"silencer":{"textures":"textures/items/attachment/silencer"},"gun_backpack":{"textures":"textures/items/backpack/gun_backpack"},"bullet_9x19pr":{"textures":"textures/items/bullet/bullet_9x19pr"},"bullet_12gauge":{"textures":"textures/items/bullet/bullet_12gauge"},"bullet_50ae":{"textures":"textures/items/bullet/bullet_50ae"},"bullet_556x45":{"textures":"textures/items/bullet/bullet_556x45"},"bullet_762x39":{"textures":"textures/items/bullet/bullet_762x39"},"bullet_762x51":{"textures":"textures/items/bullet/bullet_762x51"},"cooked_flesh":{"textures":"textures/items/food/cooked_flesh"},"ak47":{"textures":"textures/items/guns/ak47"},"awp":{"textures":"textures/items/guns/awp"},"desert_eagle":{"textures":"textures/items/guns/desert_eagle"},"fnfal":{"textures":"textures/items/guns/fnfal"},"glock17":{"textures":"textures/items/guns/glock17"},"glock18":{"textures":"textures/items/guns/glock18"},"m4":{"textures":"textures/items/guns/m4"},"m4a1":{"textures":"textures/items/guns/m4a1"},"mossberg":{"textures":"textures/items/guns/mossberg"},"mp5a5":{"textures":"textures/items/guns/mp5a5"},"ak47_mag":{"textures":"textures/items/mag/ak47_mag"},"awp_mag":{"textures":"textures/items/mag/awp_mag"},"desert_eagle_mag":{"textures":"textures/items/mag/desert_eagle_mag"},"fnfal_mag":{"textures":"textures/items/mag/fnfal_mag"},"glock17_mag":{"textures":"textures/items/mag/glock17_mag"},"glock18_mag":{"textures":"textures/items/mag/glock18_mag"},"m4a1_mag":{"textures":"textures/items/mag/m4a1_mag"},"mp5a5_mag":{"textures":"textures/items/mag/mp5a5_mag"},"blueprint_bundle":{"textures":"textures/items/material/blueprint_bundle"},"bullet_gunpowder":{"textures":"textures/items/material/bullet_gunpowder"},"copper_nugget":{"textures":"textures/items/material/copper_nugget"},"gunmetal_ingot":{"textures":"textures/items/material/gunmetal_ingot"},"gunmetal_nugget":{"textures":"textures/items/material/gunmetal_nugget"},"gunmetal_scrap":{"textures":"textures/items/material/gunmetal_scrap"},"bandage":{"textures":"textures/items/medical/bandage"},"bandage_military":{"textures":"textures/items/medical/bandage_military"},"config":{"textures":"textures/items/other/config"},"heavy_barrel":{"textures":"textures/items/part/heavy_barrel"},"heavy_body":{"textures":"textures/items/part/heavy_body"},"mask_filter":{"textures":"textures/items/part/mask_filter"},"medium_barrel":{"textures":"textures/items/part/medium_barrel"},"medium_body":{"textures":"textures/items/part/medium_body"},"medium_handle":{"textures":"textures/items/part/medium_handle"},"medium_stock":{"textures":"textures/items/part/medium_stock"},"small_barrel":{"textures":"textures/items/part/small_barrel"},"small_body":{"textures":"textures/items/part/small_body"},"small_handle":{"textures":"textures/items/part/small_handle"},"small_stock":{"textures":"textures/items/part/small_stock"},"m67_grenade":{"textures":"textures/items/throwable/m67_grenade"},"gasmask":{"textures":"textures/items/wearable/gasmask"},"helmet_military":{"textures":"textures/items/wearable/helmet_military"},"juggernaut_boots":{"textures":"textures/items/wearable/juggernaut_boots"},"juggernaut_chestplate":{"textures":"textures/items/wearable/juggernaut_chestplate"},"juggernaut_helmet":{"textures":"textures/items/wearable/juggernaut_helmet"},"juggernaut_leggings":{"textures":"textures/items/wearable/juggernaut_leggings"},"nv_goggles":{"textures":"textures/items/wearable/nv_goggles"},"vest_6b3":{"textures":"textures/items/wearable/vest_6b3"}}}