{"resource_pack_name":"Aplok Guns","texture_name":"atlas.terrain","padding":8,"num_mip_levels":4,"texture_data":{"hazard_block":{"textures":"textures/blocks/deco/hazard_block"},"hedgehog":{"textures":"textures/blocks/deco/hedgehog"},"landmine":{"textures":"textures/blocks/deco/landmine"},"metal_rack":{"textures":"textures/blocks/deco/metal_rack"},"sandbag":{"textures":"textures/blocks/deco/sandbag"},"wooden_crate":{"textures":"textures/blocks/deco/wooden_crate"},"wooden_barricade":{"textures":"textures/blocks/deco/wooden_barricade"},"ammo_crate":{"textures":"textures/blocks/loot/ammo_crate"},"explosive_crate":{"textures":"textures/blocks/loot/explosive_crate"},"workbench":{"textures":"textures/blocks/tools/workbench"},"none":{"textures":"textures/misc/none"}}}