{
	"file_path": "/home/yulian/.local/share/mcpelauncher/games/com.mojang/development_behavior_packs/Helicopter War/items/bomb_blue.json",
	"file_type": "item",
	"format_version": 1,
	"file_uuid": "f3987f6e_948d_481a_ae21_04e5d24db6eb",
	"file_version": 6,
	"cache_content": {
		"children": [
			{
				"open": {
					"format_version": "1.16.100",
					"minecraft:item": {
						"description": {
							"identifier": "hlcop:bomb_blue",
							"category": "equipment"
						},
						"components": {
							"minecraft:can_destroy_in_creative": false,
							"minecraft:max_stack_size": 1,
							"minecraft:use_animation": "eat",
							"minecraft:on_use": {
								"on_use": {
									"event": "click",
									"target": "self"
								}
							},
							"minecraft:icon": {
								"texture": "bomb_blue"
							},
							"minecraft:foil": true,
							"minecraft:use_duration": 5,
							"minecraft:durability": {
								"max_durability": 10
							},
							"minecraft:creative_category": {
								"parent": "itemGroup.name.nature"
							},
							"minecraft:cooldown": {
								"duration": 20,
								"category": "chorusfruit"
							}
						},
						"events": {
							"click": {
								"run_command": {
									"command": [
										"execute @e[type=mob:helicopter_blue,r=1] ~ ~ ~ summon tnt ~1 ~ ~"
									],
									"target": "self"
								},
								"damage": {
									"type": "durability",
									"amount": 1
								}
							}
						}
					}
				},
				"data": "1.16.100",
				"key": "format_version"
			},
			{
				"open": {
					"format_version": "1.16.100",
					"minecraft:item": {
						"description": {
							"identifier": "hlcop:bomb_blue",
							"category": "equipment"
						},
						"components": {
							"minecraft:can_destroy_in_creative": false,
							"minecraft:max_stack_size": 1,
							"minecraft:use_animation": "eat",
							"minecraft:on_use": {
								"on_use": {
									"event": "click",
									"target": "self"
								}
							},
							"minecraft:icon": {
								"texture": "bomb_blue"
							},
							"minecraft:foil": true,
							"minecraft:use_duration": 5,
							"minecraft:durability": {
								"max_durability": 10
							},
							"minecraft:creative_category": {
								"parent": "itemGroup.name.nature"
							},
							"minecraft:cooldown": {
								"duration": 20,
								"category": "chorusfruit"
							}
						},
						"events": {
							"click": {
								"run_command": {
									"command": [
										"execute @e[type=mob:helicopter_blue,r=1] ~ ~ ~ summon tnt ~1 ~ ~"
									],
									"target": "self"
								},
								"damage": {
									"type": "durability",
									"amount": 1
								}
							}
						}
					}
				},
				"key": "minecraft:item",
				"children": [
					{
						"open": {
							"description": {
								"identifier": "hlcop:bomb_blue",
								"category": "equipment"
							},
							"components": {
								"minecraft:can_destroy_in_creative": false,
								"minecraft:max_stack_size": 1,
								"minecraft:use_animation": "eat",
								"minecraft:on_use": {
									"on_use": {
										"event": "click",
										"target": "self"
									}
								},
								"minecraft:icon": {
									"texture": "bomb_blue"
								},
								"minecraft:foil": true,
								"minecraft:use_duration": 5,
								"minecraft:durability": {
									"max_durability": 10
								},
								"minecraft:creative_category": {
									"parent": "itemGroup.name.nature"
								},
								"minecraft:cooldown": {
									"duration": 20,
									"category": "chorusfruit"
								}
							},
							"events": {
								"click": {
									"run_command": {
										"command": [
											"execute @e[type=mob:helicopter_blue,r=1] ~ ~ ~ summon tnt ~1 ~ ~"
										],
										"target": "self"
									},
									"damage": {
										"type": "durability",
										"amount": 1
									}
								}
							}
						},
						"key": "description",
						"is_minified": true,
						"children": {
							"identifier": "hlcop:bomb_blue",
							"category": "equipment"
						}
					},
					{
						"open": {
							"description": {
								"identifier": "hlcop:bomb_blue",
								"category": "equipment"
							},
							"components": {
								"minecraft:can_destroy_in_creative": false,
								"minecraft:max_stack_size": 1,
								"minecraft:use_animation": "eat",
								"minecraft:on_use": {
									"on_use": {
										"event": "click",
										"target": "self"
									}
								},
								"minecraft:icon": {
									"texture": "bomb_blue"
								},
								"minecraft:foil": true,
								"minecraft:use_duration": 5,
								"minecraft:durability": {
									"max_durability": 10
								},
								"minecraft:creative_category": {
									"parent": "itemGroup.name.nature"
								},
								"minecraft:cooldown": {
									"duration": 20,
									"category": "chorusfruit"
								}
							},
							"events": {
								"click": {
									"run_command": {
										"command": [
											"execute @e[type=mob:helicopter_blue,r=1] ~ ~ ~ summon tnt ~1 ~ ~"
										],
										"target": "self"
									},
									"damage": {
										"type": "durability",
										"amount": 1
									}
								}
							}
						},
						"key": "components",
						"children": [
							{
								"data": "false",
								"key": "minecraft:can_destroy_in_creative"
							},
							{
								"data": "1",
								"key": "minecraft:max_stack_size"
							},
							{
								"data": "eat",
								"key": "minecraft:use_animation"
							},
							{
								"key": "minecraft:on_use",
								"is_minified": true,
								"children": {
									"on_use": {
										"event": "click",
										"target": "self"
									}
								}
							},
							{
								"open": {
									"minecraft:can_destroy_in_creative": false,
									"minecraft:max_stack_size": 1,
									"minecraft:use_animation": "eat",
									"minecraft:on_use": {
										"on_use": {
											"event": "click",
											"target": "self"
										}
									},
									"minecraft:icon": {
										"texture": "bomb_blue"
									},
									"minecraft:foil": true,
									"minecraft:use_duration": 5,
									"minecraft:durability": {
										"max_durability": 10
									},
									"minecraft:creative_category": {
										"parent": "itemGroup.name.nature"
									},
									"minecraft:cooldown": {
										"duration": 20,
										"category": "chorusfruit"
									}
								},
								"key": "minecraft:icon",
								"is_minified": true,
								"children": {
									"texture": "bomb_blue"
								}
							},
							{
								"data": "true",
								"key": "minecraft:foil"
							},
							{
								"data": "5",
								"key": "minecraft:use_duration"
							},
							{
								"open": {
									"minecraft:can_destroy_in_creative": false,
									"minecraft:max_stack_size": 1,
									"minecraft:use_animation": "eat",
									"minecraft:on_use": {
										"on_use": {
											"event": "click",
											"target": "self"
										}
									},
									"minecraft:icon": {
										"texture": "bomb_blue"
									},
									"minecraft:foil": true,
									"minecraft:use_duration": 5,
									"minecraft:durability": {
										"max_durability": 10
									},
									"minecraft:creative_category": {
										"parent": "itemGroup.name.nature"
									},
									"minecraft:cooldown": {
										"duration": 20,
										"category": "chorusfruit"
									}
								},
								"key": "minecraft:durability",
								"is_minified": true,
								"children": {
									"max_durability": 10
								}
							},
							{
								"key": "minecraft:creative_category",
								"is_minified": true,
								"children": {
									"parent": "itemGroup.name.nature"
								}
							},
							{
								"open": {
									"minecraft:can_destroy_in_creative": false,
									"minecraft:max_stack_size": 1,
									"minecraft:use_animation": "eat",
									"minecraft:on_use": {
										"on_use": {
											"event": "click",
											"target": "self"
										}
									},
									"minecraft:icon": {
										"texture": "bomb_blue"
									},
									"minecraft:foil": true,
									"minecraft:use_duration": 5,
									"minecraft:durability": {
										"max_durability": 10
									},
									"minecraft:creative_category": {
										"parent": "itemGroup.name.nature"
									},
									"minecraft:cooldown": {
										"duration": 20,
										"category": "chorusfruit"
									}
								},
								"key": "minecraft:cooldown",
								"is_minified": true,
								"children": {
									"duration": 20,
									"category": "chorusfruit"
								}
							}
						]
					},
					{
						"open": {
							"description": {
								"identifier": "hlcop:bomb_blue",
								"category": "equipment"
							},
							"components": {
								"minecraft:can_destroy_in_creative": false,
								"minecraft:max_stack_size": 1,
								"minecraft:use_animation": "eat",
								"minecraft:on_use": {
									"on_use": {
										"event": "click",
										"target": "self"
									}
								},
								"minecraft:icon": {
									"texture": "bomb_blue"
								},
								"minecraft:foil": true,
								"minecraft:use_duration": 5,
								"minecraft:durability": {
									"max_durability": 10
								},
								"minecraft:creative_category": {
									"parent": "itemGroup.name.nature"
								},
								"minecraft:cooldown": {
									"duration": 20,
									"category": "chorusfruit"
								}
							},
							"events": {
								"click": {
									"run_command": {
										"command": [
											"execute @e[type=mob:helicopter_blue,r=1] ~ ~ ~ summon tnt ~1 ~ ~"
										],
										"target": "self"
									},
									"damage": {
										"type": "durability",
										"amount": 1
									}
								}
							}
						},
						"key": "events",
						"children": [
							{
								"open": {
									"click": {
										"run_command": {
											"command": [
												"execute @e[type=mob:helicopter_blue,r=1] ~ ~ ~ summon tnt ~1 ~ ~"
											],
											"target": "self"
										},
										"damage": {
											"type": "durability",
											"amount": 1
										}
									}
								},
								"key": "click",
								"children": [
									{
										"open": {
											"run_command": {
												"command": [
													"execute @e[type=mob:helicopter_blue,r=1] ~ ~ ~ summon tnt ~1 ~ ~"
												],
												"target": "self"
											},
											"damage": {
												"type": "durability",
												"amount": 1
											}
										},
										"key": "run_command",
										"children": [
											{
												"open": {
													"command": [
														"execute @e[type=mob:helicopter_blue,r=1] ~ ~ ~ summon tnt ~1 ~ ~"
													],
													"target": "self"
												},
												"key": "command",
												"is_minified": true,
												"children": [
													"execute @e[type=mob:helicopter_blue,r=1] ~ ~ ~ summon tnt ~1 ~ ~"
												]
											},
											{
												"data": "self",
												"key": "target"
											}
										]
									},
									{
										"open": {
											"run_command": {
												"command": [
													"execute @e[type=mob:helicopter_blue,r=1] ~ ~ ~ summon tnt ~1 ~ ~"
												],
												"target": "self"
											},
											"damage": {
												"type": "durability",
												"amount": 1
											}
										},
										"key": "damage",
										"is_minified": true,
										"children": {
											"type": "durability",
											"amount": 1
										}
									}
								]
							}
						]
					}
				]
			}
		]
	}
}