{
	"file_path": "/home/yulian/.local/share/mcpelauncher/games/com.mojang/development_behavior_packs/Helicopter War/items/portal_end1.json",
	"file_type": "item",
	"format_version": 1,
	"file_uuid": "b2890eaf_6aef_4d85_a4e6_1108aa104387",
	"file_version": 44,
	"cache_content": {
		"children": [
			{
				"data": "1.16.100",
				"key": "format_version"
			},
			{
				"open": {
					"format_version": "1.16.100",
					"minecraft:item": {
						"description": {
							"identifier": "hws:bomb",
							"category": "equipment"
						},
						"components": {
							"minecraft:can_destroy_in_creative": false,
							"minecraft:max_stack_size": 1,
							"minecraft:use_animation": "eat",
							"minecraft:on_use": {
								"on_use": {
									"event": "click",
									"target": "self"
								}
							},
							"minecraft:icon": {
								"texture": "bomb"
							},
							"minecraft:foil": true,
							"minecraft:use_duration": 5,
							"minecraft:durability": {
								"max_durability": 3
							},
							"minecraft:creative_category": {
								"parent": "itemGroup.name.redstone"
							},
							"minecraft:cooldown": {
								"category": "ender_pearl",
								"duration": 5
							}
						},
						"events": {
							"click": {
								"run_command": {
									"command": [
										"execute @e[type=mob:helicopter,r=1] ~ ~ ~ summon tnt ~ ~-1 ~"
									],
									"target": "self"
								}
							}
						}
					}
				},
				"key": "minecraft:item",
				"children": [
					{
						"open": {
							"description": {
								"identifier": "hws:bomb",
								"category": "equipment"
							},
							"components": {
								"minecraft:can_destroy_in_creative": false,
								"minecraft:max_stack_size": 1,
								"minecraft:use_animation": "eat",
								"minecraft:on_use": {
									"on_use": {
										"event": "click",
										"target": "self"
									}
								},
								"minecraft:icon": {
									"texture": "bomb"
								},
								"minecraft:foil": true,
								"minecraft:use_duration": 5,
								"minecraft:durability": {
									"max_durability": 3
								},
								"minecraft:creative_category": {
									"parent": "itemGroup.name.redstone"
								},
								"minecraft:cooldown": {
									"category": "ender_pearl",
									"duration": 5
								}
							},
							"events": {
								"click": {
									"run_command": {
										"command": [
											"execute @e[type=mob:helicopter,r=1] ~ ~ ~ summon tnt ~ ~-1 ~"
										],
										"target": "self"
									}
								}
							}
						},
						"key": "description",
						"is_minified": true,
						"children": {
							"identifier": "hws:bomb",
							"category": "equipment"
						}
					},
					{
						"open": {
							"description": {
								"identifier": "hws:bomb",
								"category": "equipment"
							},
							"components": {
								"minecraft:can_destroy_in_creative": false,
								"minecraft:max_stack_size": 1,
								"minecraft:use_animation": "eat",
								"minecraft:on_use": {
									"on_use": {
										"event": "click",
										"target": "self"
									}
								},
								"minecraft:icon": {
									"texture": "bomb"
								},
								"minecraft:foil": true,
								"minecraft:use_duration": 5,
								"minecraft:durability": {
									"max_durability": 3
								},
								"minecraft:creative_category": {
									"parent": "itemGroup.name.redstone"
								},
								"minecraft:cooldown": {
									"category": "ender_pearl",
									"duration": 5
								}
							},
							"events": {
								"click": {
									"run_command": {
										"command": [
											"execute @e[type=mob:helicopter,r=1] ~ ~ ~ summon tnt ~ ~-1 ~"
										],
										"target": "self"
									}
								}
							}
						},
						"key": "components",
						"children": [
							{
								"open": {
									"minecraft:can_destroy_in_creative": false,
									"minecraft:max_stack_size": 1,
									"minecraft:use_animation": "eat",
									"minecraft:on_use": {
										"on_use": {
											"event": "click",
											"target": "self"
										}
									},
									"minecraft:icon": {
										"texture": "bomb"
									},
									"minecraft:foil": true,
									"minecraft:use_duration": 5,
									"minecraft:durability": {
										"max_durability": 3
									},
									"minecraft:creative_category": {
										"parent": "itemGroup.name.redstone"
									},
									"minecraft:cooldown": {
										"category": "ender_pearl",
										"duration": 5
									}
								},
								"data": "false",
								"key": "minecraft:can_destroy_in_creative"
							},
							{
								"data": "1",
								"key": "minecraft:max_stack_size"
							},
							{
								"data": "eat",
								"key": "minecraft:use_animation"
							},
							{
								"open": {
									"minecraft:can_destroy_in_creative": false,
									"minecraft:max_stack_size": 1,
									"minecraft:use_animation": "eat",
									"minecraft:on_use": {
										"on_use": {
											"event": "click",
											"target": "self"
										}
									},
									"minecraft:icon": {
										"texture": "bomb"
									},
									"minecraft:foil": true,
									"minecraft:use_duration": 5,
									"minecraft:durability": {
										"max_durability": 3
									},
									"minecraft:creative_category": {
										"parent": "itemGroup.name.redstone"
									},
									"minecraft:cooldown": {
										"category": "ender_pearl",
										"duration": 5
									}
								},
								"key": "minecraft:on_use",
								"children": [
									{
										"open": {
											"on_use": {
												"event": "click",
												"target": "self"
											}
										},
										"key": "on_use",
										"is_minified": true,
										"children": {
											"event": "click",
											"target": "self"
										}
									}
								]
							},
							{
								"open": {
									"minecraft:can_destroy_in_creative": false,
									"minecraft:max_stack_size": 1,
									"minecraft:use_animation": "eat",
									"minecraft:on_use": {
										"on_use": {
											"event": "click",
											"target": "self"
										}
									},
									"minecraft:icon": {
										"texture": "bomb"
									},
									"minecraft:foil": true,
									"minecraft:use_duration": 5,
									"minecraft:durability": {
										"max_durability": 3
									},
									"minecraft:creative_category": {
										"parent": "itemGroup.name.redstone"
									},
									"minecraft:cooldown": {
										"category": "ender_pearl",
										"duration": 5
									}
								},
								"key": "minecraft:icon",
								"is_minified": true,
								"children": {
									"texture": "bomb"
								}
							},
							{
								"open": {
									"minecraft:can_destroy_in_creative": false,
									"minecraft:max_stack_size": 1,
									"minecraft:use_animation": "eat",
									"minecraft:on_use": {
										"on_use": {
											"event": "click",
											"target": "self"
										}
									},
									"minecraft:icon": {
										"texture": "bomb"
									},
									"minecraft:foil": true,
									"minecraft:use_duration": 5,
									"minecraft:durability": {
										"max_durability": 3
									},
									"minecraft:creative_category": {
										"parent": "itemGroup.name.redstone"
									},
									"minecraft:cooldown": {
										"category": "ender_pearl",
										"duration": 5
									}
								},
								"data": "true",
								"key": "minecraft:foil"
							},
							{
								"data": "5",
								"key": "minecraft:use_duration"
							},
							{
								"open": {
									"minecraft:can_destroy_in_creative": false,
									"minecraft:max_stack_size": 1,
									"minecraft:use_animation": "eat",
									"minecraft:on_use": {
										"on_use": {
											"event": "click",
											"target": "self"
										}
									},
									"minecraft:icon": {
										"texture": "bomb"
									},
									"minecraft:foil": true,
									"minecraft:use_duration": 5,
									"minecraft:durability": {
										"max_durability": 3
									},
									"minecraft:creative_category": {
										"parent": "itemGroup.name.redstone"
									},
									"minecraft:cooldown": {
										"category": "ender_pearl",
										"duration": 5
									}
								},
								"key": "minecraft:durability",
								"is_minified": true,
								"children": {
									"max_durability": 3
								}
							},
							{
								"open": {
									"minecraft:can_destroy_in_creative": false,
									"minecraft:max_stack_size": 1,
									"minecraft:use_animation": "eat",
									"minecraft:on_use": {
										"on_use": {
											"event": "click",
											"target": "self"
										}
									},
									"minecraft:icon": {
										"texture": "bomb"
									},
									"minecraft:foil": true,
									"minecraft:use_duration": 5,
									"minecraft:durability": {
										"max_durability": 3
									},
									"minecraft:creative_category": {
										"parent": "itemGroup.name.redstone"
									},
									"minecraft:cooldown": {
										"category": "ender_pearl",
										"duration": 5
									}
								},
								"key": "minecraft:creative_category",
								"is_minified": true,
								"children": {
									"parent": "itemGroup.name.redstone"
								}
							},
							{
								"open": {
									"minecraft:can_destroy_in_creative": false,
									"minecraft:max_stack_size": 1,
									"minecraft:use_animation": "eat",
									"minecraft:on_use": {
										"on_use": {
											"event": "click",
											"target": "self"
										}
									},
									"minecraft:icon": {
										"texture": "bomb"
									},
									"minecraft:foil": true,
									"minecraft:use_duration": 5,
									"minecraft:durability": {
										"max_durability": 3
									},
									"minecraft:creative_category": {
										"parent": "itemGroup.name.redstone"
									},
									"minecraft:cooldown": {
										"category": "ender_pearl",
										"duration": 5
									}
								},
								"key": "minecraft:cooldown",
								"is_minified": true,
								"children": {
									"category": "ender_pearl",
									"duration": 5
								}
							}
						]
					},
					{
						"open": {
							"description": {
								"identifier": "hws:bomb",
								"category": "equipment"
							},
							"components": {
								"minecraft:can_destroy_in_creative": false,
								"minecraft:max_stack_size": 1,
								"minecraft:use_animation": "eat",
								"minecraft:on_use": {
									"on_use": {
										"event": "click",
										"target": "self"
									}
								},
								"minecraft:icon": {
									"texture": "bomb"
								},
								"minecraft:foil": true,
								"minecraft:use_duration": 5,
								"minecraft:durability": {
									"max_durability": 3
								},
								"minecraft:creative_category": {
									"parent": "itemGroup.name.redstone"
								},
								"minecraft:cooldown": {
									"category": "ender_pearl",
									"duration": 5
								}
							},
							"events": {
								"click": {
									"run_command": {
										"command": [
											"execute @e[type=mob:helicopter,r=1] ~ ~ ~ summon tnt ~ ~-1 ~"
										],
										"target": "self"
									}
								}
							}
						},
						"key": "events",
						"children": [
							{
								"open": {
									"click": {
										"run_command": {
											"command": [
												"execute @e[type=mob:helicopter,r=1] ~ ~ ~ summon tnt ~ ~-1 ~"
											],
											"target": "self"
										}
									}
								},
								"key": "click",
								"children": [
									{
										"open": {
											"run_command": {
												"command": [
													"execute @e[type=mob:helicopter,r=1] ~ ~ ~ summon tnt ~ ~-1 ~"
												],
												"target": "self"
											}
										},
										"key": "run_command",
										"children": [
											{
												"open": {
													"command": [
														"execute @e[type=mob:helicopter,r=1] ~ ~ ~ summon tnt ~ ~-1 ~"
													],
													"target": "self"
												},
												"key": "command",
												"is_minified": true,
												"children": [
													"execute @e[type=mob:helicopter,r=1] ~ ~ ~ summon tnt ~ ~-1 ~"
												]
											},
											{
												"open": {
													"command": [
														"execute @e[type=mob:helicopter,r=1] ~ ~ ~ summon tnt ~ ~-1 ~"
													],
													"target": "self"
												},
												"data": "self",
												"key": "target"
											}
										]
									}
								]
							}
						]
					}
				]
			}
		]
	}
}