{
	"file_path": "/home/yulian/.local/share/mcpelauncher/games/com.mojang/development_behavior_packs/Helicopter War/items/propeller.json",
	"file_type": "item",
	"format_version": 1,
	"file_uuid": "4f52ee03_46c8_43be_ab80_4db7dda24fd8",
	"file_version": 1,
	"cache_content": {
		"children": [
			{
				"data": "1.16.100",
				"key": "format_version"
			},
			{
				"open": {
					"format_version": "1.16.100",
					"minecraft:item": {
						"description": {
							"identifier": "hlcop:propeller",
							"category": "equipment"
						},
						"components": {
							"minecraft:icon": {
								"texture": "helice"
							},
							"minecraft:max_stack_size": 64,
							"minecraft:creative_category": {
								"parent": "itemGroup.name.nature"
							}
						}
					}
				},
				"key": "minecraft:item",
				"children": [
					{
						"open": {
							"description": {
								"identifier": "hlcop:propeller",
								"category": "equipment"
							},
							"components": {
								"minecraft:icon": {
									"texture": "helice"
								},
								"minecraft:max_stack_size": 64,
								"minecraft:creative_category": {
									"parent": "itemGroup.name.nature"
								}
							}
						},
						"key": "description",
						"is_minified": true,
						"children": {
							"identifier": "hlcop:propeller",
							"category": "equipment"
						}
					},
					{
						"open": {
							"description": {
								"identifier": "hlcop:propeller",
								"category": "equipment"
							},
							"components": {
								"minecraft:icon": {
									"texture": "helice"
								},
								"minecraft:max_stack_size": 64,
								"minecraft:creative_category": {
									"parent": "itemGroup.name.nature"
								}
							}
						},
						"key": "components",
						"children": [
							{
								"open": {
									"minecraft:icon": {
										"texture": "helice"
									},
									"minecraft:max_stack_size": 64,
									"minecraft:creative_category": {
										"parent": "itemGroup.name.nature"
									}
								},
								"key": "minecraft:icon",
								"is_minified": true,
								"children": {
									"texture": "helice"
								}
							},
							{
								"data": "64",
								"key": "minecraft:max_stack_size"
							},
							{
								"open": {
									"minecraft:icon": {
										"texture": "helice"
									},
									"minecraft:max_stack_size": 64,
									"minecraft:creative_category": {
										"parent": "itemGroup.name.nature"
									}
								},
								"key": "minecraft:creative_category",
								"is_minified": true,
								"children": {
									"parent": "itemGroup.name.nature"
								}
							}
						]
					}
				]
			}
		]
	}
}