{
	"file_path": "/home/yulian/.local/share/mcpelauncher/games/com.mojang/development_behavior_packs/Helicopter War/items/spawn_helicopter_red.json",
	"file_type": "item",
	"format_version": 1,
	"file_uuid": "c88310d8_d1bd_4492_899f_38c4bb6b2fd4",
	"file_version": 6,
	"cache_content": {
		"children": [
			{
				"open": {
					"format_version": "1.16.100",
					"minecraft:item": {
						"description": {
							"identifier": "hlcop:spawn_helicopter_red"
						},
						"components": {
							"minecraft:icon": {
								"texture": "spawn_helicopter"
							},
							"minecraft:max_stack_size": 64,
							"minecraft:creative_category": {
								"parent": "itemGroup.name.mobEgg"
							},
							"minecraft:on_use": {
								"on_use": {
									"event": "click",
									"target": "self"
								}
							},
							"minecraft:use_animation": "eat",
							"minecraft:can_destroy_in_creative": false
						},
						"events": {
							"click": {
								"run_command": {
									"command": [
										"clear @p[r=1] hlcop:spawn_helicopter_red 0 1",
										"summon mob:helicopter"
									],
									"target": "self"
								}
							}
						}
					}
				},
				"data": "1.16.100",
				"key": "format_version"
			},
			{
				"open": {
					"format_version": "1.16.100",
					"minecraft:item": {
						"description": {
							"identifier": "hlcop:spawn_helicopter_red"
						},
						"components": {
							"minecraft:icon": {
								"texture": "spawn_helicopter"
							},
							"minecraft:max_stack_size": 64,
							"minecraft:creative_category": {
								"parent": "itemGroup.name.mobEgg"
							},
							"minecraft:on_use": {
								"on_use": {
									"event": "click",
									"target": "self"
								}
							},
							"minecraft:use_animation": "eat",
							"minecraft:can_destroy_in_creative": false
						},
						"events": {
							"click": {
								"run_command": {
									"command": [
										"clear @p[r=1] hlcop:spawn_helicopter_red 0 1",
										"summon mob:helicopter"
									],
									"target": "self"
								}
							}
						}
					}
				},
				"key": "minecraft:item",
				"children": [
					{
						"open": {
							"description": {
								"identifier": "hlcop:spawn_helicopter_red"
							},
							"components": {
								"minecraft:icon": {
									"texture": "spawn_helicopter"
								},
								"minecraft:max_stack_size": 64,
								"minecraft:creative_category": {
									"parent": "itemGroup.name.mobEgg"
								},
								"minecraft:on_use": {
									"on_use": {
										"event": "click",
										"target": "self"
									}
								},
								"minecraft:use_animation": "eat",
								"minecraft:can_destroy_in_creative": false
							},
							"events": {
								"click": {
									"run_command": {
										"command": [
											"clear @p[r=1] hlcop:spawn_helicopter_red 0 1",
											"summon mob:helicopter"
										],
										"target": "self"
									}
								}
							}
						},
						"key": "description",
						"is_minified": true,
						"children": {
							"identifier": "hlcop:spawn_helicopter_red"
						}
					},
					{
						"open": {
							"description": {
								"identifier": "hlcop:spawn_helicopter_red"
							},
							"components": {
								"minecraft:icon": {
									"texture": "spawn_helicopter"
								},
								"minecraft:max_stack_size": 64,
								"minecraft:creative_category": {
									"parent": "itemGroup.name.mobEgg"
								},
								"minecraft:on_use": {
									"on_use": {
										"event": "click",
										"target": "self"
									}
								},
								"minecraft:use_animation": "eat",
								"minecraft:can_destroy_in_creative": false
							},
							"events": {
								"click": {
									"run_command": {
										"command": [
											"clear @p[r=1] hlcop:spawn_helicopter_red 0 1",
											"summon mob:helicopter"
										],
										"target": "self"
									}
								}
							}
						},
						"key": "components",
						"children": [
							{
								"key": "minecraft:icon",
								"is_minified": true,
								"children": {
									"texture": "spawn_helicopter"
								}
							},
							{
								"data": "64",
								"key": "minecraft:max_stack_size"
							},
							{
								"open": {
									"minecraft:icon": {
										"texture": "spawn_helicopter"
									},
									"minecraft:max_stack_size": 64,
									"minecraft:creative_category": {
										"parent": "itemGroup.name.mobEgg"
									},
									"minecraft:on_use": {
										"on_use": {
											"event": "click",
											"target": "self"
										}
									},
									"minecraft:use_animation": "eat",
									"minecraft:can_destroy_in_creative": false
								},
								"key": "minecraft:creative_category",
								"is_minified": true,
								"children": {
									"parent": "itemGroup.name.mobEgg"
								}
							},
							{
								"key": "minecraft:on_use",
								"is_minified": true,
								"children": {
									"on_use": {
										"event": "click",
										"target": "self"
									}
								}
							},
							{
								"data": "eat",
								"key": "minecraft:use_animation"
							},
							{
								"data": "false",
								"key": "minecraft:can_destroy_in_creative"
							}
						]
					},
					{
						"open": {
							"description": {
								"identifier": "hlcop:spawn_helicopter_red"
							},
							"components": {
								"minecraft:icon": {
									"texture": "spawn_helicopter"
								},
								"minecraft:max_stack_size": 64,
								"minecraft:creative_category": {
									"parent": "itemGroup.name.mobEgg"
								},
								"minecraft:on_use": {
									"on_use": {
										"event": "click",
										"target": "self"
									}
								},
								"minecraft:use_animation": "eat",
								"minecraft:can_destroy_in_creative": false
							},
							"events": {
								"click": {
									"run_command": {
										"command": [
											"clear @p[r=1] hlcop:spawn_helicopter_red 0 1",
											"summon mob:helicopter"
										],
										"target": "self"
									}
								}
							}
						},
						"key": "events",
						"children": [
							{
								"open": {
									"click": {
										"run_command": {
											"command": [
												"clear @p[r=1] hlcop:spawn_helicopter_red 0 1",
												"summon mob:helicopter"
											],
											"target": "self"
										}
									}
								},
								"key": "click",
								"children": [
									{
										"open": {
											"run_command": {
												"command": [
													"clear @p[r=1] hlcop:spawn_helicopter_red 0 1",
													"summon mob:helicopter"
												],
												"target": "self"
											}
										},
										"key": "run_command",
										"children": [
											{
												"open": {
													"command": [
														"clear @p[r=1] hlcop:spawn_helicopter_red 0 1",
														"summon mob:helicopter"
													],
													"target": "self"
												},
												"key": "command",
												"is_minified": true,
												"children": [
													"clear @p[r=1] hlcop:spawn_helicopter_red 0 1",
													"summon mob:helicopter"
												]
											},
											{
												"data": "self",
												"key": "target"
											}
										]
									}
								]
							}
						]
					}
				]
			}
		]
	}
}