{"format_version":"1.20.40","animation_controllers":{"controller.animation.player.m67_grenade":{"initial_state":"inactive","states":{"inactive":{"transitions":[{"draw":"v.m67_grenade"}]},"draw":{"animations":["m67_grenade_item","m67_grenade_fpp_draw"],"transitions":[{"inactive":"!v.m67_grenade"},{"hold":"q.all_animations_finished"}],"blend_transition":0.2,"blend_via_shortest_path":true},"hold":{"animations":["m67_grenade_item","m67_grenade_fpp_hold"],"transitions":[{"inactive":"!v.m67_grenade"}],"blend_transition":0.2,"blend_via_shortest_path":true}}},"controller.animation.player.m67_grenade_aim":{"initial_state":"hold","states":{"hold":{"transitions":[{"aim":"q.is_sneaking"},{"use":"q.main_hand_item_use_duration"}],"blend_transition":0.2,"blend_via_shortest_path":true},"aim":{"animations":["m67_grenade_fpp_aim"],"transitions":[{"hold":"!q.is_sneaking"},{"use":"q.main_hand_item_use_duration"}],"blend_transition":0.2,"blend_via_shortest_path":true},"use":{"animations":["m67_grenade_fpp_aim"],"transitions":[{"hold":"!q.main_hand_item_use_duration"},{"aim":"!q.main_hand_item_use_duration && q.is_sneaking"}],"blend_transition":0.2,"blend_via_shortest_path":true}}}}}