{"format_version":"1.10.0","render_controllers":{"controller.render.grip":{"arrays":{"geometries":{"Array.geo":["Geometry.foregrip"]},"textures":{"Array.skins":["Texture.foregrip"]}},"geometry":"Array.geo[0]","materials":[{"*":"Material.gun"}],"textures":["Array.skins[0]"],"is_hurt_color":{},"on_fire_color":{}},"controller.render.laser":{"arrays":{"geometries":{"Array.geo":["Geometry.laser"]},"textures":{"Array.skins":["Texture.laser"]}},"geometry":"Array.geo[0]","materials":[{"*":"Material.gun"},{"laserLine":"Material.light"}],"textures":["Array.skins[0]"],"is_hurt_color":{},"on_fire_color":{}},"controller.render.sight":{"arrays":{"geometries":{"Array.geo":["Geometry.eotech_sight","Geometry.acog_sight","Geometry.scope_hp","Geometry.scope_lp"]},"textures":{"Array.skins":["Texture.eotech_sight","Texture.acog_sight","Texture.scope_hp","Texture.scope_lp"]}},"geometry":"Array.geo[v.sight - 1]","materials":[{"*":"Material.gun"},{"glass":"Material.glass"},{"reddot":"Material.light"}],"textures":["Array.skins[v.sight - 1]"],"part_visibility":[{"glass":"!q.is_sneaking"},{"cross":"q.is_sneaking"},{"reddot":"q.is_sneaking"}],"is_hurt_color":{},"on_fire_color":{}},"controller.render.silencer":{"arrays":{"geometries":{"Array.geo":["Geometry.silencer"]},"textures":{"Array.skins":["Texture.silencer"]}},"geometry":"Array.geo[0]","materials":[{"*":"Material.gun"}],"textures":["Array.skins[0]"],"is_hurt_color":{},"on_fire_color":{}}}}