{"format_version":"1.10.0","render_controllers":{"controller.render.ak47":{"geometry":"Geometry.ak47","materials":[{"*":"Material.gun"}],"textures":["Texture.ak47"],"part_visibility":[{"backSight":"!v.sight"},{"head":false},{"body":false},{"leftArm":false},{"rightArmExtra":false},{"leftLeg":false},{"rightLeg":false}],"is_hurt_color":{},"on_fire_color":{}},"controller.render.awp":{"geometry":"Geometry.awp","materials":[{"*":"Material.gun"}],"textures":["Texture.awp"],"part_visibility":[{"head":false},{"body":false},{"leftArm":false},{"rightArmExtra":false},{"leftLeg":false},{"rightLeg":false}],"is_hurt_color":{},"on_fire_color":{}},"controller.render.desert_eagle":{"geometry":"Geometry.desert_eagle","materials":[{"*":"Material.gun"}],"textures":["Texture.desert_eagle"],"part_visibility":[{"head":false},{"body":false},{"leftArm":false},{"rightArmExtra":false},{"leftLeg":false},{"rightLeg":false}],"is_hurt_color":{},"on_fire_color":{}},"controller.render.fnfal":{"geometry":"Geometry.fnfal","materials":[{"*":"Material.gun"}],"textures":["Texture.fnfal"],"part_visibility":[{"backSight":"!v.sight"},{"head":false},{"body":false},{"leftArm":false},{"rightArmExtra":false},{"leftLeg":false},{"rightLeg":false}],"is_hurt_color":{},"on_fire_color":{}},"controller.render.glock17":{"geometry":"Geometry.glock17","materials":[{"*":"Material.gun"},{"sightPoint":"Material.light"}],"textures":["Texture.glock17"],"part_visibility":[{"ironSight":"!v.sight"},{"sightPoint":false},{"head":false},{"body":false},{"leftArm":false},{"rightArmExtra":false},{"leftLeg":false},{"rightLeg":false}],"is_hurt_color":{},"on_fire_color":{}},"controller.render.glock18":{"geometry":"Geometry.glock18","materials":[{"*":"Material.gun"},{"sightPoint":"Material.light"}],"textures":["Texture.glock18"],"part_visibility":[{"ironSight":"!v.sight"},{"sightPoint":false},{"head":false},{"body":false},{"leftArm":false},{"rightArmExtra":false},{"leftLeg":false},{"rightLeg":false}],"is_hurt_color":{},"on_fire_color":{}},"controller.render.m4a1":{"geometry":"Geometry.m4a1","materials":[{"*":"Material.gun"}],"textures":["Texture.m4a1"],"part_visibility":[{"carryHandle":"!v.sight"},{"head":false},{"body":false},{"leftArm":false},{"rightArmExtra":false},{"leftLeg":false},{"rightLeg":false}],"is_hurt_color":{},"on_fire_color":{}},"controller.render.mossberg":{"geometry":"Geometry.mossberg","materials":[{"*":"Material.gun"}],"textures":["Texture.mossberg"],"part_visibility":[{"head":false},{"body":false},{"leftArm":false},{"rightArmExtra":false},{"leftLeg":false},{"rightLeg":false}],"is_hurt_color":{},"on_fire_color":{}},"controller.render.mp5a5":{"geometry":"Geometry.mp5a5","materials":[{"*":"Material.gun"}],"textures":["Texture.mp5a5"],"part_visibility":[{"iron":"!v.sight"},{"head":false},{"body":false},{"leftArm":false},{"rightArmExtra":false},{"leftLeg":false},{"rightLeg":false}],"is_hurt_color":{},"on_fire_color":{}}}}