{"format_version":"1.10.0","particle_effect":{"description":{"identifier":"gabrielaplok:explosion_smoke_0","basic_render_parameters":{"material":"particles_blend","texture":"textures/particle/campfire_smoke"}},"components":{"minecraft:emitter_rate_instant":{"num_particles":40},"minecraft:emitter_lifetime_once":{"active_time":1},"minecraft:emitter_shape_sphere":{"radius":1,"surface_only":true,"direction":"outwards"},"minecraft:particle_initialization":{"per_render_expression":"v.size = 1.5 * math.pow(1 - (v.particle_age / v.particle_lifetime), 0.08);"},"minecraft:particle_lifetime_expression":{"max_lifetime":"Math.random(1, 20)"},"minecraft:particle_initial_spin":{"rotation":"Math.random(0, 360)"},"minecraft:particle_initial_speed":"math.random(0.25, 50)","minecraft:particle_motion_dynamic":{"linear_acceleration":[10,4,0],"linear_drag_coefficient":14},"minecraft:particle_expire_if_in_blocks":["minecraft:water","minecraft:flowing_water"],"minecraft:particle_appearance_billboard":{"size":["v.size","v.size"],"facing_camera_mode":"rotate_xyz","uv":{"texture_width":1,"texture_height":12,"uv":[0,"Math.floor(variable.particle_random_2 * 12)"],"uv_size":[1,1]}},"minecraft:particle_motion_collision":{"collision_drag":4,"coefficient_of_restitution":0.1,"collision_radius":0.1},"minecraft:particle_appearance_lighting":{},"minecraft:particle_appearance_tinting":{"color":{"interpolant":"v.particle_age / v.particle_lifetime","gradient":{"0.0":"#40C2C2C2","0.99":"#40272727"}}}}}}