{"format_version":"1.10.0","particle_effect":{"description":{"identifier":"gabrielaplok:explosion_debris_0","basic_render_parameters":{"material":"particles_blend","texture":"textures/particle/explosion_debris"}},"components":{"minecraft:emitter_rate_instant":{"num_particles":200},"minecraft:emitter_lifetime_once":{"active_time":1},"minecraft:emitter_shape_point":{"direction":["math.random(-4, 4)",8,"math.random(-4, 4)"]},"minecraft:particle_lifetime_expression":{"max_lifetime":"Math.random(6, 18)"},"minecraft:particle_initial_spin":{"rotation":"math.random(0, 360)"},"minecraft:particle_initial_speed":"math.random(1, 16)","minecraft:particle_motion_dynamic":{"linear_acceleration":[0,-10,0],"linear_drag_coefficient":1},"minecraft:particle_expire_if_in_blocks":["minecraft:water","minecraft:flowing_water"],"minecraft:particle_appearance_billboard":{"size":[0.025,0.025],"facing_camera_mode":"rotate_xyz","uv":{"texture_width":4,"texture_height":4,"uv":[0,0],"uv_size":[4,4]}},"minecraft:particle_motion_collision":{"collision_drag":4,"coefficient_of_restitution":0.5,"collision_radius":0.1},"minecraft:particle_appearance_lighting":{},"minecraft:particle_appearance_tinting":{"color":[1,1,1,"math.clamp(1 - math.clamp(v.particle_age / v.particle_lifetime, 0, 1), 0, 1)"]}}}}