{"format_version":"1.10.0","particle_effect":{"description":{"identifier":"gabrielaplok:explosion_flash","basic_render_parameters":{"material":"particles_add","texture":"textures/particle/explosion_flash"}},"components":{"minecraft:emitter_initialization":{"creation_expression":"v.size = 30;"},"minecraft:emitter_rate_instant":{"num_particles":1},"minecraft:emitter_lifetime_once":{"active_time":0.1},"minecraft:emitter_shape_point":{"direction":[0,0,"math.random(0, 0.02)"]},"minecraft:particle_lifetime_expression":{"max_lifetime":0.08},"minecraft:particle_expire_if_in_blocks":["minecraft:water","minecraft:flowing_water"],"minecraft:particle_initial_spin":{"rotation":"math.random(-0.5, 0.5)"},"minecraft:particle_initial_speed":"math.random(0, 2)","minecraft:particle_motion_dynamic":{"linear_drag_coefficient":8},"minecraft:particle_appearance_billboard":{"size":["v.particle_age * v.particle_lifetime * 0.02 + 0.06 * v.size","v.particle_age * v.particle_lifetime * 0.02 + 0.06 * v.size"],"facing_camera_mode":"rotate_xyz","uv":{"texture_width":128,"texture_height":128,"uv":[0,0],"uv_size":[128,128]}},"minecraft:particle_appearance_tinting":{"color":[1,1,1,1]}}}}