{"format_version":"1.20.40","animation_controllers":{"controller.animation.player.awp":{"initial_state":"inactive","states":{"inactive":{"transitions":[{"draw":"v.awp"}],"blend_transition":0.2,"blend_via_shortest_path":true},"draw":{"animations":["awp_fpp_draw"],"transitions":[{"inactive":"!v.awp"},{"hold":"q.all_animations_finished"},{"reload":"v.is_reloading"}],"blend_transition":0.4,"blend_via_shortest_path":true},"hold":{"animations":["awp_fpp_hold"],"transitions":[{"inactive":"!v.awp"},{"inspect":"q.all_animations_finished && v.inspection"},{"reload":"v.is_reloading"}],"blend_transition":0.4,"blend_via_shortest_path":true},"inspect":{"on_entry":["v.is_inspecting = 1;"],"on_exit":["v.is_inspecting = 0;"],"animations":["awp_fpp_hold","awp_fpp_inspect"],"transitions":[{"inactive":"!v.awp"},{"hold":"q.all_animations_finished || !v.inspection"}],"blend_transition":0.2,"blend_via_shortest_path":true},"reload":{"animations":["awp_fpp_reload"],"transitions":[{"inactive":"!v.awp"},{"hold":"!v.is_reloading"}],"blend_transition":0.2,"blend_via_shortest_path":true}}},"controller.animation.player.awp_ads":{"initial_state":"hold","states":{"hold":{"transitions":[{"ads":"q.is_sneaking"}],"blend_transition":0.2,"blend_via_shortest_path":true},"ads":{"animations":["awp_fpp_ads"],"transitions":[{"hold":"!q.is_sneaking"}],"blend_transition":0.2,"blend_via_shortest_path":true}}}}}