{"format_version":"1.20.40","animation_controllers":{"controller.animation.player.glock17":{"initial_state":"inactive","states":{"inactive":{"transitions":[{"draw":"v.glock17"}],"blend_transition":0.2,"blend_via_shortest_path":true},"draw":{"animations":["glock18_fpp_draw"],"transitions":[{"inactive":"!v.glock17"},{"hold":"q.all_animations_finished"},{"reload":"v.is_reloading"}],"blend_transition":0.4,"blend_via_shortest_path":true},"hold":{"animations":["glock18_fpp_hold"],"transitions":[{"inactive":"!v.glock17"},{"inspect":"q.all_animations_finished && v.inspection"},{"reload":"v.is_reloading"}],"blend_transition":0.4,"blend_via_shortest_path":true},"inspect":{"on_entry":["v.is_inspecting = 1;"],"on_exit":["v.is_inspecting = 0;"],"animations":["glock18_fpp_hold","glock18_fpp_inspect"],"transitions":[{"inactive":"!v.glock17"},{"hold":"q.all_animations_finished || !v.inspection"}],"blend_transition":0.2,"blend_via_shortest_path":true},"reload":{"animations":["glock18_fpp_reload"],"transitions":[{"inactive":"!v.glock17"},{"hold":"!v.is_reloading"}],"blend_transition":0.2,"blend_via_shortest_path":true}}},"controller.animation.player.glock17_ads":{"initial_state":"hold","states":{"hold":{"transitions":[{"ads":"q.is_sneaking"}],"blend_transition":0.2,"blend_via_shortest_path":true},"ads":{"animations":["glock18_fpp_ads"],"transitions":[{"hold":"!q.is_sneaking"}],"blend_transition":0.2,"blend_via_shortest_path":true}}}}}