{"format_version":"1.20.40","animation_controllers":{"controller.animation.player.mp5a5":{"initial_state":"inactive","states":{"inactive":{"transitions":[{"draw":"v.mp5a5"}],"blend_transition":0.2,"blend_via_shortest_path":true},"draw":{"animations":["mp5a5_fpp_draw"],"transitions":[{"inactive":"!v.mp5a5"},{"hold":"q.all_animations_finished"},{"reload":"v.is_reloading"}],"blend_transition":0.4,"blend_via_shortest_path":true},"hold":{"animations":["mp5a5_fpp_hold"],"transitions":[{"inactive":"!v.mp5a5"},{"inspect":"q.all_animations_finished && v.inspection"},{"reload":"v.is_reloading"}],"blend_transition":0.4,"blend_via_shortest_path":true},"inspect":{"on_entry":["v.is_inspecting = 1;"],"on_exit":["v.is_inspecting = 0;"],"animations":["mp5a5_fpp_hold","mp5a5_fpp_inspect"],"transitions":[{"inactive":"!v.mp5a5"},{"hold":"q.all_animations_finished || !v.inspection"}],"blend_transition":0.2,"blend_via_shortest_path":true},"reload":{"animations":["mp5a5_fpp_reload"],"transitions":[{"inactive":"!v.mp5a5"},{"hold":"!v.is_reloading"}],"blend_transition":0.2,"blend_via_shortest_path":true}}},"controller.animation.player.mp5a5_ads":{"initial_state":"hold","states":{"hold":{"transitions":[{"ads":"q.is_sneaking"}],"blend_transition":0.2,"blend_via_shortest_path":true},"ads":{"animations":["mp5a5_fpp_ads"],"transitions":[{"hold":"!q.is_sneaking"}],"blend_transition":0.2,"blend_via_shortest_path":true}}}}}