{
  "format_version": "1.10.0",
  "minecraft:client_entity": {
    "description": {
      "identifier": "pa:basket02",
      "materials": {
        "default": "televisor"
      },
      "textures": {
        "light_blue": "textures/entity/pamobile/pa_basket02"
      },
      "geometry": {
        "default": "geometry.pa_basket02"
      },
      "render_controllers": [
        "controller.render.shulker"
      ],
      "spawn_egg": {
        "texture": "pa:basket02",
        "texture_index": 0
      }
    }
  }
}