{"format_version":"1.12.0","minecraft:geometry":[{"description":{"identifier":"geometry.eotech_sight","texture_width":32,"texture_height":32,"visible_bounds_width":4,"visible_bounds_height":3.5,"visible_bounds_offset":[0,1.25,0]},"bones":[{"name":"root","pivot":[0,0,0]},{"name":"waist","parent":"root","pivot":[0,12,0]},{"name":"body","parent":"waist","pivot":[0,24,0]},{"name":"rightArm","parent":"body","pivot":[-5,22,0]},{"name":"gun","parent":"rightArm","pivot":[0,0,0]},{"name":"attachment","parent":"gun","pivot":[0,0,0]},{"name":"eotech","parent":"attachment","pivot":[0,0,0.375],"cubes":[{"origin":[-1.5,0,-3],"size":[3,2,6],"inflate":0.01,"uv":[0,0]},{"origin":[-1.5,1.5,0],"size":[3,3,2],"uv":[0,8]},{"origin":[1.5,2,-2],"size":[0,2,2],"uv":[0,11]},{"origin":[-1.5,2,-2],"size":[0,2,2],"uv":[0,11],"mirror":true},{"origin":[-1,2.5,0],"size":[2,0,2],"uv":[0,2]},{"origin":[-1,4,0],"size":[2,0,2],"uv":[0,0]},{"origin":[-1,2,0],"size":[0,2,2],"uv":[10,9]},{"origin":[1,2,0],"size":[0,2,2],"uv":[0,2]}]},{"name":"reddot","parent":"eotech","pivot":[-0.5,-0.6,2],"cubes":[{"origin":[-1,2.25,0.5],"size":[2,2,1],"inflate":-0.5,"uv":[10,8]}]}]}]}