{"format_version":"1.12.0","minecraft:geometry":[{"description":{"identifier":"geometry.foregrip","texture_width":16,"texture_height":16,"visible_bounds_width":7,"visible_bounds_height":4,"visible_bounds_offset":[0,1,0]},"bones":[{"name":"root","pivot":[0,0,0]},{"name":"waist","parent":"root","pivot":[0,12,0]},{"name":"body","parent":"waist","pivot":[0,24,0]},{"name":"rightArm","parent":"body","pivot":[-5,22,0]},{"name":"gun","parent":"rightArm","pivot":[0,0,0]},{"name":"attachment","parent":"gun","pivot":[0,0,0]},{"name":"grip","parent":"attachment","pivot":[0,5.45,0],"cubes":[{"origin":[-1.25,6.9,-1.5],"size":[2.5,1,3],"uv":[5,6]},{"origin":[-1,0.5,-1],"size":[2,7,2],"inflate":-0.1,"uv":[0,0]},{"origin":[-1,0,-1],"size":[2,1,2],"uv":[8,3]},{"origin":[-1,6,-1],"size":[2,1,2],"uv":[8,0]}]}]}]}