{"format_version":"1.12.0","minecraft:geometry":[{"description":{"identifier":"geometry.laser","texture_width":128,"texture_height":128,"visible_bounds_width":7,"visible_bounds_height":4,"visible_bounds_offset":[0,1,0]},"bones":[{"name":"root","pivot":[0,0,0]},{"name":"waist","parent":"root","pivot":[0,12,0]},{"name":"body","parent":"waist","pivot":[0,24,0]},{"name":"rightArm","parent":"body","pivot":[-5,22,0]},{"name":"gun","parent":"rightArm","pivot":[0,0,0]},{"name":"attachment","parent":"gun","pivot":[0,0,0]},{"name":"laser","parent":"attachment","pivot":[0,0,0],"cubes":[{"origin":[-0.5,-1.5,-2.5],"size":[1,4,5],"uv":[0,0]},{"origin":[-0.5,-0.5,-3.5],"size":[1,1,1],"inflate":0.1,"uv":[0,0]}]},{"name":"laserLine","parent":"laser","pivot":[-2,-10.8,9],"cubes":[{"origin":[-0.5,-0.5,-63],"size":[1,1,60],"inflate":-0.3,"uv":[0,0]}]}]}]}