{"format_version":"1.12.0","minecraft:geometry":[{"description":{"identifier":"geometry.silencer","texture_width":32,"texture_height":32,"visible_bounds_width":7,"visible_bounds_height":4,"visible_bounds_offset":[0,1,0]},"bones":[{"name":"root","pivot":[0,0,0]},{"name":"waist","parent":"root","pivot":[0,12,0]},{"name":"body","parent":"waist","pivot":[0,24,0]},{"name":"rightArm","parent":"body","pivot":[-5,22,0]},{"name":"gun","parent":"rightArm","pivot":[0,0,0]},{"name":"attachment","parent":"gun","pivot":[0,0,0]},{"name":"silencer","parent":"attachment","pivot":[0,0.05,0],"cubes":[{"origin":[-1.25,-1.2,-5],"size":[2.5,2.5,10],"uv":[0,0]}],"locators":{"silencer_muzzle":[0,0,-5.5]}}]}]}