{"format_version":"1.10.0","particle_effect":{"description":{"identifier":"gabrielaplok:blood_1","basic_render_parameters":{"material":"particles_alpha","texture":"textures/particle/blood"}},"components":{"minecraft:emitter_rate_instant":{"num_particles":30},"minecraft:emitter_lifetime_once":{"active_time":1},"minecraft:emitter_shape_point":{"offset":[0,1,0]},"minecraft:particle_lifetime_expression":{"max_lifetime":5},"minecraft:particle_expire_if_in_blocks":["minecraft:water","minecraft:flowing_water"],"minecraft:particle_initial_spin":{"rotation":"math.random(0, 360)"},"minecraft:particle_initial_speed":4,"minecraft:particle_motion_dynamic":{"linear_acceleration":["math.random(-0.5, 0.5)",-10,"math.random(-0.5, 0.5)"],"linear_drag_coefficient":2.5},"minecraft:particle_appearance_billboard":{"size":["0.02 + v.particle_random_2 / 20","0.02 + v.particle_random_2 / 20"],"facing_camera_mode":"rotate_xyz","uv":{"texture_width":2,"texture_height":2,"uv":[0,0],"uv_size":[2,2]}},"minecraft:particle_motion_collision":{"collision_drag":1,"coefficient_of_restitution":0.1,"collision_radius":0.01},"minecraft:particle_appearance_lighting":{}}}}