{"namespace":"hud_elements","hud_elements@common.empty_panel":{"controls":[{"open_ads@hud_elements.open_ads":{}},{"close_ads@hud_elements.close_ads":{}},{"damage_overlay@hud_elements.damage_overlay":{}}]},"open_ads":{"ignored":"(not ($title_text = 'hud.open_ads'))","type":"image","texture":"textures/ui/hud/ads_shadow","alpha":"@hud_elements.open_ads_anim_alpha_0","force_texture_reload":true,"allow_debug_missing_texture":false,"layer":3,"size":["100%","100%"]},"close_ads":{"ignored":"(not ($title_text = 'hud.close_ads'))","type":"image","texture":"textures/ui/hud/ads_shadow","alpha":"@hud_elements.close_ads_anim_alpha_0","force_texture_reload":true,"allow_debug_missing_texture":false,"layer":3,"size":["100%","100%"]},"damage_overlay":{"$texture|default":"","ignored":"(not (($title_text = 'hud.damage_overlay_0') or ($title_text = 'hud.damage_overlay_1') or ($title_text = 'hud.damage_overlay_2')))","type":"image","texture":"$texture","alpha":"@hud_elements.damage_overlay_anim_alpha_0","force_texture_reload":true,"allow_debug_missing_texture":false,"layer":4,"size":["100%","100%"],"variables":[{"requires":"($title_text = 'hud.damage_overlay_0')","$texture":"textures/ui/hud/damage_shadow_0"},{"requires":"($title_text = 'hud.damage_overlay_1')","$texture":"textures/ui/hud/damage_shadow_1"},{"requires":"($title_text = 'hud.damage_overlay_2')","$texture":"textures/ui/hud/ads_shadow"}]},"open_ads_anim_alpha_0":{"anim_type":"alpha","easing":"out_quad","duration":0.5,"from":0,"to":1,"next":"@hud_elements.open_ads_anim_alpha_1"},"open_ads_anim_alpha_1":{"anim_type":"alpha","easing":"in_quad","duration":999999,"from":1,"to":1},"close_ads_anim_alpha_0":{"anim_type":"alpha","easing":"out_quad","duration":0.25,"from":1,"to":0},"damage_overlay_anim_alpha_0":{"anim_type":"alpha","easing":"out_quad","duration":0.2,"from":0,"to":1,"next":"@hud_elements.damage_overlay_anim_alpha_1"},"damage_overlay_anim_alpha_1":{"anim_type":"alpha","easing":"out_quad","duration":1,"from":1,"to":0}}