{"format_version":"1.12.0","minecraft:geometry":[{"description":{"identifier":"geometry.ak47","texture_width":64,"texture_height":64,"visible_bounds_width":4,"visible_bounds_height":3.5,"visible_bounds_offset":[0,1.25,0]},"bones":[{"name":"root","pivot":[0,0,0]},{"name":"waist","parent":"root","pivot":[0,12,0]},{"name":"body","parent":"waist","pivot":[0,24,0],"cubes":[{"origin":[-4,12,-2],"size":[8,12,4],"uv":[0,48]}]},{"name":"head","parent":"body","pivot":[0,24,0],"cubes":[{"origin":[-4,24,-4],"size":[8,8,8],"uv":[0,48]}]},{"name":"leftArm","parent":"body","pivot":[5,22,0],"cubes":[{"origin":[4,12,-2],"size":[4,12,4],"uv":[0,48]}]},{"name":"rightArm","parent":"body","pivot":[-5,22,0]},{"name":"rightArmExtra","parent":"rightArm","pivot":[-5,22,0],"cubes":[{"origin":[-8,12,-2],"size":[4,12,4],"uv":[40,16]}]},{"name":"gun","parent":"rightArm","pivot":[0,0,0]},{"name":"gunBody","parent":"gun","pivot":[0,0,0],"cubes":[{"origin":[-0.5,10.82722,-20.79954],"size":[1,1,3],"pivot":[0.41667,3.09321,-11.05504],"rotation":[45,0,0],"uv":[15,20]},{"origin":[-0.5,3.5,-22],"size":[1,1,3],"uv":[18,4]},{"origin":[-0.5,2.5,-24.5],"size":[1,4,1],"uv":[31,37]},{"origin":[-1,1,-26],"size":[2,2,7],"uv":[31,12]},{"origin":[-1.5,6.60705,2.15503],"size":[3,3,8],"pivot":[0.41667,2.79321,-11.05504],"rotation":[-22.5,0,0],"uv":[0,29]},{"origin":[-1.5,-1.8,10],"size":[3,6,2],"inflate":0.01,"uv":[0,16]},{"origin":[-1.5,1.2,2],"size":[3,3,8],"inflate":0.01,"uv":[18,26]},{"origin":[-1.5,-8.22976,-3.87299],"size":[3,5,3],"pivot":[0.41667,3.09321,-11.05504],"rotation":[22.5,0,0],"uv":[32,0]},{"origin":[-1,0,-5],"size":[2,1,1],"uv":[31,21]},{"origin":[-1,-2,-5],"size":[2,1,0],"uv":[0,2]},{"origin":[-1,-1,-5],"size":[2,1,4],"uv":[14,28]},{"origin":[-1.5,0,-2],"size":[3,1,3],"inflate":0.01,"uv":[19,37]},{"origin":[-1.5,4.5,-12],"size":[3,1,2],"uv":[0,24]},{"origin":[-1,4.5,-10],"size":[2,1,11],"uv":[0,16]},{"origin":[-1.5,1,-10],"size":[3,4,12],"uv":[0,0]},{"origin":[-2,0.5,-19],"size":[4,2,1],"uv":[0,9]},{"origin":[-1.5,2,-19],"size":[3,3,1],"uv":[18,0]},{"origin":[-2,0.5,-18],"size":[4,2,8],"uv":[15,16]},{"origin":[-1.5,1,-18],"size":[3,4,8],"uv":[18,0]}],"locators":{"ak47_muzzle":[0,2,-27],"ak47_case":[-1.5,3.5,-8]}},{"name":"backSight","parent":"gunBody","pivot":[0.41667,5.09321,-11.05504],"cubes":[{"origin":[-1.5,5.5,-12],"size":[1,1,2],"inflate":0.001,"uv":[31,15]},{"origin":[0.5,5.5,-12],"size":[1,1,2],"inflate":0.001,"uv":[0,31]},{"origin":[-1,5,-12],"size":[2,1,2],"inflate":0.01,"uv":[0,28]}]},{"name":"pullBack","parent":"gunBody","pivot":[0.41667,3.09321,-9.05504],"cubes":[{"origin":[-2.5,3,-9.5],"size":[1,1,1],"uv":[0,0]}]},{"name":"mag","parent":"gunBody","pivot":[0.5,1,-7],"cubes":[{"origin":[-1,-1.5,-9.5],"size":[2,3,4],"uv":[32,26]},{"origin":[-1,-5.58239,-9.69134],"size":[2,5,4],"inflate":0.01,"pivot":[0.5,-1.52217,-7.90223],"rotation":[-22.5,0,0],"uv":[0,0]}]},{"name":"trigger","parent":"gunBody","pivot":[0.41667,1.09321,-2.05504],"cubes":[{"origin":[-0.5,0.25,-3.5],"size":[1,1,2],"uv":[30,12]}]},{"name":"leftLeg","parent":"root","pivot":[1.9,12,0],"cubes":[{"origin":[-0.1,0,-2],"size":[4,12,4],"uv":[0,48]}]},{"name":"rightLeg","parent":"root","pivot":[-1.9,12,0],"cubes":[{"origin":[-3.9,0,-2],"size":[4,12,4],"uv":[0,48]}]}]}]}