{"format_version":"1.12.0","minecraft:geometry":[{"description":{"identifier":"geometry.as50","texture_width":64,"texture_height":64,"visible_bounds_width":4,"visible_bounds_height":3.5,"visible_bounds_offset":[0,1.25,0]},"bones":[{"name":"root","pivot":[0,0,0]},{"name":"waist","parent":"root","pivot":[0,12,0]},{"name":"body","parent":"waist","pivot":[0,24,0],"cubes":[{"origin":[-4,12,-2],"size":[8,12,4],"uv":[0,48]}]},{"name":"head","parent":"body","pivot":[0,24,0],"cubes":[{"origin":[-4,24,-4],"size":[8,8,8],"uv":[0,48]}]},{"name":"leftArm","parent":"body","pivot":[5,22,0],"cubes":[{"origin":[4,12,-2],"size":[4,12,4],"uv":[0,48]}]},{"name":"rightArm","parent":"body","pivot":[-5,22,0]},{"name":"rightArmExtra","parent":"rightArm","pivot":[-5,22,0],"cubes":[{"origin":[-8,12,-2],"size":[4,12,4],"uv":[40,16]}]},{"name":"gun","parent":"rightArm","pivot":[0,0,0]},{"name":"gunBody","parent":"gun","pivot":[0,0,0],"cubes":[{"origin":[-1,1,-13],"size":[2,1,2],"uv":[0,16]},{"origin":[-1.5,1,-5],"size":[3,5,8],"inflate":0.01,"uv":[30,38]},{"origin":[-1.5,2,-18],"size":[3,4,13],"uv":[21,21]},{"origin":[-1.5,4,3],"size":[3,2,5],"uv":[0,28]},{"origin":[-1.5,1,3],"size":[3,2,5],"uv":[0,21]},{"origin":[-1.5,-2,6],"size":[3,3,2],"uv":[9,7]},{"origin":[-1.5,1,8],"size":[3,5,2],"uv":[23,5]},{"origin":[-0.5,20.22484,-23.1918],"size":[1,1,3],"pivot":[-1,2.97999,-6.2179],"rotation":[45,0,0],"uv":[11,13]},{"origin":[-0.5,5,-29],"size":[1,1,12],"uv":[23,0]},{"origin":[-1,2.5,-37],"size":[2,2,19],"uv":[0,0]},{"origin":[-1,-1,-4.75],"size":[2,1,4],"uv":[23,0]},{"origin":[-1,0,-4.75],"size":[2,1,1],"uv":[6,16]},{"origin":[-2,4.5,2],"size":[4,2,6],"uv":[37,0]},{"origin":[-1.5,-5.59609,-2.6549],"size":[3,5,3],"inflate":-0.01,"pivot":[-1,2.97999,-6.2179],"rotation":[22.5,0,0],"uv":[21,21]},{"origin":[-2,3,-17.5],"size":[4,2,5],"uv":[0,0]},{"origin":[-1,6,-18],"size":[2,1,17],"uv":[0,21]}],"locators":{"as50_muzzle":[0,3.5,-37.5],"as50_case":[2,4.5,-5.5]}},{"name":"mag","parent":"gunBody","pivot":[-0.5,4,-8],"cubes":[{"origin":[-1,0.5,-10.5],"size":[2,4,5],"uv":[0,7]}]},{"name":"pullBack","parent":"gunBody","pivot":[1.5,4.5,-7.5],"cubes":[{"origin":[1,4,-8],"size":[2,1,1],"uv":[13,3]}]},{"name":"trigger","parent":"gunBody","pivot":[-1,2.97999,-6.2179],"cubes":[{"origin":[-0.5,0.25,-3],"size":[1,1,2],"uv":[13,0]}]},{"name":"leftLeg","parent":"root","pivot":[1.9,12,0],"cubes":[{"origin":[-0.1,0,-2],"size":[4,12,4],"uv":[0,48]}]},{"name":"rightLeg","parent":"root","pivot":[-1.9,12,0],"cubes":[{"origin":[-3.9,0,-2],"size":[4,12,4],"uv":[0,48],"mirror":true}]}]}]}