{"format_version":"1.12.0","minecraft:geometry":[{"description":{"identifier":"geometry.awp","texture_width":64,"texture_height":64,"visible_bounds_width":4,"visible_bounds_height":3.5,"visible_bounds_offset":[0,1.25,0]},"bones":[{"name":"root","pivot":[0,0,0]},{"name":"waist","parent":"root","pivot":[0,12,0]},{"name":"body","parent":"waist","pivot":[0,24,0],"cubes":[{"origin":[-4,12,-2],"size":[8,12,4],"uv":[0,48]}]},{"name":"head","parent":"body","pivot":[0,24,0],"cubes":[{"origin":[-4,24,-4],"size":[8,8,8],"uv":[0,48]}]},{"name":"leftArm","parent":"body","pivot":[5,22,0],"cubes":[{"origin":[4,12,-2],"size":[4,12,4],"uv":[0,48]}]},{"name":"rightArm","parent":"body","pivot":[-5,22,0]},{"name":"rightArmExtra","parent":"rightArm","pivot":[-5,22,0],"cubes":[{"origin":[-8,12,-2],"size":[4,12,4],"uv":[40,16]}]},{"name":"gun","parent":"rightArm","pivot":[0,0,0]},{"name":"gunBody","parent":"gun","pivot":[0,0,0],"cubes":[{"origin":[-1.25,2.75,-34.5],"size":[2.5,2.5,2],"uv":[0,4]},{"origin":[-1,3,-36],"size":[2,2,27],"uv":[0,0]},{"origin":[-1,3,-9],"size":[2,2,5],"uv":[30,29]},{"origin":[-1,4,-4],"size":[2,1,2],"uv":[0,14]},{"origin":[-1.5,0.14341,-13.03223],"size":[3,1,3],"inflate":-0.01,"pivot":[0.40217,2.50436,-10.87659],"rotation":[-22.5,0,0],"uv":[34,36]},{"origin":[-1,-1,-5],"size":[2,1,4],"uv":[9,21]},{"origin":[-1.5,0,-11],"size":[3,1,7],"uv":[17,29]},{"origin":[-1.5,-7.21329,-3.28736],"size":[3,5,3],"inflate":-0.01,"pivot":[0.40217,2.50436,-10.87659],"rotation":[22.5,0,0],"uv":[14,0]},{"origin":[-1.5,-3,1],"size":[3,2,2],"uv":[39,19]},{"origin":[-1,4,5.5],"size":[2,1,5],"uv":[0,21]},{"origin":[-1.5,-3,8],"size":[3,7,4],"uv":[31,0]},{"origin":[-1.5,-1,5],"size":[3,5,3],"uv":[31,11]},{"origin":[-1.5,-3,3],"size":[3,7,2],"uv":[0,29]},{"origin":[-1.5,1,-5],"size":[3,3,8],"uv":[0,0]},{"origin":[-1.5,1,-9],"size":[1,2,4],"uv":[28,37]},{"origin":[0.5,1,-9],"size":[2,3,4],"uv":[31,19]},{"origin":[-1.5,1,-20],"size":[3,3,11],"uv":[0,29]},{"origin":[-1,4.5,-11],"size":[2,1,9],"inflate":0.02,"uv":[0,11]}],"locators":{"awp_muzzle":[-0.5,4,-37],"awp_case":[-1.5,4,-7]}},{"name":"trigger","parent":"gunBody","pivot":[0,0.75,-2.25],"cubes":[{"origin":[-0.5,0.25,-3.25],"size":[1,1,2],"uv":[0,17]}]},{"name":"mag","parent":"gunBody","pivot":[0.5,-1.5,-8],"cubes":[{"origin":[-1,-1.5,-10.5],"size":[2,4,5],"uv":[13,11]}]},{"name":"pullBack","parent":"gunBody","pivot":[0.5,4.25,-2.5],"cubes":[{"origin":[-1,4,-2.5],"size":[2,1,2],"inflate":0.01,"uv":[0,11]},{"origin":[-0.5,3.5,-5],"size":[1,1,3],"uv":[0,0]}]},{"name":"bolt","parent":"pullBack","pivot":[0.5,4,-2.5],"cubes":[{"origin":[-4,3.5,-3],"size":[4,1,1],"uv":[17,37]}]},{"name":"leftLeg","parent":"root","pivot":[1.9,12,0],"cubes":[{"origin":[-0.1,0,-2],"size":[4,12,4],"uv":[0,48]}]},{"name":"rightLeg","parent":"root","pivot":[-1.9,12,0],"cubes":[{"origin":[-3.9,0,-2],"size":[4,12,4],"uv":[0,48]}]}]}]}