{"format_version":"1.12.0","minecraft:geometry":[{"description":{"identifier":"geometry.desert_eagle","texture_width":64,"texture_height":64,"visible_bounds_width":2,"visible_bounds_height":3.5,"visible_bounds_offset":[0,1.25,0]},"bones":[{"name":"root","pivot":[0,0,0]},{"name":"waist","parent":"root","pivot":[0,12,0]},{"name":"body","parent":"waist","pivot":[0,24,0],"cubes":[{"origin":[-4,12,-2],"size":[8,12,4],"uv":[0,48]}]},{"name":"head","parent":"body","pivot":[0,24,0],"cubes":[{"origin":[-4,24,-4],"size":[8,8,8],"uv":[0,48]}]},{"name":"leftArm","parent":"body","pivot":[5,22,0],"cubes":[{"origin":[4,12,-2],"size":[4,12,4],"uv":[0,48]}]},{"name":"rightArm","parent":"body","pivot":[-5,22,0]},{"name":"rightArmExtra","parent":"rightArm","pivot":[-5,22,0],"cubes":[{"origin":[-8,12,-2],"size":[4,12,4],"uv":[0,48]}]},{"name":"gun","parent":"rightArm","pivot":[0,0,0]},{"name":"gunBody","parent":"gun","pivot":[0,0,0],"cubes":[{"origin":[-1,-4,0],"size":[2,6,3],"pivot":[0,-1.25,1.75],"rotation":[22.5,0,0],"uv":[0,0]},{"origin":[-1,1,-9],"size":[2,1,1],"uv":[21,9]},{"origin":[-1,1,-10.41],"size":[2,1,1.41],"inflate":-0.001,"pivot":[0,1,-9],"rotation":[-45,0,0],"uv":[15,9]},{"origin":[-0.75,0.75,-7.75],"size":[1.5,1,3],"uv":[6,23]},{"origin":[-0.5,-1,-4],"size":[1,1,4],"uv":[0,23]},{"origin":[-0.5,0,-4],"size":[1,1,1],"uv":[6,12]},{"origin":[-0.5,0.25,-2.5],"size":[1,1,2],"uv":[11,23]},{"origin":[-1,2,-10],"size":[2,2,7],"uv":[15,0]},{"origin":[-0.75,3.25,-9.75],"size":[1.5,1,4],"uv":[18,22]},{"origin":[-1.25,-3.5,0.5],"size":[2.5,5,2],"pivot":[0,-1.25,1.75],"rotation":[22.5,0,0],"uv":[0,12]},{"origin":[-1.25,-3.5,2.5],"size":[2.5,3,1],"pivot":[0,-1.25,1.75],"rotation":[22.5,0,0],"uv":[24,22]},{"origin":[-0.9,1,-8],"size":[1.8,1,10],"uv":[0,12]},{"origin":[0.99,2,-8],"size":[0,1,10],"uv":[12,3]},{"origin":[-0.99,2,-8],"size":[0,1,10],"uv":[12,2]},{"origin":[-0.5,2.5,-10.2],"size":[1,1,6],"uv":[20,15]},{"origin":[-0.5,2,2.5],"size":[1,1,1],"uv":[7,0]}],"locators":{"desert_eagle_muzzle":[0,3,-11],"desert_eagle_case":[0,3.5,-2]}},{"name":"slide","parent":"gunBody","pivot":[0,0,0],"cubes":[{"origin":[-1.2,2,-3],"size":[2.4,2,5],"inflate":0.001,"uv":[12,14]},{"origin":[-1.2,1,-8],"size":[2.4,1,11],"inflate":0.001,"uv":[0,0]},{"origin":[-1.2,2,2],"size":[2.4,2,1],"inflate":0.001,"uv":[0,19]},{"origin":[-1.2,1,3],"size":[2.4,1,1],"uv":[0,9]}]},{"name":"backSight","parent":"slide","pivot":[0,2,-1],"cubes":[{"origin":[1,4,1],"size":[0,1,1],"uv":[0,0]},{"origin":[-1,4,1],"size":[0,1,1],"uv":[0,0]}]},{"name":"ironSight","parent":"gunBody","pivot":[8,-6,-10],"cubes":[{"origin":[-0.5,4.25,-9.75],"size":[1,1,1],"uv":[6,9]}]},{"name":"mag","parent":"gunBody","pivot":[0,2,-1],"cubes":[{"origin":[-0.5,-4.5,0.5],"size":[1,5,2],"pivot":[0,-1.25,1.75],"rotation":[22.5,0,0],"uv":[15,0]}]},{"name":"leftLeg","parent":"root","pivot":[1.9,12,0],"cubes":[{"origin":[-0.1,0,-2],"size":[4,12,4],"uv":[0,48]}]},{"name":"rightLeg","parent":"root","pivot":[-1.9,12,0],"cubes":[{"origin":[-3.9,0,-2],"size":[4,12,4],"uv":[0,48]}]}]}]}