{"format_version":"1.12.0","minecraft:geometry":[{"description":{"identifier":"geometry.fnfal","texture_width":64,"texture_height":64,"visible_bounds_width":4,"visible_bounds_height":3.5,"visible_bounds_offset":[0,1.25,0]},"bones":[{"name":"root","pivot":[0,0,0]},{"name":"waist","parent":"root","pivot":[0,12,0]},{"name":"body","parent":"waist","pivot":[0,24,0],"cubes":[{"origin":[-4,12,-2],"size":[8,12,4],"uv":{"north":{"uv":[4,52],"uv_size":[8,12]},"east":{"uv":[0,52],"uv_size":[4,12]},"south":{"uv":[16,52],"uv_size":[8,12]},"west":{"uv":[12,52],"uv_size":[4,12]},"up":{"uv":[4,48],"uv_size":[8,4]},"down":{"uv":[12,52],"uv_size":[8,-4]}}}]},{"name":"head","parent":"body","pivot":[0,24,0],"cubes":[{"origin":[-4,24,-4],"size":[8,8,8],"uv":{"north":{"uv":[8,56],"uv_size":[8,8]},"east":{"uv":[0,56],"uv_size":[8,8]},"south":{"uv":[24,56],"uv_size":[8,8]},"west":{"uv":[16,56],"uv_size":[8,8]},"up":{"uv":[8,48],"uv_size":[8,8]},"down":{"uv":[16,56],"uv_size":[8,-8]}}}]},{"name":"leftArm","parent":"body","pivot":[5,22,0],"cubes":[{"origin":[4,12,-2],"size":[4,12,4],"uv":{"north":{"uv":[4,52],"uv_size":[4,12]},"east":{"uv":[0,52],"uv_size":[4,12]},"south":{"uv":[12,52],"uv_size":[4,12]},"west":{"uv":[8,52],"uv_size":[4,12]},"up":{"uv":[4,48],"uv_size":[4,4]},"down":{"uv":[8,52],"uv_size":[4,-4]}}}]},{"name":"rightArm","parent":"body","pivot":[-5,22,0]},{"name":"rightArmExtra","parent":"rightArm","pivot":[-5,22,0],"cubes":[{"origin":[-8,12,-2],"size":[4,12,4],"uv":{"north":{"uv":[4,52],"uv_size":[4,12]},"east":{"uv":[0,52],"uv_size":[4,12]},"south":{"uv":[12,52],"uv_size":[4,12]},"west":{"uv":[8,52],"uv_size":[4,12]},"up":{"uv":[4,48],"uv_size":[4,4]},"down":{"uv":[8,52],"uv_size":[4,-4]}}}]},{"name":"gun","parent":"rightArmExtra","pivot":[0,0,0]},{"name":"gunBody","parent":"gun","pivot":[0,0,0],"cubes":[{"origin":[-1.5,3.5,-23],"size":[3,2,12],"uv":[20,5]},{"origin":[-2,1,-23],"size":[4,3,12],"uv":[0,17]},{"origin":[-1,1.5,-30],"size":[2,2,7],"uv":[0,32]},{"origin":[-0.5,4.5,-24.25],"size":[1,2,1],"uv":[9,0]},{"origin":[-0.5,6.5,-24.25],"size":[0,1,1],"uv":[0,1]},{"origin":[0.5,6.5,-24.25],"size":[0,1,1],"uv":[0,0]},{"origin":[-0.5,4,-24.75],"size":[1,1,2],"uv":[24,7]},{"origin":[-1.5,1,-11],"size":[3,4,13],"uv":[0,0]},{"origin":[-1,4.5,-11],"size":[2,1,13],"inflate":-0.001,"uv":[19,19]},{"origin":[-1.5,1.5,2],"size":[3,3,5],"uv":[36,19]},{"origin":[-1.5,-0.5,7],"size":[3,5,4],"uv":[38,0]},{"origin":[-1.5,-0.5,7],"size":[3,4,2],"inflate":-0.001,"pivot":[-0.5,-0.5,7],"rotation":[52.5,0,0],"uv":[0,17]},{"origin":[-1.5,0,-10.5],"size":[3,1,6],"uv":[32,33]},{"origin":[-1.5,-1,-1.5],"size":[3,2,3],"inflate":0.01,"uv":[0,7]},{"origin":[-1.5,-7.29915,-3.68386],"size":[3,4,3],"pivot":[-0.44792,3.33993,-8.37123],"rotation":[22.5,0,0],"uv":[0,0]},{"origin":[-1,-1,-4.5],"size":[2,1,3],"uv":[19,0]}],"locators":{"fnfal_case":[1.5,2.5,-7.5],"fnfal_muzzle":[0,2.5,-31]}},{"name":"backSight","parent":"gunBody","pivot":[0,0,0],"cubes":[{"origin":[0.5,5.5,-0.5],"size":[1,1,2],"uv":[20,23]},{"origin":[-1.5,5.5,-0.5],"size":[1,1,2],"uv":[6,23]},{"origin":[-1.5,5,-0.5],"size":[3,1,2],"inflate":0.01,"uv":[19,4]}]},{"name":"mag","parent":"gunBody","pivot":[-0.5,0.5,-7.5],"cubes":[{"origin":[-1,-5.5,-10],"size":[2,6,5],"uv":[18,33]}]},{"name":"pullBack","parent":"gunBody","pivot":[1,2.5,-9],"cubes":[{"origin":[0,2,-9.5],"size":[3,1,1],"uv":[0,23]}]},{"name":"support","parent":"gunBody","pivot":[-2,5,-10.5],"rotation":[0,0,-20],"cubes":[{"origin":[-4.5,4,-11],"size":[3,1,1],"uv":[19,11]},{"origin":[-5,3.5,-10.2],"size":[2,2,5],"inflate":-0.2,"uv":[38,9]}]},{"name":"trigger","parent":"gunBody","pivot":[-0.5,1.25,-1.5],"cubes":[{"origin":[-0.5,0.25,-3.5],"size":[1,2,2],"uv":[20,19]}]},{"name":"leftLeg","parent":"root","pivot":[1.9,12,0],"cubes":[{"origin":[-0.1,0,-2],"size":[4,12,4],"uv":{"north":{"uv":[4,52],"uv_size":[4,12]},"east":{"uv":[0,52],"uv_size":[4,12]},"south":{"uv":[12,52],"uv_size":[4,12]},"west":{"uv":[8,52],"uv_size":[4,12]},"up":{"uv":[4,48],"uv_size":[4,4]},"down":{"uv":[8,52],"uv_size":[4,-4]}}}]},{"name":"rightLeg","parent":"root","pivot":[-1.9,12,0],"cubes":[{"origin":[-3.9,0,-2],"size":[4,12,4],"uv":{"north":{"uv":[4,52],"uv_size":[4,12]},"east":{"uv":[0,52],"uv_size":[4,12]},"south":{"uv":[12,52],"uv_size":[4,12]},"west":{"uv":[8,52],"uv_size":[4,12]},"up":{"uv":[4,48],"uv_size":[4,4]},"down":{"uv":[8,52],"uv_size":[4,-4]}}}]}]}]}