{"format_version":"1.12.0","minecraft:geometry":[{"description":{"identifier":"geometry.m1garand","texture_width":64,"texture_height":64,"visible_bounds_width":3,"visible_bounds_height":3.5,"visible_bounds_offset":[0,1.25,0]},"bones":[{"name":"root","pivot":[0,0,0]},{"name":"waist","parent":"root","pivot":[0,12,0]},{"name":"body","parent":"waist","pivot":[0,24,0],"cubes":[{"origin":[-4,12,-2],"size":[8,12,4],"uv":[0,48]}]},{"name":"head","parent":"body","pivot":[0,24,0],"cubes":[{"origin":[-4,24,-4],"size":[8,8,8],"uv":[0,48]}]},{"name":"leftArm","parent":"body","pivot":[5,22,0],"cubes":[{"origin":[4,12,-2],"size":[4,12,4],"uv":[0,48]}]},{"name":"rightArm","parent":"body","pivot":[-5,22,0]},{"name":"gun","parent":"rightArm","pivot":[0,0,0]},{"name":"gunBody","parent":"gun","pivot":[0,0,0],"cubes":[{"origin":[-2,0,-21],"size":[3,4,21],"inflate":0.001,"uv":[0,0]},{"origin":[-1.5,4,-3],"size":[2,1,3],"uv":[12,25]},{"origin":[-2,9.79014,-5.82541],"size":[3,1,1],"inflate":0.1,"pivot":[-0.6087,2.42384,-9.54846],"rotation":[-45,0,0],"uv":[13,3]},{"origin":[-3,3,-3],"size":[1,1,1],"uv":[17,5]},{"origin":[-3,3,-6],"size":[1,1,1],"uv":[0,14]},{"origin":[-2,-0.24162,0.26254],"size":[3,3,7],"uv":[0,0]},{"origin":[-2,-3.24162,7.26254],"size":[3,6,3],"uv":[27,7]},{"origin":[-2,-2.20774,2.06493],"size":[3,3,6],"pivot":[-0.5,-0.70774,5.06493],"rotation":[-22.5,0,0],"uv":[0,25]},{"origin":[-1.5,-1.99162,-4.98746],"size":[2,1,2],"uv":[13,0]},{"origin":[-1.5,-0.99162,-5.98746],"size":[2,1,1],"uv":[0,12]},{"origin":[-1.5,-0.99162,-2.98746],"size":[2,1,1],"uv":[0,10]},{"origin":[-2,-1.53553,-2.29289],"size":[3,4,6],"pivot":[-0.5,0.46447,0.70711],"rotation":[-45,0,0],"uv":[0,10]},{"origin":[-1.5,1.75,-27],"size":[2,2,6],"uv":[18,25]},{"origin":[-1,0.25,-26.5],"size":[1,1,6],"uv":[27,0]},{"origin":[-1,1.25,-26],"size":[1,1,1],"uv":[13,5]},{"origin":[-1,3.75,-26.5],"size":[1,2,1],"uv":[17,10]}],"locators":{"m1garand_case":[-0.5,5,-4],"m1garand_muzzle":[0,2.7,-27.5]}},{"name":"mag","parent":"gunBody","pivot":[-0.5,2.3,-3.5],"cubes":[{"origin":[-1.5,0.8,-4],"size":[2,3,1],"inflate":0.1,"uv":[0,0]}]},{"name":"magBulletsTrail","parent":"mag","pivot":[-0.5,2.25,-4.5],"cubes":[{"origin":[-1,0.75,-6],"size":[1,3,3],"uv":[12,10]}]},{"name":"trigger","parent":"gunBody","pivot":[-0.6087,2.42384,-9.54846],"cubes":[{"origin":[-1,-0.74162,-4.48746],"size":[1,1,2],"uv":[0,4]}]},{"name":"rightArmExtra","parent":"rightArm","pivot":[-5,22,0],"cubes":[{"origin":[-8,12,-2],"size":[4,12,4],"uv":[0,48]}]},{"name":"leftLeg","parent":"root","pivot":[1.9,12,0],"cubes":[{"origin":[-0.1,0,-2],"size":[4,12,4],"uv":[0,48]}]},{"name":"rightLeg","parent":"root","pivot":[-1.9,12,0],"cubes":[{"origin":[-3.9,0,-2],"size":[4,12,4],"uv":[0,48]}]}]}]}