{"format_version":"1.12.0","minecraft:geometry":[{"description":{"identifier":"geometry.m4a1","texture_width":64,"texture_height":64,"visible_bounds_width":4,"visible_bounds_height":4,"visible_bounds_offset":[0,1,0]},"bones":[{"name":"root","pivot":[0,0,0]},{"name":"waist","parent":"root","pivot":[0,12,0]},{"name":"body","parent":"waist","pivot":[0,24,0],"cubes":[{"origin":[-4,12,-2],"size":[8,12,4],"uv":[0,48]}]},{"name":"head","parent":"body","pivot":[0,24,0],"cubes":[{"origin":[-4,24,-4],"size":[8,8,8],"uv":[0,48]}]},{"name":"leftArm","parent":"body","pivot":[5,22,0],"cubes":[{"origin":[4,12,-2],"size":[4,12,4],"uv":[0,48]}]},{"name":"rightArm","parent":"body","pivot":[-5,22,0]},{"name":"rightArmExtra","parent":"rightArm","pivot":[-5,22,0],"cubes":[{"origin":[-8,12,-2],"size":[4,12,4],"uv":[40,16]}]},{"name":"gun","parent":"rightArm","pivot":[0,0,0]},{"name":"gunBody","parent":"gun","pivot":[0,0,0],"cubes":[{"origin":[-1.5,-2.5,10],"size":[3,7,3],"uv":[0,0]},{"origin":[-1,5.81452,-5.37002],"size":[2,3,5],"inflate":0.001,"pivot":[-0.16061,-7.94624,-5.01442],"rotation":[-45,0,0],"uv":[26,34]},{"origin":[-1,-1.5,8],"size":[2,3,3],"uv":[0,16]},{"origin":[-1.5,1.5,4],"size":[3,3,6],"uv":[33,0]},{"origin":[-1,2,1],"size":[2,2,3],"uv":[18,17]},{"origin":[-0.5,-10.03472,-27.24007],"size":[1,1,4],"pivot":[-0.16061,-7.94624,-5.01442],"rotation":[-45,0,0],"uv":[18,5]},{"origin":[-0.5,3,-22.5],"size":[1,1,4],"uv":[18,0]},{"origin":[-0.5,4,-22.5],"size":[1,3.5,1],"uv":[18,0]},{"origin":[-1,1.5,-27],"size":[2,2,8],"uv":[32,12]},{"origin":[-0.47911,2.5,1.63086],"size":[2,2,1],"pivot":[-0.16061,-7.94624,-5.01442],"rotation":[0,-22.5,0],"uv":[33,0]},{"origin":[0.02089,3,-1.36914],"size":[1,1,3],"pivot":[-0.16061,-7.94624,-5.01442],"rotation":[0,-22.5,0],"uv":[30,12]},{"origin":[-1,4.5,-8.5],"size":[2,1,11],"uv":[0,29]},{"origin":[-1.5,-8.37366,0.89069],"size":[3,5.5,3],"pivot":[-0.16061,-7.94624,-5.01442],"rotation":[22.5,0,0],"uv":[37,39]},{"origin":[-1.5,-1,-1.5],"size":[3,2,3],"inflate":0.001,"uv":[15,34]},{"origin":[-1.5,-1,-9],"size":[3,2,5],"uv":[32,22]},{"origin":[-1,0.5,-19],"size":[2,5,10],"uv":[18,19]},{"origin":[-2,1.5,-19],"size":[4,3,10],"uv":[0,16]},{"origin":[-1.5,1,-9],"size":[3,4,12],"uv":[0,0]},{"origin":[-1,-1,-4],"size":[2,1,2.5],"uv":[0,33]}],"locators":{"m4a1_muzzle":[0,2.5,-27.5],"m4a1_case":[-2,2.5,-6]}},{"name":"carryHandle","parent":"gunBody","pivot":[0,5,1],"cubes":[{"origin":[-1.25,5,0.5],"size":[2.5,2,2],"inflate":-0.001,"uv":[0,22]},{"origin":[-1.25,5,-8.5],"size":[2.5,1.5,2],"inflate":-0.001,"uv":[32,17]},{"origin":[-1.25,6.5,-8.5],"size":[2.5,1,11],"pivot":[0,7.5,2.5],"rotation":[5.1,0,0],"uv":[18,0]},{"origin":[-1.25,7.5,-8.5],"size":[0,1,11],"pivot":[0,7.5,2.5],"rotation":[5.1,0,0],"uv":[18,5]},{"origin":[1.25,7.5,-8.5],"size":[0,1,11],"pivot":[0,7.5,2.5],"rotation":[5.1,0,0],"uv":[18,5]}]},{"name":"pullBack","parent":"gunBody","pivot":[0,-8,-6],"cubes":[{"origin":[-2,4.5,2.5],"size":[4,1,1],"uv":[0,10]},{"origin":[-0.5,4.25,-0.5],"size":[1,1,3],"uv":[0,29]}]},{"name":"mag","parent":"gunBody","pivot":[0,-1,-6],"cubes":[{"origin":[-1,-3,-8.5],"size":[2,3,4],"inflate":0.001,"uv":[0,41]},{"origin":[-1,-8.17965,-10.432],"size":[2,5,4],"pivot":[-0.16061,-7.94624,-5.01442],"rotation":[-22.5,0,0],"uv":[38,30]}]},{"name":"trigger","parent":"gunBody","pivot":[0,1,-2],"cubes":[{"origin":[-0.5,0.25,-3],"size":[1,1,2.5],"uv":[5,29]}]},{"name":"leftLeg","parent":"root","pivot":[1.9,12,0],"cubes":[{"origin":[-0.1,0,-2],"size":[4,12,4],"uv":[0,48]}]},{"name":"rightLeg","parent":"root","pivot":[-1.9,12,0],"cubes":[{"origin":[-3.9,0,-2],"size":[4,12,4],"uv":[0,48]}]}]}]}