{"format_version":"1.12.0","minecraft:geometry":[{"description":{"identifier":"geometry.mossberg","texture_width":64,"texture_height":64,"visible_bounds_width":4,"visible_bounds_height":3.5,"visible_bounds_offset":[0,1.25,0]},"bones":[{"name":"root","pivot":[0,0,0]},{"name":"waist","parent":"root","pivot":[0,12,0]},{"name":"body","parent":"waist","pivot":[0,24,0],"cubes":[{"origin":[-4,12,-2],"size":[8,12,4],"uv":[0,48]}]},{"name":"head","parent":"body","pivot":[0,24,0],"cubes":[{"origin":[-4,24,-4],"size":[8,8,8],"uv":[0,48]}]},{"name":"leftArm","parent":"body","pivot":[5,22,0],"cubes":[{"origin":[4,12,-2],"size":[4,12,4],"uv":[0,48]}]},{"name":"rightArm","parent":"body","pivot":[-5,22,0]},{"name":"rightArmExtra","parent":"rightArm","pivot":[-5,22,0],"cubes":[{"origin":[-8,12,-2],"size":[4,12,4],"uv":[40,16]}]},{"name":"gun","parent":"rightArm","pivot":[0,0,0]},{"name":"gunBody","parent":"gun","pivot":[0,0,0],"cubes":[{"origin":[-1.5,0,-10],"size":[3,4,9],"inflate":0.01,"uv":[33,40]},{"origin":[-1,-2,-5.5],"size":[2,1,4],"uv":[8,14]},{"origin":[-1,-1,-5.5],"size":[2,1,1],"uv":[13,8]},{"origin":[-1,-1,-2.5],"size":[2,1,1],"uv":[12,11]},{"origin":[-1,2,-31],"size":[2,2,21],"inflate":0.01,"uv":[0,0]},{"origin":[-0.5,3.5,-30],"size":[1,1,20],"uv":[0,23]},{"origin":[-0.5,4,-31],"size":[1,1,1],"uv":[0,0]},{"origin":[-0.5,4.5,-31],"size":[0,1,1],"uv":[2,2]},{"origin":[0.5,4.5,-31],"size":[0,1,1],"uv":[2,1]},{"origin":[-0.5,4.5,-31],"size":[0,1,1],"uv":[0,2]},{"origin":[0.5,4.5,-31],"size":[0,1,1],"uv":[0,1]},{"origin":[-1,1,-25],"size":[2,2,15],"uv":[22,23]},{"origin":[-1.5,-11.63911,-5.74447],"size":[3,7,3],"pivot":[-0.51471,1.78621,-12.30056],"rotation":[45,0,0],"uv":[0,8]},{"origin":[-1.5,4.09705,3.09184],"size":[3,3,4],"inflate":0.01,"pivot":[-0.51471,1.78621,-12.30056],"rotation":[-22.5,0,0],"uv":[0,23]},{"origin":[-1.5,-3.5,6.5],"size":[3,3,5],"inflate":0.01,"uv":[0,0]},{"origin":[-1.5,-0.5,0.5],"size":[3,3,11],"inflate":0.01,"uv":[25,0]}],"locators":{"mossberg_muzzle":[0,3,-32],"mossberg_case":[-2,2.5,-4.5]}},{"name":"pump","parent":"gunBody","pivot":[-0.5,0,-13],"cubes":[{"origin":[-1.5,-0.5,-21],"size":[3,2,8],"uv":[41,15]}]},{"name":"shell","parent":"gunBody","pivot":[-0.5,1.5,-7.75],"cubes":[{"origin":[-0.5,1,-9.25],"size":[1,1,3],"uv":[11,0]}]},{"name":"trigger","parent":"gunBody","pivot":[-0.51471,0,-2.30056],"cubes":[{"origin":[-0.5,-0.75,-4.25],"size":[1,1,2],"uv":[9,8]}]},{"name":"leftLeg","parent":"root","pivot":[1.9,12,0],"cubes":[{"origin":[-0.1,0,-2],"size":[4,12,4],"uv":[0,48]}]},{"name":"rightLeg","parent":"root","pivot":[-1.9,12,0],"cubes":[{"origin":[-3.9,0,-2],"size":[4,12,4],"uv":[0,48]}]}]}]}