{"format_version":"1.12.0","minecraft:geometry":[{"description":{"identifier":"geometry.mp5a5","texture_width":64,"texture_height":64,"visible_bounds_width":3,"visible_bounds_height":4,"visible_bounds_offset":[0,1,0]},"bones":[{"name":"root","pivot":[0,0,0]},{"name":"waist","parent":"root","pivot":[0,12,0]},{"name":"body","parent":"waist","pivot":[0,24,0],"cubes":[{"origin":[-4,12,-2],"size":[8,12,4],"uv":[0,48]}]},{"name":"head","parent":"body","pivot":[0,24,0],"cubes":[{"origin":[-4,24,-4],"size":[8,8,8],"uv":[0,48]}]},{"name":"leftArm","parent":"body","pivot":[5,22,0],"cubes":[{"origin":[4,12,-2],"size":[4,12,4],"uv":[0,48]}]},{"name":"rightArm","parent":"body","pivot":[-5,22,0]},{"name":"rightArmExtra","parent":"rightArm","pivot":[-5,22,0],"cubes":[{"origin":[-8,12,-2],"size":[4,12,4],"uv":[0,48]}]},{"name":"gun","parent":"rightArm","pivot":[0,0,0]},{"name":"gunBody","parent":"gun","pivot":[0,0,0],"cubes":[{"origin":[-1.5,1,-16],"size":[3,4,8],"uv":[21,0]},{"origin":[-2,0.5,-15.5],"size":[4,3,7],"uv":[16,18]},{"origin":[-1.5,0,-8],"size":[3,5,10],"inflate":0.01,"uv":[0,18]},{"origin":[-1,4.5,-15.5],"size":[2,1,17],"uv":[0,0]},{"origin":[-1,-2,-4],"size":[2,1,4],"uv":[21,12]},{"origin":[-1,-1,-4],"size":[2,1,1],"uv":[9,12]},{"origin":[-1.5,-7.42214,-2.68513],"size":[3,6,3],"pivot":[-0.41667,3.16005,-5.54918],"rotation":[22.5,0,0],"uv":[26,28]},{"origin":[-1.5,2,2],"size":[3,2,2],"uv":[29,12]},{"origin":[-1.5,-2.87698,0.08993],"size":[3,2,1],"pivot":[-0.41667,3.16005,-5.54918],"rotation":[45,0,0],"uv":[9,0]},{"origin":[-1,1.5,-20],"size":[2,2,4],"uv":[31,18]},{"origin":[-0.5,4,-17],"size":[1,2,1],"uv":[0,9]},{"origin":[0.5,6,-17],"size":[0,1,1],"uv":[3,8]},{"origin":[-0.5,6,-17],"size":[0,1,1],"uv":[0,1]},{"origin":[0,5.5,-17],"size":[0,1,1],"pivot":[-0.5,6,-16.5],"rotation":[0,10,0],"uv":[0,0]},{"origin":[-0.5,7,-17],"size":[1,0,1],"uv":[0,0]},{"origin":[-0.5,4,-18],"size":[1,1,1],"uv":[12,3]}],"locators":{"mp5a5_muzzle":[0.5,2.5,-20.5],"mp5a5_case":[-2.5,4,-11]}},{"name":"iron","parent":"gunBody","pivot":[-0.41667,3.16005,-5.54918],"cubes":[{"origin":[-1.5,5,-1],"size":[1,1,2],"uv":[16,18]},{"origin":[0.5,5,-1],"size":[1,1,2],"uv":[9,9]},{"origin":[-0.75,2.43084,0.31768],"size":[1.5,1.5,1],"pivot":[-0.41667,3.16005,-5.54918],"rotation":[22.5,0,0],"uv":[12,5]}]},{"name":"stock","parent":"gunBody","pivot":[-0.5,3,4],"cubes":[{"origin":[-1,2.25,2.75],"size":[2,2,5],"uv":[0,9]},{"origin":[-1.5,-1.25,7.75],"size":[3,6,3],"uv":[0,0]}]},{"name":"pullBack","parent":"gunBody","pivot":[1,4,-12.5],"cubes":[{"origin":[1.5,3.5,-13],"size":[1,1,1],"uv":[0,12]}]},{"name":"mag","parent":"gunBody","pivot":[-0.5,0.9012,-6],"cubes":[{"origin":[-1,-3,-7.5],"size":[2,4,3],"inflate":0.001,"uv":[0,33]},{"origin":[-1,-8.23567,-7.69134],"size":[2,6,3],"pivot":[-0.5,-3.09881,-6.51693],"rotation":[-22.5,0,0],"uv":[0,18]}]},{"name":"trigger","parent":"gunBody","pivot":[-0.5,-0.25,-1],"cubes":[{"origin":[-1,-0.75,-2.5],"size":[2,1,3],"uv":[10,33]}]},{"name":"leftLeg","parent":"root","pivot":[1.9,12,0],"cubes":[{"origin":[-0.1,0,-2],"size":[4,12,4],"uv":[0,48]}]},{"name":"rightLeg","parent":"root","pivot":[-1.9,12,0],"cubes":[{"origin":[-3.9,0,-2],"size":[4,12,4],"uv":[0,48]}]}]}]}