{"format_version":"1.13.0","minecraft:feature_rules":{"description":{"identifier":"minecraft:overworld_surface_flowers_feature","places_feature":"minecraft:taiga_tall_grass_feature"},"conditions":{"placement_pass":"surface_pass","minecraft:biome_filter":[{"test":"has_biome_tag","operator":"==","value":"overworld"}]},"distribution":{"iterations":50,"x":{"distribution":"uniform","extent":[0,8]},"y":{"distribution":"uniform","extent":[0,"q.heightmap(v.worldx, v.worldz)"]},"z":{"distribution":"uniform","extent":[0,8]}}}}