{"format_version":"1.13.0","minecraft:feature_rules":{"description":{"identifier":"minecraft:taiga_first_double_plant_fern_feature","places_feature":"minecraft:fern_double_plant_patch_feature"},"conditions":{"placement_pass":"first_pass","minecraft:biome_filter":[{"test":"has_biome_tag","operator":"==","value":"overworld"}]},"distribution":{"iterations":50,"x":{"distribution":"uniform","extent":[0,8]},"y":{"distribution":"uniform","extent":[0,"q.heightmap(v.worldx, v.worldz)"]},"z":{"distribution":"uniform","extent":[0,8]}}}}