{"format_version":"1.20.40","animation_controllers":{"controller.animation.player.nv_goggles":{"initial_state":"inactive","states":{"inactive":{"transitions":[{"execute":"q.is_item_name_any('slot.armor.head', 0, 'gabrielaplok:nv_goggles') && q.health"}]},"execute":{"on_entry":["/title @s title hud.open_ads","/effect @s night_vision 999999999 8 true","/camerashake add @s 0.1 0.2 rotational","/playsound wearable.nv_goggles.toggle @a[r=10] ~~~ 1 1 0.01"],"on_exit":["/title @s title hud.close_ads","/effect @s night_vision 0 0","/camerashake add @s 0.2 0.2 rotational","/playsound wearable.nv_goggles.toggleoff @a[r=10] ~~~ 1 1 0.01"],"transitions":[{"inactive":"!q.is_item_name_any('slot.armor.head', 0, 'gabrielaplok:nv_goggles') || !q.health"}]}}}}}