{"format_version":"1.20.30","minecraft:item":{"description":{"identifier":"gabrielaplok:awp_mag","menu_category":{"category":"equipment","group":"Magazines"}},"components":{"minecraft:cooldown":{"category":"awp_mag","duration":0.2},"minecraft:display_name":{"value":"item.awp_mag.name"},"minecraft:durability":{"max_durability":10},"minecraft:icon":{"texture":"awp_mag"},"minecraft:on_use":{"on_use":{"condition":"q.remaining_durability <= 9","event":"gabrielaplok:reload"}},"minecraft:max_stack_size":32,"tag:is_mag":{}},"events":{"gabrielaplok:reload":{"sequence":[{"sequence":[{"condition":"q.remaining_durability == 9","run_command":{"command":["replaceitem entity @s[hasitem={item=gabrielaplok:bullet_762x51}] slot.weapon.mainhand 0 gabrielaplok:awp_mag 1 0"],"target":"holder"}},{"condition":"q.remaining_durability == 8","run_command":{"command":["replaceitem entity @s[hasitem={item=gabrielaplok:bullet_762x51}] slot.weapon.mainhand 0 gabrielaplok:awp_mag 1 1"],"target":"holder"}},{"condition":"q.remaining_durability == 7","run_command":{"command":["replaceitem entity @s[hasitem={item=gabrielaplok:bullet_762x51}] slot.weapon.mainhand 0 gabrielaplok:awp_mag 1 2"],"target":"holder"}},{"condition":"q.remaining_durability == 6","run_command":{"command":["replaceitem entity @s[hasitem={item=gabrielaplok:bullet_762x51}] slot.weapon.mainhand 0 gabrielaplok:awp_mag 1 3"],"target":"holder"}},{"condition":"q.remaining_durability == 5","run_command":{"command":["replaceitem entity @s[hasitem={item=gabrielaplok:bullet_762x51}] slot.weapon.mainhand 0 gabrielaplok:awp_mag 1 4"],"target":"holder"}},{"condition":"q.remaining_durability == 4","run_command":{"command":["replaceitem entity @s[hasitem={item=gabrielaplok:bullet_762x51}] slot.weapon.mainhand 0 gabrielaplok:awp_mag 1 5"],"target":"holder"}},{"condition":"q.remaining_durability == 3","run_command":{"command":["replaceitem entity @s[hasitem={item=gabrielaplok:bullet_762x51}] slot.weapon.mainhand 0 gabrielaplok:awp_mag 1 6"],"target":"holder"}},{"condition":"q.remaining_durability == 2","run_command":{"command":["replaceitem entity @s[hasitem={item=gabrielaplok:bullet_762x51}] slot.weapon.mainhand 0 gabrielaplok:awp_mag 1 7"],"target":"holder"}},{"condition":"q.remaining_durability == 1","run_command":{"command":["replaceitem entity @s[hasitem={item=gabrielaplok:bullet_762x51}] slot.weapon.mainhand 0 gabrielaplok:awp_mag 1 8"],"target":"holder"}},{"condition":"q.remaining_durability == 0","run_command":{"command":["replaceitem entity @s[hasitem={item=gabrielaplok:bullet_762x51}] slot.weapon.mainhand 0 gabrielaplok:awp_mag 1 9"],"target":"holder"}}]},{"run_command":{"command":["execute as @s[hasitem={item=gabrielaplok:bullet_762x51}] run playsound bullet.reload.in @a[r=20] ~~~ 1 1 0.01","clear @s gabrielaplok:bullet_762x51 0 1"],"target":"holder"}}]}}}}