{"format_version":"1.20.30","minecraft:item":{"description":{"identifier":"gabrielaplok:m4a1_mag","menu_category":{"category":"equipment","group":"Magazines"}},"components":{"minecraft:cooldown":{"category":"m4a1_mag","duration":0.2},"minecraft:display_name":{"value":"item.m4a1_mag.name"},"minecraft:durability":{"max_durability":30},"minecraft:icon":{"texture":"m4a1_mag"},"minecraft:on_use":{"on_use":{"condition":"q.remaining_durability <= 29","event":"gabrielaplok:reload"}},"minecraft:max_stack_size":32,"tag:is_mag":{}},"events":{"gabrielaplok:reload":{"sequence":[{"sequence":[{"condition":"q.remaining_durability == 29","run_command":{"command":["replaceitem entity @s[hasitem={item=gabrielaplok:bullet_556x45}] slot.weapon.mainhand 0 gabrielaplok:m4a1_mag 1 0"],"target":"holder"}},{"condition":"q.remaining_durability == 28","run_command":{"command":["replaceitem entity @s[hasitem={item=gabrielaplok:bullet_556x45}] slot.weapon.mainhand 0 gabrielaplok:m4a1_mag 1 1"],"target":"holder"}},{"condition":"q.remaining_durability == 27","run_command":{"command":["replaceitem entity @s[hasitem={item=gabrielaplok:bullet_556x45}] slot.weapon.mainhand 0 gabrielaplok:m4a1_mag 1 2"],"target":"holder"}},{"condition":"q.remaining_durability == 26","run_command":{"command":["replaceitem entity @s[hasitem={item=gabrielaplok:bullet_556x45}] slot.weapon.mainhand 0 gabrielaplok:m4a1_mag 1 3"],"target":"holder"}},{"condition":"q.remaining_durability == 25","run_command":{"command":["replaceitem entity @s[hasitem={item=gabrielaplok:bullet_556x45}] slot.weapon.mainhand 0 gabrielaplok:m4a1_mag 1 4"],"target":"holder"}},{"condition":"q.remaining_durability == 24","run_command":{"command":["replaceitem entity @s[hasitem={item=gabrielaplok:bullet_556x45}] slot.weapon.mainhand 0 gabrielaplok:m4a1_mag 1 5"],"target":"holder"}},{"condition":"q.remaining_durability == 23","run_command":{"command":["replaceitem entity @s[hasitem={item=gabrielaplok:bullet_556x45}] slot.weapon.mainhand 0 gabrielaplok:m4a1_mag 1 6"],"target":"holder"}},{"condition":"q.remaining_durability == 22","run_command":{"command":["replaceitem entity @s[hasitem={item=gabrielaplok:bullet_556x45}] slot.weapon.mainhand 0 gabrielaplok:m4a1_mag 1 7"],"target":"holder"}},{"condition":"q.remaining_durability == 21","run_command":{"command":["replaceitem entity @s[hasitem={item=gabrielaplok:bullet_556x45}] slot.weapon.mainhand 0 gabrielaplok:m4a1_mag 1 8"],"target":"holder"}},{"condition":"q.remaining_durability == 20","run_command":{"command":["replaceitem entity @s[hasitem={item=gabrielaplok:bullet_556x45}] slot.weapon.mainhand 0 gabrielaplok:m4a1_mag 1 9"],"target":"holder"}},{"condition":"q.remaining_durability == 19","run_command":{"command":["replaceitem entity @s[hasitem={item=gabrielaplok:bullet_556x45}] slot.weapon.mainhand 0 gabrielaplok:m4a1_mag 1 10"],"target":"holder"}},{"condition":"q.remaining_durability == 18","run_command":{"command":["replaceitem entity @s[hasitem={item=gabrielaplok:bullet_556x45}] slot.weapon.mainhand 0 gabrielaplok:m4a1_mag 1 11"],"target":"holder"}},{"condition":"q.remaining_durability == 17","run_command":{"command":["replaceitem entity @s[hasitem={item=gabrielaplok:bullet_556x45}] slot.weapon.mainhand 0 gabrielaplok:m4a1_mag 1 12"],"target":"holder"}},{"condition":"q.remaining_durability == 16","run_command":{"command":["replaceitem entity @s[hasitem={item=gabrielaplok:bullet_556x45}] slot.weapon.mainhand 0 gabrielaplok:m4a1_mag 1 13"],"target":"holder"}},{"condition":"q.remaining_durability == 15","run_command":{"command":["replaceitem entity @s[hasitem={item=gabrielaplok:bullet_556x45}] slot.weapon.mainhand 0 gabrielaplok:m4a1_mag 1 14"],"target":"holder"}},{"condition":"q.remaining_durability == 14","run_command":{"command":["replaceitem entity @s[hasitem={item=gabrielaplok:bullet_556x45}] slot.weapon.mainhand 0 gabrielaplok:m4a1_mag 1 15"],"target":"holder"}},{"condition":"q.remaining_durability == 13","run_command":{"command":["replaceitem entity @s[hasitem={item=gabrielaplok:bullet_556x45}] slot.weapon.mainhand 0 gabrielaplok:m4a1_mag 1 16"],"target":"holder"}},{"condition":"q.remaining_durability == 12","run_command":{"command":["replaceitem entity @s[hasitem={item=gabrielaplok:bullet_556x45}] slot.weapon.mainhand 0 gabrielaplok:m4a1_mag 1 17"],"target":"holder"}},{"condition":"q.remaining_durability == 11","run_command":{"command":["replaceitem entity @s[hasitem={item=gabrielaplok:bullet_556x45}] slot.weapon.mainhand 0 gabrielaplok:m4a1_mag 1 18"],"target":"holder"}},{"condition":"q.remaining_durability == 10","run_command":{"command":["replaceitem entity @s[hasitem={item=gabrielaplok:bullet_556x45}] slot.weapon.mainhand 0 gabrielaplok:m4a1_mag 1 19"],"target":"holder"}},{"condition":"q.remaining_durability == 9","run_command":{"command":["replaceitem entity @s[hasitem={item=gabrielaplok:bullet_556x45}] slot.weapon.mainhand 0 gabrielaplok:m4a1_mag 1 20"],"target":"holder"}},{"condition":"q.remaining_durability == 8","run_command":{"command":["replaceitem entity @s[hasitem={item=gabrielaplok:bullet_556x45}] slot.weapon.mainhand 0 gabrielaplok:m4a1_mag 1 21"],"target":"holder"}},{"condition":"q.remaining_durability == 7","run_command":{"command":["replaceitem entity @s[hasitem={item=gabrielaplok:bullet_556x45}] slot.weapon.mainhand 0 gabrielaplok:m4a1_mag 1 22"],"target":"holder"}},{"condition":"q.remaining_durability == 6","run_command":{"command":["replaceitem entity @s[hasitem={item=gabrielaplok:bullet_556x45}] slot.weapon.mainhand 0 gabrielaplok:m4a1_mag 1 23"],"target":"holder"}},{"condition":"q.remaining_durability == 5","run_command":{"command":["replaceitem entity @s[hasitem={item=gabrielaplok:bullet_556x45}] slot.weapon.mainhand 0 gabrielaplok:m4a1_mag 1 24"],"target":"holder"}},{"condition":"q.remaining_durability == 4","run_command":{"command":["replaceitem entity @s[hasitem={item=gabrielaplok:bullet_556x45}] slot.weapon.mainhand 0 gabrielaplok:m4a1_mag 1 25"],"target":"holder"}},{"condition":"q.remaining_durability == 3","run_command":{"command":["replaceitem entity @s[hasitem={item=gabrielaplok:bullet_556x45}] slot.weapon.mainhand 0 gabrielaplok:m4a1_mag 1 26"],"target":"holder"}},{"condition":"q.remaining_durability == 2","run_command":{"command":["replaceitem entity @s[hasitem={item=gabrielaplok:bullet_556x45}] slot.weapon.mainhand 0 gabrielaplok:m4a1_mag 1 27"],"target":"holder"}},{"condition":"q.remaining_durability == 1","run_command":{"command":["replaceitem entity @s[hasitem={item=gabrielaplok:bullet_556x45}] slot.weapon.mainhand 0 gabrielaplok:m4a1_mag 1 28"],"target":"holder"}},{"condition":"q.remaining_durability == 0","run_command":{"command":["replaceitem entity @s[hasitem={item=gabrielaplok:bullet_556x45}] slot.weapon.mainhand 0 gabrielaplok:m4a1_mag 1 29"],"target":"holder"}}]},{"run_command":{"command":["execute as @s[hasitem={item=gabrielaplok:bullet_556x45}] run playsound bullet.reload.in @a[r=20] ~~~ 1 1 0.01","clear @s gabrielaplok:bullet_556x45 0 1"],"target":"holder"}}]}}}}