{
  "format_version": "1.16.100",
  "minecraft:entity": {
    "description": {
      "identifier": "ussr:niva",
      "is_spawnable": true,
      "is_summonable": true,
      "is_experimental": false,
      "properties": {
        "niva:door": {
          "type": "int",
          "range": [
            0,
            1
          ],
          "default": 0,
          "client_sync": true
        },
        "niva:bag": {
          "type": "int",
          "range": [
            0,
            1
          ],
          "default": 0,
          "client_sync": true
        },
        "niva:kap": {
          "type": "int",
          "range": [
            0,
            1
          ],
          "default": 0,
          "client_sync": true
        }
      },
      "scripts": {
        "animate": [
          "caminado",
          "door"
        ]
      },
      "animations": {
        "caminado": "controller.animation.caminado",
        "door": "controller.animation.niva.door"
      }
    },
    "component_groups": {
      "mdz:start": {
        "minecraft:movement": {
          "value": 0.31,
          "max": 0.23
        },
        "minecraft:input_ground_controlled": {}
      },
      "mdz:end": {
        "minecraft:movement": {
          "value": 0.31,
          "max": 0.23
        }
      },
      "mdz:use_speed_1niva": {
        "minecraft:movement": {
          "value": 0.31,
          "max": 0.23
        }
      },
      "mdz:use_speed_2niva": {
        "minecraft:movement": {
          "value": 0.31,
          "max": 0.23
        }
      },
      "mdz:use_speed_3niva": {
        "minecraft:movement": {
          "value": 0.31,
          "max": 0.23
        }
      },
      "mdz:use_speed_4niva": {
        "minecraft:movement": {
          "value": 0.31,
          "max": 0.23
        }
      },
      "mdz:use_speed_5niva": {
        "minecraft:movement": {
          "value": 0.31,
          "max": 0.23
        }
      },
      "mdz:use_speed_6niva": {
        "minecraft:movement": {
          "value": 0.31,
          "max": 0.23
        }
      },
      "mdz:niva_color1": {
        "minecraft:variant": {
          "value": 0
        }
      },
      "mdz:niva_color2": {
        "minecraft:variant": {
          "value": 1
        }
      },
      "mdz:niva_color3": {
        "minecraft:variant": {
          "value": 2
        }
      },
      "mdz:niva_color4": {
        "minecraft:variant": {
          "value": 3
        }
      },
      "mdz:bug_color5": {
        "minecraft:variant": {
          "value": 4
        }
      },
      "mdz:bug_color6": {
        "minecraft:variant": {
          "value": 5
        }
      },
      "mdz:bug_color7": {
        "minecraft:variant": {
          "value": 6
        }
      },
      "mdz:bug_color8": {
        "minecraft:variant": {
          "value": 7
        }
      },
      "mdz:bug_color9": {
        "minecraft:variant": {
          "value": 8
        }
      },
      "mdz:bug_color10": {
        "minecraft:variant": {
          "value": 9
        }
      },
      "mdz:death_niva": {
        "minecraft:transformation": {
          "into": "mdz:death_niva",
          "delay": 0.1
        }
      }
    },
    "components": {
      "minecraft:type_family": {
        "family": [
          "car",
          "blackout1987",
          "ussr",
          "ukraine"
        ]
      },
      "minecraft:breathable": {
        "totalSupply": 1,
        "suffocateTime": 0
      },
      "minecraft:scale": {
        "value": 1
      },
      "minecraft:collision_box": {
        "height": 1.2,
        "width": 1.2
      },
      "minecraft:movement.basic": {},
      "minecraft:jump.static": {},
      "minecraft:health": {
        "value": 150,
        "max": 150
      },
      "minecraft:inventory": {
        "container_type": "minecart_hopper",
        "inventory_size": 10
      },
      "minecraft:knockback_resistance": {
        "value": 1.0,
        "max": 1.0
      },
      "minecraft:physics": {},
      "minecraft:rideable": {
        "rider_can_interact": true,
        "seat_count": 5,
        "interact_text": "Enter VAZ-2121 Niva",
        "family_types": [
          "player",
          "villager",
          "american",
          "german"
        ],
        "seats": [
          {
            "position": [
              0.5,
              0.5,
              -0.4
            ],
            "min_rider_count": 0,
            "max_rider_count": 5
          },
          {
            "position": [
              -0.5,
              0.5,
              -0.4
            ],
            "min_rider_count": 0,
            "max_rider_count": 5
          },
          {
            "position": [
              -0.5,
              0.5,
              -1.2
            ],
            "min_rider_count": 0,
            "max_rider_count": 5
          },
          {
            "position": [
              0.5,
              0.5,
              -1.2
            ],
            "min_rider_count": 0,
            "max_rider_count": 5
          },
          {
            "position": [
              0,
              0.5,
              -1.2
            ],
            "min_rider_count": 0,
            "max_rider_count": 5
          }
        ],
        "pull_in_entities": false
      },
      "minecraft:interact": {
        "interactions": [
          {
            "on_interact": {
              "filters": {
                "all_of": [
                  {
                    "test": "is_riding",
                    "subject": "other",
                    "value": true
                  },
                  {
                    "test": "has_tag",
                    "subject": "self",
                    "operator": "!=",
                    "value": "door_is_open"
                  },
                  {
                    "test": "has_equipment",
                    "subject": "other",
                    "operator": "!=",
                    "value": "mdz:niva_key"
                  }
                ]
              },
              "event": "door_open"
            },
            "use_item": false,
            "interact_text": "Open Door"
          },
          {
            "on_interact": {
              "filters": {
                "all_of": [
                  {
                    "test": "has_tag",
                    "subject": "self",
                    "operator": "!=",
                    "value": "door_is_open"
                  },
                  {
                    "test": "has_equipment",
                    "subject": "other",
                    "operator": "==",
                    "value": "mdz:niva_key"
                  },
                  {
                    "test": "is_sneaking",
                    "subject": "other",
                    "value": false
                  },
                  {
                    "test": "is_riding",
                    "subject": "other",
                    "value": false
                  }
                ]
              },
              "event": "door_open"
            },
            "use_item": false,
            "interact_text": "Open Door"
          },
          {
            "on_interact": {
              "filters": {
                "all_of": [
                  {
                    "test": "has_tag",
                    "subject": "self",
                    "operator": "==",
                    "value": "door_is_open"
                  },
                  {
                    "test": "is_sneaking",
                    "subject": "other",
                    "value": true
                  }
                ]
              },
              "event": "door_close"
            },
            "use_item": false,
            "interact_text": "Close Door"
          },
          {
            "on_interact": {
              "filters": {
                "all_of": [
                  {
                    "test": "has_tag",
                    "subject": "self",
                    "operator": "==",
                    "value": "door_is_open"
                  },
                  {
                    "test": "has_equipment",
                    "subject": "other",
                    "operator": "!=",
                    "value": "mdz:niva_key"
                  },
                  {
                    "test": "is_riding",
                    "subject": "other",
                    "value": true
                  }
                ]
              },
              "event": "door_close"
            },
            "use_item": false,
            "interact_text": "Close Door"
          },
          {
            "on_interact": {
              "filters": {
                "all_of": [
                  {
                    "test": "is_riding",
                    "subject": "other",
                    "value": true
                  },
                  {
                    "test": "has_tag",
                    "subject": "self",
                    "operator": "!=",
                    "value": "is_start"
                  },
                  {
                    "test": "has_equipment",
                    "subject": "other",
                    "value": "mdz:niva_key"
                  }
                ]
              },
              "event": "start"
            },
            "use_item": false,
            "interact_text": "Start Engine"
          },
          {
            "on_interact": {
              "filters": {
                "all_of": [
                  {
                    "test": "is_riding",
                    "subject": "other",
                    "value": true
                  },
                  {
                    "test": "has_tag",
                    "subject": "self",
                    "operator": "==",
                    "value": "is_start"
                  },
                  {
                    "test": "has_equipment",
                    "subject": "other",
                    "value": "mdz:niva_key"
                  }
                ]
              },
              "event": "end"
            },
            "use_item": false,
            "interact_text": "Stop Engine"
          },
          {
            "on_interact": {
              "filters": {
                "all_of": [
                  {
                    "test": "has_tag",
                    "subject": "self",
                    "operator": "!=",
                    "value": "hood_is_open"
                  },
                  {
                    "test": "has_tag",
                    "subject": "self",
                    "operator": "!=",
                    "value": "kap_is_open"
                  },
                  {
                    "test": "has_tag",
                    "subject": "self",
                    "operator": "!=",
                    "value": "door_is_open"
                  },
                  {
                    "test": "has_equipment",
                    "subject": "other",
                    "operator": "!=",
                    "value": "mdz:niva_key"
                  }
                ]
              },
              "event": "hood_open"
            },
            "use_item": false,
            "interact_text": "Open Trunk"
          },
          {
            "on_interact": {
              "filters": {
                "all_of": [
                  {
                    "test": "has_tag",
                    "subject": "self",
                    "operator": "==",
                    "value": "hood_is_open"
                  },
                  {
                    "test": "has_equipment",
                    "subject": "other",
                    "operator": "!=",
                    "value": "mdz:niva_key"
                  },
                  {
                    "test": "is_sneaking",
                    "subject": "other",
                    "value": false
                  }
                ]
              },
              "event": "hood_close"
            },
            "use_item": false,
            "interact_text": "Close Trunk"
          },
          {
            "on_interact": {
              "filters": {
                "all_of": [
                  {
                    "test": "has_tag",
                    "subject": "self",
                    "operator": "!=",
                    "value": "kap_is_open"
                  },
                  {
                    "test": "has_tag",
                    "subject": "self",
                    "operator": "!=",
                    "value": "hood_is_open"
                  },
                  {
                    "test": "has_tag",
                    "subject": "self",
                    "operator": "!=",
                    "value": "door_is_open"
                  },
                  {
                    "test": "has_equipment",
                    "subject": "other",
                    "operator": "==",
                    "value": "mdz:niva_key"
                  },
                  {
                    "test": "is_sneaking",
                    "subject": "other",
                    "value": true
                  }
                ]
              },
              "event": "kap_open"
            },
            "use_item": false,
            "interact_text": "Open Hood"
          },
          {
            "on_interact": {
              "filters": {
                "all_of": [
                  {
                    "test": "has_tag",
                    "subject": "self",
                    "operator": "==",
                    "value": "kap_is_open"
                  }
                ]
              },
              "event": "kap_close"
            },
            "use_item": false,
            "interact_text": "Close Hood"
          },
          {
            "on_interact": {
              "filters": {
                "all_of": [
                  {
                    "test": "has_equipment",
                    "subject": "other",
                    "value": "mdz:niva_color1"
                  }
                ]
              },
              "event": "color1"
            },
            "use_item": false,
            "interact_text": "Repaint"
          },
          {
            "on_interact": {
              "filters": {
                "all_of": [
                  {
                    "test": "has_equipment",
                    "subject": "other",
                    "value": "mdz:niva_color2"
                  }
                ]
              },
              "event": "color2"
            },
            "use_item": false,
            "interact_text": "Repaint"
          },
          {
            "on_interact": {
              "filters": {
                "all_of": [
                  {
                    "test": "has_equipment",
                    "subject": "other",
                    "value": "mdz:niva_color3"
                  }
                ]
              },
              "event": "color3"
            },
            "use_item": false,
            "interact_text": "Repaint"
          },
          {
            "on_interact": {
              "filters": {
                "all_of": [
                  {
                    "test": "has_equipment",
                    "subject": "other",
                    "value": "mdz:niva_color4"
                  }
                ]
              },
              "event": "color4"
            },
            "use_item": false,
            "interact_text": "Repaint"
          },
          {
            "on_interact": {
              "filters": {
                "all_of": [
                  {
                    "test": "has_equipment",
                    "subject": "other",
                    "value": "mdz:niva_color5"
                  }
                ]
              },
              "event": "color5"
            },
            "use_item": false,
            "interact_text": "Repaint"
          },
          {
            "on_interact": {
              "filters": {
                "all_of": [
                  {
                    "test": "has_equipment",
                    "subject": "other",
                    "value": "mdz:niva_color6"
                  }
                ]
              },
              "event": "color6"
            },
            "use_item": false,
            "interact_text": "Repaint"
          },
          {
            "on_interact": {
              "filters": {
                "all_of": [
                  {
                    "test": "has_equipment",
                    "subject": "other",
                    "value": "mdz:niva_color7"
                  }
                ]
              },
              "event": "color7"
            },
            "use_item": false,
            "interact_text": "Repaint"
          },
          {
            "on_interact": {
              "filters": {
                "all_of": [
                  {
                    "test": "has_equipment",
                    "subject": "other",
                    "value": "mdz:niva_color8"
                  }
                ]
              },
              "event": "color8"
            },
            "use_item": false,
            "interact_text": "Repaint"
          },
          {
            "on_interact": {
              "filters": {
                "all_of": [
                  {
                    "test": "has_equipment",
                    "subject": "other",
                    "value": "mdz:bug_color9"
                  }
                ]
              },
              "event": "color9"
            },
            "use_item": false,
            "interact_text": "Repaint"
          },
          {
            "on_interact": {
              "filters": {
                "all_of": [
                  {
                    "test": "has_equipment",
                    "subject": "other",
                    "value": "mdz:bug_color10"
                  }
                ]
              },
              "event": "color10"
            },
            "use_item": false,
            "interact_text": "Repaint"
          }
        ]
      },
      "minecraft:experience_reward": {
        "on_death": "query.last_hit_by_player ? 0 : 0"
      },
      "minecraft:movement": {
        "value": 0.24,
        "max": 0.32
      },
      "minecraft:underwater_movement": {
        "value": 0.02
      },
      "minecraft:addrider": {},
      "minecraft:can_climb": {}
    },
    "events": {
      "start": {
        "run_command": {
          "command": [
            "tag @s add is_start",
            "playsound niva.start @a ~~~"
          ]
        },
        "remove": {
          "component_groups": [
            "mdz:end"
          ]
        },
        "add": {
          "component_groups": [
            "mdz:start"
          ]
        }
      },
      "end": {
        "run_command": {
          "command": [
            "tag @s remove is_start"
          ]
        },
        "remove": {
          "component_groups": [
            "mdz:start"
          ]
        },
        "add": {
          "component_groups": [
            "mdz:end"
          ]
        }
      },
      "lights_on": {
        "run_command": {
          "command": [
            "tag @s add is_lightning",
            "playsound niva.light_on @a ~~~"
          ]
        }
      },
      "lights_off": {
        "run_command": {
          "command": [
            "tag @s remove is_lightning",
            "playsound niva.light_off @a ~~~",
            "execute @s ^ ^1 ^5 fill ~-3~-4~-3 ~3~4~3 air 0 replace light_block 15"
          ]
        }
      },
      "door_open": {
        "set_property": {
          "niva:door": "q.property('niva:door') + 1"
        },
        "run_command": {
          "command": [
            "tag @s remove door_open",
            "tag @s add door_is_open",
            "playsound niva.door_open @a ~~~"
          ]
        }
      },
      "door_close": {
        "set_property": {
          "niva:door": "q.property('niva:door') - 1"
        },
        "run_command": {
          "command": [
            "tag @s add door_open",
            "tag @s remove door_is_open",
            "playsound niva.door_close @a ~~~"
          ]
        }
      },
      "hood_open": {
        "set_property": {
          "niva:bag": "q.property('niva:bag') + 1"
        },
        "run_command": {
          "command": [
            "tag @s add hood_is_open",
            "playsound niva.door_open @a ~~~"
          ]
        }
      },
      "hood_close": {
        "set_property": {
          "niva:bag": "q.property('niva:bag') - 1"
        },
        "run_command": {
          "command": [
            "tag @s remove hood_is_open",
            "playsound niva.door_close @a ~~~"
          ]
        }
      },
      "kap_open": {
        "set_property": {
          "niva:kap": "q.property('niva:kap') + 1"
        },
        "run_command": {
          "command": [
            "tag @s add kap_is_open",
            "playsound niva.door_open @a ~~~"
          ]
        }
      },
      "kap_close": {
        "set_property": {
          "niva:kap": "q.property('niva:kap') - 1"
        },
        "run_command": {
          "command": [
            "tag @s remove kap_is_open",
            "playsound niva.door_close @a ~~~"
          ]
        }
      },
      "death": {
        "run_command": {
          "command": [
            "execute @s ~~~ fill ~23~3~23 ~-23~-3~-23 air 0 replace light_block 14",
            "tag @s add niva_death",
            "particle mdz:death ^0.8 ^ ^"
          ]
        },
        "add": {
          "component_groups": [
            "mdz:death_niva"
          ]
        }
      },
      "color1": {
        "run_command": {
          "command": [
            "playsound niva.color @a ~~~",
            "particle mdz:niva_color ~~~"
          ]
        },
        "add": {
          "component_groups": [
            "mdz:niva_color1"
          ]
        }
      },
      "color2": {
        "run_command": {
          "command": [
            "playsound niva.color @a ~~~",
            "particle mdz:niva_color ~~~"
          ]
        },
        "add": {
          "component_groups": [
            "mdz:niva_color2"
          ]
        }
      },
      "color3": {
        "run_command": {
          "command": [
            "playsound niva.color @a ~~~",
            "particle mdz:niva_color ~~~"
          ]
        },
        "add": {
          "component_groups": [
            "mdz:niva_color3"
          ]
        }
      },
      "color4": {
        "run_command": {
          "command": [
            "playsound niva.color @a ~~~",
            "particle mdz:niva_color ~~~"
          ]
        },
        "add": {
          "component_groups": [
            "mdz:niva_color4"
          ]
        }
      },
      "color5": {
        "run_command": {
          "command": [
            "playsound niva.color @a ~~~",
            "particle mdz:niva_color ~~~"
          ]
        },
        "add": {
          "component_groups": [
            "mdz:bug_color5"
          ]
        }
      },
      "color6": {
        "run_command": {
          "command": [
            "playsound niva.color @a ~~~",
            "particle mdz:niva_color ~~~"
          ]
        },
        "add": {
          "component_groups": [
            "mdz:bug_color6"
          ]
        }
      },
      "color7": {
        "run_command": {
          "command": [
            "playsound niva.color @a ~~~",
            "particle mdz:niva_color ~~~"
          ]
        },
        "add": {
          "component_groups": [
            "mdz:bug_color7"
          ]
        }
      },
      "color8": {
        "run_command": {
          "command": [
            "playsound niva.color @a ~~~",
            "particle mdz:niva_color ~~~"
          ]
        },
        "add": {
          "component_groups": [
            "mdz:bug_color8"
          ]
        }
      },
      "color9": {
        "run_command": {
          "command": [
            "playsound bug.color @a ~~~",
            "particle mdz:bug_color ~~~"
          ]
        },
        "add": {
          "component_groups": [
            "mdz:bug_color9"
          ]
        }
      },
      "color10": {
        "run_command": {
          "command": [
            "playsound bug.color @a ~~~",
            "particle mdz:bug_color ~~~"
          ]
        },
        "add": {
          "component_groups": [
            "mdz:bug_color10"
          ]
        }
      },
      "use_speed_1niva": {
        "add": {
          "component_groups": [
            "mdz:use_speed_1niva"
          ]
        }
      },
      "use_speed_2niva": {
        "add": {
          "component_groups": [
            "mdz:use_speed_2niva"
          ]
        }
      },
      "use_speed_3niva": {
        "add": {
          "component_groups": [
            "mdz:use_speed_3niva"
          ]
        }
      },
      "use_speed_4niva": {
        "add": {
          "component_groups": [
            "mdz:use_speed_4niva"
          ]
        }
      },
      "use_speed_5niva": {
        "add": {
          "component_groups": [
            "mdz:use_speed_5niva"
          ]
        }
      },
      "use_speed_6niva": {
        "add": {
          "component_groups": [
            "mdz:use_speed_6niva"
          ]
        }
      },
      "on:death": {
        "run_command": {
          "command": []
        }
      },
      "on:hurt": {
        "run_command": {
          "command": []
        }
      },
      "on:hurt_by_player": {
        "run_command": {
          "command": []
        }
      },
      "on:ignite": {
        "run_command": {
          "command": []
        }
      },
      "on:target_acquired": {
        "run_command": {
          "command": []
        }
      },
      "on:target_escape": {
        "run_command": {
          "command": []
        }
      },
      "on:wake_with_owner": {
        "run_command": {
          "command": []
        }
      },
      "on:tick_action": {
        "run_command": {
          "command": []
        }
      }
    }
  }
}