{"format_version":"1.12.0","minecraft:geometry":[{"description":{"identifier":"geometry.m67_grenade","texture_width":16,"texture_height":16,"visible_bounds_width":2,"visible_bounds_height":3.5,"visible_bounds_offset":[0,1.25,0]},"bones":[{"name":"root","pivot":[0,0,0]},{"name":"waist","parent":"root","pivot":[0,12,0]},{"name":"body","parent":"waist","pivot":[0,24,0],"cubes":[{"origin":[-4,12,-2],"size":[8,12,4],"uv":[0,48]}]},{"name":"head","parent":"body","pivot":[0,24,0],"cubes":[{"origin":[-4,24,-4],"size":[8,8,8],"uv":[0,48]}]},{"name":"leftArm","parent":"body","pivot":[5,22,0],"cubes":[{"origin":[4,12,-2],"size":[4,12,4],"uv":[0,48]}]},{"name":"rightArm","parent":"body","pivot":[-5,22,0],"cubes":[{"origin":[-8,12,-2],"size":[4,12,4],"uv":[0,48]}]},{"name":"rightArmExtra","parent":"rightArm","pivot":[-5,22,0]},{"name":"grenade","parent":"rightArmExtra","pivot":[0,0,0],"cubes":[{"origin":[-1,0,-1],"size":[2,2,2],"inflate":0.2,"uv":[0,0]},{"origin":[-0.5,2,-0.5],"size":[1,1,1],"uv":[3,7]}]},{"name":"handle","parent":"grenade","pivot":[0,0.2,0],"cubes":[{"origin":[-0.5,2.7,-0.5],"size":[1,1,1],"inflate":0.1,"uv":[6,0]},{"origin":[-0.5,2.7,0.7],"size":[1,1,1],"inflate":0.1,"pivot":[0,3.8,0.6],"rotation":[-45,0,0],"uv":[0,6]},{"origin":[-0.5,1.85147,1.54853],"size":[1,1,2],"inflate":0.1,"pivot":[0,2.95147,1.44853],"rotation":[-80,0,0],"uv":[4,4]}]},{"name":"pin","parent":"handle","pivot":[0.5,3.7,0],"rotation":[0,0,61],"cubes":[{"origin":[0.5,3.7,-1],"size":[2,0,2],"uv":[0,4]}]},{"name":"leftLeg","parent":"root","pivot":[1.9,12,0],"cubes":[{"origin":[-0.1,0,-2],"size":[4,12,4],"uv":[0,48]}]},{"name":"rightLeg","parent":"root","pivot":[-1.9,12,0],"cubes":[{"origin":[-3.9,0,-2],"size":[4,12,4],"uv":[0,48]}]}]}]}