{"format_version":"1.12.0","minecraft:geometry":[{"description":{"identifier":"geometry.molotov_cocktail","texture_width":16,"texture_height":16,"visible_bounds_width":2,"visible_bounds_height":3.5,"visible_bounds_offset":[0,1.25,0]},"bones":[{"name":"root","pivot":[0,0,0]},{"name":"waist","parent":"root","pivot":[0,12,0]},{"name":"body","parent":"waist","pivot":[0,24,0],"cubes":[{"origin":[-4,12,-2],"size":[8,12,4],"uv":[0,48]}]},{"name":"head","parent":"body","pivot":[0,24,0],"cubes":[{"origin":[-4,24,-4],"size":[8,8,8],"uv":[0,48]}]},{"name":"leftArm","parent":"body","pivot":[5,22,0],"cubes":[{"origin":[4,12,-2],"size":[4,12,4],"uv":[0,48]}]},{"name":"rightArm","parent":"body","pivot":[-5,22,0],"cubes":[{"origin":[-8,12,-2],"size":[4,12,4],"uv":[0,48]}]},{"name":"rightArmExtra","parent":"rightArm","pivot":[-5,22,0]},{"name":"grenade","parent":"rightArmExtra","pivot":[0,0,0],"cubes":[{"origin":[-1,0,-1],"size":[2,4,2],"inflate":0.2,"uv":[0,0]},{"origin":[-1,4,-1],"size":[2,2,2],"uv":[0,6]},{"origin":[-0.5,5,-0.5],"size":[1,2,1],"inflate":0.1,"uv":[0,10]}]},{"name":"cloth_0","parent":"grenade","pivot":[0,7,0],"rotation":[0,-20,0],"cubes":[{"origin":[-0.5,7,-2],"size":[1,1,2],"pivot":[0,7,0],"rotation":[27.5,0,0],"uv":[6,8]},{"origin":[-0.5,7,-0.5],"size":[1,1,1],"uv":[6,0]}],"locators":{"molotov_flame_0":[0,7.5,-0.5],"molotov_flame_1":[0,6,-2],"molotov_flame_2":[0,4,-2]}},{"name":"cloth_1","parent":"cloth_0","pivot":[0,7,-2.2],"cubes":[{"origin":[-0.5,6,-4.22598],"size":[1,1,2],"pivot":[0,7,-2.2],"rotation":[75.42583,0.60462,-13.9872],"uv":[8,0]}]},{"name":"cloth_2","parent":"cloth_1","pivot":[0.4,5.1,-2.2],"cubes":[{"origin":[-0.0289,4.58753,-4.24788],"size":[1,1,2],"pivot":[0.4,5.1,-2.2],"rotation":[99.58215,-4.17186,12.60782],"uv":[6,4]}]},{"name":"leftLeg","parent":"root","pivot":[1.9,12,0],"cubes":[{"origin":[-0.1,0,-2],"size":[4,12,4],"uv":[0,48]}]},{"name":"rightLeg","parent":"root","pivot":[-1.9,12,0],"cubes":[{"origin":[-3.9,0,-2],"size":[4,12,4],"uv":[0,48]}]}]}]}