{"format_version":"1.20.40","animation_controllers":{"controller.animation.player.awp":{"initial_state":"inactive","states":{"inactive":{"on_entry":["@s gabrielaplok:remove_reloading"],"transitions":[{"fire":"q.is_item_name_any('slot.weapon.mainhand', 'gabrielaplok:awp') && q.is_using_item && q.scoreboard('awp') >= 1 && !q.property('gabrielaplok:pull_back')"},{"reload":"q.is_item_name_any('slot.weapon.mainhand', 'gabrielaplok:awp') && q.is_using_item && q.scoreboard('awp') <= 0 && !q.property('gabrielaplok:pull_back')"},{"pull_back":"q.is_item_name_any('slot.weapon.mainhand', 'gabrielaplok:awp') && q.property('gabrielaplok:pull_back')"}]},"fire":{"on_entry":["/function guns/fire/awp","/event entity @s[scores={awp=1..}] gabrielaplok:add_pull_back"],"transitions":[{"inactive":"!q.is_item_name_any('slot.weapon.mainhand', 'gabrielaplok:awp') || !q.is_using_item"},{"fire_delay":"q.is_item_name_any('slot.weapon.mainhand', 'gabrielaplok:awp') && !q.is_using_item"}]},"fire_delay":{"on_entry":["v.gun_delay = q.life_time;"],"on_exit":["v.gun_delay = 0;"],"transitions":[{"inactive":"!q.is_item_name_any('slot.weapon.mainhand', 'gabrielaplok:awp') || !q.is_using_item"},{"inactive":"(q.life_time - v.gun_delay) >= 0.375 && q.is_item_name_any('slot.weapon.mainhand', 'gabrielaplok:awp') && !q.is_using_item"}]},"pull_back":{"on_entry":["/playanimation @s animation.awp.pullback fire 0 \"!q.is_item_name_any('slot.weapon.mainhand', 0, 'gabrielaplok:awp')\"","@s gabrielaplok:remove_pull_back","v.gun_delay = q.life_time;"],"on_exit":["v.gun_delay = 0;"],"transitions":[{"inactive":"!q.is_item_name_any('slot.weapon.mainhand', 'gabrielaplok:awp')"},{"inactive":"(q.life_time - v.gun_delay) >= 0.66667"}]},"reload":{"on_entry":["/execute as @s[hasitem={item=gabrielaplok:awp_mag, data=9}, tag=!reloading] run event entity @s gabrielaplok:add_reloading","/execute as @s[hasitem={item=gabrielaplok:awp_mag, data=8}, tag=!reloading] run event entity @s gabrielaplok:add_reloading","/execute as @s[hasitem={item=gabrielaplok:awp_mag, data=7}, tag=!reloading] run event entity @s gabrielaplok:add_reloading","/execute as @s[hasitem={item=gabrielaplok:awp_mag, data=6}, tag=!reloading] run event entity @s gabrielaplok:add_reloading","/execute as @s[hasitem={item=gabrielaplok:awp_mag, data=5}, tag=!reloading] run event entity @s gabrielaplok:add_reloading","/execute as @s[hasitem={item=gabrielaplok:awp_mag, data=4}, tag=!reloading] run event entity @s gabrielaplok:add_reloading","/execute as @s[hasitem={item=gabrielaplok:awp_mag, data=3}, tag=!reloading] run event entity @s gabrielaplok:add_reloading","/execute as @s[hasitem={item=gabrielaplok:awp_mag, data=2}, tag=!reloading] run event entity @s gabrielaplok:add_reloading","/execute as @s[hasitem={item=gabrielaplok:awp_mag, data=1}, tag=!reloading] run event entity @s gabrielaplok:add_reloading","/execute as @s[hasitem={item=gabrielaplok:awp_mag, data=0}, tag=!reloading] run event entity @s gabrielaplok:add_reloading","/function effect/gun_dryfire"],"transitions":[{"fire_delay":"!q.is_item_name_any('slot.weapon.mainhand', 'gabrielaplok:awp') || !q.property('gabrielaplok:reloading')"},{"reload_delay":"q.is_item_name_any('slot.weapon.mainhand', 'gabrielaplok:awp') && q.property('gabrielaplok:reloading')"}]},"reload_delay":{"on_entry":["v.gun_delay = q.life_time;"],"on_exit":["v.gun_delay = 0;"],"transitions":[{"inactive":"!q.is_item_name_any('slot.weapon.mainhand', 'gabrielaplok:awp') || !q.property('gabrielaplok:reloading')"},{"reloaded":"(q.life_time - v.gun_delay) >= 2.125 && q.is_item_name_any('slot.weapon.mainhand', 'gabrielaplok:awp') && q.property('gabrielaplok:reloading')"}]},"reloaded":{"on_entry":["/execute as @s[hasitem={item=gabrielaplok:awp, location=slot.weapon.mainhand}] run function guns/reload/awp"],"transitions":[{"inactive":"1"}]}}}}}