{"format_version":"1.20.40","animation_controllers":{"controller.animation.player.desert_eagle":{"initial_state":"inactive","states":{"inactive":{"on_entry":["@s gabrielaplok:remove_reloading"],"transitions":[{"fire":"q.is_item_name_any('slot.weapon.mainhand', 'gabrielaplok:desert_eagle') && q.is_using_item && q.scoreboard('desert_eagle') >= 1"},{"reload":"q.is_item_name_any('slot.weapon.mainhand', 'gabrielaplok:desert_eagle') && q.is_using_item && q.scoreboard('desert_eagle') <= 0"}]},"fire":{"on_entry":["/function guns/fire/desert_eagle"],"transitions":[{"inactive":"!q.is_item_name_any('slot.weapon.mainhand', 'gabrielaplok:desert_eagle') || !q.is_using_item"},{"fire_delay":"q.is_item_name_any('slot.weapon.mainhand', 'gabrielaplok:desert_eagle') && q.is_using_item"}]},"fire_delay":{"on_entry":["v.gun_delay = q.life_time;"],"on_exit":["v.gun_delay = 0;"],"transitions":[{"inactive":"!q.is_item_name_any('slot.weapon.mainhand', 'gabrielaplok:desert_eagle') || !q.is_using_item"},{"inactive":"(q.life_time - v.gun_delay) >= 0.02 && !q.is_using_item"}]},"reload":{"on_entry":["/execute as @s[hasitem={item=gabrielaplok:desert_eagle_mag, data=9}, tag=!reloading] run event entity @s gabrielaplok:add_reloading","/execute as @s[hasitem={item=gabrielaplok:desert_eagle_mag, data=8}, tag=!reloading] run event entity @s gabrielaplok:add_reloading","/execute as @s[hasitem={item=gabrielaplok:desert_eagle_mag, data=7}, tag=!reloading] run event entity @s gabrielaplok:add_reloading","/execute as @s[hasitem={item=gabrielaplok:desert_eagle_mag, data=6}, tag=!reloading] run event entity @s gabrielaplok:add_reloading","/execute as @s[hasitem={item=gabrielaplok:desert_eagle_mag, data=5}, tag=!reloading] run event entity @s gabrielaplok:add_reloading","/execute as @s[hasitem={item=gabrielaplok:desert_eagle_mag, data=4}, tag=!reloading] run event entity @s gabrielaplok:add_reloading","/execute as @s[hasitem={item=gabrielaplok:desert_eagle_mag, data=3}, tag=!reloading] run event entity @s gabrielaplok:add_reloading","/execute as @s[hasitem={item=gabrielaplok:desert_eagle_mag, data=2}, tag=!reloading] run event entity @s gabrielaplok:add_reloading","/execute as @s[hasitem={item=gabrielaplok:desert_eagle_mag, data=1}, tag=!reloading] run event entity @s gabrielaplok:add_reloading","/execute as @s[hasitem={item=gabrielaplok:desert_eagle_mag, data=0}, tag=!reloading] run event entity @s gabrielaplok:add_reloading","/function effect/gun_dryfire"],"transitions":[{"fire_delay":"!q.is_item_name_any('slot.weapon.mainhand', 'gabrielaplok:desert_eagle') || !q.property('gabrielaplok:reloading')"},{"reload_delay":"q.is_item_name_any('slot.weapon.mainhand', 'gabrielaplok:desert_eagle') && q.property('gabrielaplok:reloading')"}]},"reload_delay":{"on_entry":["v.gun_delay = q.life_time;"],"on_exit":["v.gun_delay = 0;"],"transitions":[{"inactive":"!q.is_item_name_any('slot.weapon.mainhand', 'gabrielaplok:desert_eagle') || !q.property('gabrielaplok:reloading')"},{"reloaded":"(q.life_time - v.gun_delay) >= 1.95833 && q.is_item_name_any('slot.weapon.mainhand', 'gabrielaplok:desert_eagle') && q.property('gabrielaplok:reloading')"}]},"reloaded":{"on_entry":["/execute as @s[hasitem={item=gabrielaplok:desert_eagle, location=slot.weapon.mainhand}] run function guns/reload/desert_eagle"],"transitions":[{"inactive":"1"}]}}}}}