{"format_version":"1.20.40","animation_controllers":{"controller.animation.player.fnfal":{"initial_state":"inactive","states":{"inactive":{"on_entry":["@s gabrielaplok:remove_reloading"],"transitions":[{"fire":"q.is_item_name_any('slot.weapon.mainhand', 'gabrielaplok:fnfal') && q.is_using_item && q.scoreboard('fnfal') >= 1 && !q.property('gabrielaplok:reloading')"},{"reload":"q.is_item_name_any('slot.weapon.mainhand', 'gabrielaplok:fnfal') && q.is_using_item && q.scoreboard('fnfal') <= 0 && !q.property('gabrielaplok:reloading')"}]},"fire":{"on_entry":["/function guns/fire/fnfal"],"transitions":[{"inactive":"!q.is_item_name_any('slot.weapon.mainhand', 'gabrielaplok:fnfal') || !q.is_using_item"},{"fire_delay":"q.is_item_name_any('slot.weapon.mainhand', 'gabrielaplok:fnfal') && q.is_using_item"}]},"fire_delay":{"on_entry":["v.gun_delay = q.life_time;"],"on_exit":["v.gun_delay = 0;"],"transitions":[{"inactive":"!q.is_item_name_any('slot.weapon.mainhand', 'gabrielaplok:fnfal') || !q.is_using_item"},{"inactive":"(q.life_time - v.gun_delay) >= 0.005"}]},"reload":{"on_entry":["/execute as @s[hasitem={item=gabrielaplok:fnfal_mag, data=19}, tag=!reloading] run event entity @s gabrielaplok:add_reloading","/execute as @s[hasitem={item=gabrielaplok:fnfal_mag, data=18}, tag=!reloading] run event entity @s gabrielaplok:add_reloading","/execute as @s[hasitem={item=gabrielaplok:fnfal_mag, data=17}, tag=!reloading] run event entity @s gabrielaplok:add_reloading","/execute as @s[hasitem={item=gabrielaplok:fnfal_mag, data=16}, tag=!reloading] run event entity @s gabrielaplok:add_reloading","/execute as @s[hasitem={item=gabrielaplok:fnfal_mag, data=15}, tag=!reloading] run event entity @s gabrielaplok:add_reloading","/execute as @s[hasitem={item=gabrielaplok:fnfal_mag, data=14}, tag=!reloading] run event entity @s gabrielaplok:add_reloading","/execute as @s[hasitem={item=gabrielaplok:fnfal_mag, data=13}, tag=!reloading] run event entity @s gabrielaplok:add_reloading","/execute as @s[hasitem={item=gabrielaplok:fnfal_mag, data=12}, tag=!reloading] run event entity @s gabrielaplok:add_reloading","/execute as @s[hasitem={item=gabrielaplok:fnfal_mag, data=11}, tag=!reloading] run event entity @s gabrielaplok:add_reloading","/execute as @s[hasitem={item=gabrielaplok:fnfal_mag, data=10}, tag=!reloading] run event entity @s gabrielaplok:add_reloading","/execute as @s[hasitem={item=gabrielaplok:fnfal_mag, data=9}, tag=!reloading] run event entity @s gabrielaplok:add_reloading","/execute as @s[hasitem={item=gabrielaplok:fnfal_mag, data=8}, tag=!reloading] run event entity @s gabrielaplok:add_reloading","/execute as @s[hasitem={item=gabrielaplok:fnfal_mag, data=7}, tag=!reloading] run event entity @s gabrielaplok:add_reloading","/execute as @s[hasitem={item=gabrielaplok:fnfal_mag, data=6}, tag=!reloading] run event entity @s gabrielaplok:add_reloading","/execute as @s[hasitem={item=gabrielaplok:fnfal_mag, data=5}, tag=!reloading] run event entity @s gabrielaplok:add_reloading","/execute as @s[hasitem={item=gabrielaplok:fnfal_mag, data=4}, tag=!reloading] run event entity @s gabrielaplok:add_reloading","/execute as @s[hasitem={item=gabrielaplok:fnfal_mag, data=3}, tag=!reloading] run event entity @s gabrielaplok:add_reloading","/execute as @s[hasitem={item=gabrielaplok:fnfal_mag, data=2}, tag=!reloading] run event entity @s gabrielaplok:add_reloading","/execute as @s[hasitem={item=gabrielaplok:fnfal_mag, data=1}, tag=!reloading] run event entity @s gabrielaplok:add_reloading","/execute as @s[hasitem={item=gabrielaplok:fnfal_mag, data=0}, tag=!reloading] run event entity @s gabrielaplok:add_reloading","/function effect/gun_dryfire"],"transitions":[{"fire_delay":"!q.is_item_name_any('slot.weapon.mainhand', 'gabrielaplok:fnfal') || !q.property('gabrielaplok:reloading')"},{"reload_delay":"q.is_item_name_any('slot.weapon.mainhand', 'gabrielaplok:fnfal') && q.property('gabrielaplok:reloading')"}]},"reload_delay":{"on_entry":["v.gun_delay = q.life_time;"],"on_exit":["v.gun_delay = 0;"],"transitions":[{"inactive":"!q.is_item_name_any('slot.weapon.mainhand', 'gabrielaplok:fnfal') || !q.property('gabrielaplok:reloading')"},{"reloaded":"(q.life_time - v.gun_delay) >= 2 && q.is_item_name_any('slot.weapon.mainhand', 'gabrielaplok:fnfal') && q.property('gabrielaplok:reloading')"}]},"reloaded":{"on_entry":["/execute as @s[hasitem={item=gabrielaplok:fnfal, location=slot.weapon.mainhand}] run function guns/reload/fnfal"],"transitions":[{"inactive":"1"}]}}}}}