{"format_version":"1.20.40","animation_controllers":{"controller.animation.player.mossberg":{"initial_state":"inactive","states":{"inactive":{"on_entry":["@s gabrielaplok:remove_reloading"],"transitions":[{"fire":"q.is_item_name_any('slot.weapon.mainhand', 'gabrielaplok:mossberg') && q.is_using_item && q.scoreboard('mossberg') >= 1 && !q.property('gabrielaplok:pull_back')"},{"reload":"q.is_item_name_any('slot.weapon.mainhand', 'gabrielaplok:mossberg') && q.is_using_item && q.scoreboard('mossberg') <= 0 && !q.property('gabrielaplok:pull_back')"},{"pull_back":"q.is_item_name_any('slot.weapon.mainhand', 'gabrielaplok:mossberg') && q.property('gabrielaplok:pull_back')"}]},"fire":{"on_entry":["/function guns/fire/mossberg","/event entity @s[scores={mossberg=1..}] gabrielaplok:add_pull_back"],"transitions":[{"inactive":"!q.is_item_name_any('slot.weapon.mainhand', 'gabrielaplok:mossberg') || !q.is_using_item"},{"fire_delay":"q.is_item_name_any('slot.weapon.mainhand', 'gabrielaplok:mossberg') && !q.is_using_item"}]},"fire_delay":{"on_entry":["v.gun_delay = q.life_time;"],"on_exit":["v.gun_delay = 0;"],"transitions":[{"inactive":"!q.is_item_name_any('slot.weapon.mainhand', 'gabrielaplok:mossberg') || !q.is_using_item"},{"inactive":"(q.life_time - v.gun_delay) >= 0.3333 && q.is_item_name_any('slot.weapon.mainhand', 'gabrielaplok:mossberg') && !q.is_using_item"}]},"pull_back":{"on_entry":["/playanimation @s animation.mossberg.pullback fire 0 \"!q.is_item_name_any('slot.weapon.mainhand', 0, 'gabrielaplok:mossberg')\"","@s gabrielaplok:remove_pull_back","v.gun_delay = q.life_time;"],"on_exit":["v.gun_delay = 0;"],"transitions":[{"inactive":"!q.is_item_name_any('slot.weapon.mainhand', 'gabrielaplok:mossberg')"},{"inactive":"(q.life_time - v.gun_delay) >= 0.5"}]},"reload":{"on_entry":["/execute as @s[hasitem={item=gabrielaplok:bullet_12gauge}, tag=!reloading] run event entity @s gabrielaplok:add_reloading","/function effect/gun_dryfire"],"transitions":[{"fire_delay":"!q.is_item_name_any('slot.weapon.mainhand', 'gabrielaplok:mossberg') || !q.property('gabrielaplok:reloading')"},{"reload_delay":"q.is_item_name_any('slot.weapon.mainhand', 'gabrielaplok:mossberg') && q.property('gabrielaplok:reloading')"}]},"reload_delay":{"on_entry":["v.gun_delay = q.life_time;"],"on_exit":["v.gun_delay = 0;"],"transitions":[{"inactive":"!q.is_item_name_any('slot.weapon.mainhand', 'gabrielaplok:mossberg') || !q.property('gabrielaplok:reloading')"},{"reloaded":"(q.life_time - v.gun_delay) >= 2.70833 && q.is_item_name_any('slot.weapon.mainhand', 'gabrielaplok:mossberg') && q.property('gabrielaplok:reloading')"}]},"reloaded":{"on_entry":["/execute as @s[hasitem={item=gabrielaplok:mossberg, location=slot.weapon.mainhand}] run function guns/reload/mossberg"],"transitions":[{"inactive":"1"}]}}}}}