{"format_version":"1.10.0","particle_effect":{"description":{"identifier":"gabrielaplok:muzzle_lensflare","basic_render_parameters":{"material":"particles_add","texture":"textures/particle/lensflare"}},"components":{"minecraft:emitter_initialization":{"creation_expression":"v.size = 10;"},"minecraft:emitter_rate_instant":{"num_particles":1},"minecraft:emitter_lifetime_once":{"active_time":1},"minecraft:emitter_shape_point":{},"minecraft:particle_lifetime_expression":{"max_lifetime":0.08},"minecraft:particle_expire_if_in_blocks":["minecraft:water","minecraft:flowing_water"],"minecraft:particle_appearance_billboard":{"size":["v.particle_age * v.particle_lifetime * 0.02 + 0.06 * v.size","v.particle_age * v.particle_lifetime * 0.02 + 0.06 * v.size"],"facing_camera_mode":"rotate_xyz","uv":{"texture_width":128,"texture_height":128,"uv":[0,0],"uv_size":[128,128]}},"minecraft:particle_appearance_tinting":{"color":[1,1,1,1]}}}}