{"format_version":"1.10.0","particle_effect":{"description":{"identifier":"gabrielaplok:muzzle_smoke_2","basic_render_parameters":{"material":"particles_blend","texture":"textures/particle/particles"}},"components":{"minecraft:emitter_rate_instant":{"num_particles":100},"minecraft:emitter_lifetime_once":{"active_time":1},"minecraft:emitter_shape_point":{"direction":["math.random(2, 2)","math.random(-1, 1)","math.random(-2, 2)"]},"minecraft:particle_lifetime_expression":{"max_lifetime":0.45},"minecraft:particle_initial_speed":"math.random(-10, 10)","minecraft:particle_motion_dynamic":{},"minecraft:particle_expire_if_in_blocks":["minecraft:water","minecraft:flowing_water"],"minecraft:particle_appearance_billboard":{"size":["0.1 + math.random(0.1, 0.2)","0.1 + math.random(0.1, 0.2)"],"facing_camera_mode":"rotate_xyz","uv":{"texture_width":128,"texture_height":128,"flipbook":{"base_UV":[56,0],"size_UV":[8,8],"step_UV":[-8,0],"frames_per_second":8,"max_frame":8,"stretch_to_lifetime":true}}},"minecraft:particle_appearance_lighting":{},"minecraft:particle_appearance_tinting":{"color":{"interpolant":"v.particle_age / v.particle_lifetime","gradient":{"0.0":"#201F1F1F","0.8":"#20CCCCCC"}}}}}}