{
    "format_version": "1.20.40",
    "minecraft:block": {
        "description": {
            "identifier": "gabrielaplok:ammo_crate",
            "menu_category": {
                "category": "construction",
                "group": "Loot"
            },
            "states": {
                "gabrielaplok:rotation": [
                    0,
                    1,
                    2,
                    3
                ]
            }
        },
        "components": {
            "minecraft:collision_box": {
                "origin": [
                    -8,
                    0,
                    -5
                ],
                "size": [
                    16,
                    8,
                    10
                ]
            },
            "minecraft:destructible_by_mining": {
                "seconds_to_destroy": 0.75
            },
            "minecraft:display_name": "tile.ammo_crate.name",
            "minecraft:geometry": "geometry.ammo_crate",
            "minecraft:light_dampening": 0,
            "minecraft:loot": "loot_tables/blocks/loot/ammo_crate.json",
            "minecraft:material_instances": {
                "*": {
                    "texture": "ammo_crate",
                    "render_method": "alpha_test"
                }
            },
            "minecraft:selection_box": {
                "origin": [
                    -8,
                    0,
                    -5
                ],
                "size": [
                    16,
                    8,
                    10
                ]
            },
            "minecraft:on_interact": {
                "event": "gabrielaplok:give"
            },
            "minecraft:on_player_placing": {
                "event": "gabrielaplok:rotation"
            },
            "tag:wood": {}
        },
        "permutations": [
            {
                "condition": "q.block_state('gabrielaplok:rotation') == 0",
                "components": {
                    "minecraft:transformation": {
                        "rotation": [
                            0,
                            180,
                            0
                        ]
                    }
                }
            },
            {
                "condition": "q.block_state('gabrielaplok:rotation') == 1",
                "components": {
                    "minecraft:transformation": {
                        "rotation": [
                            0,
                            0,
                            0
                        ]
                    }
                }
            },
            {
                "condition": "q.block_state('gabrielaplok:rotation') == 2",
                "components": {
                    "minecraft:transformation": {
                        "rotation": [
                            0,
                            270,
                            0
                        ]
                    }
                }
            },
            {
                "condition": "q.block_state('gabrielaplok:rotation') == 3",
                "components": {
                    "minecraft:transformation": {
                        "rotation": [
                            0,
                            90,
                            0
                        ]
                    }
                }
            }
        ],
        "events": {
            "gabrielaplok:give": {
                "sequence": [
                    {
                        "spawn_loot": {
                            "table": "loot_tables/blocks/loot/ammo_crate.json"
                        }
                    },
                    {
                        "run_command": {
                            "command": [
                                "setblock ~~~ air",
                                "playsound mob.zombie.woodbreak @a[r=14] ~~~ 1 1 0.01"
                            ]
                        }
                    }
                ]
            },
            "gabrielaplok:rotation": {
                "set_block_state": {
                    "gabrielaplok:rotation": "q.cardinal_facing_2d - 2"
                }
            }
        }
    }
}