{"content":[{"path":"unusual/7a6078d2b94648d6a6fd5d202d7dad40/index.js"},{"path":"unusual/7a6078d2b94648d6a6fd5d202d7dad40/command.js"},{"path":"unusual/7a6078d2b94648d6a6fd5d202d7dad40/bullet.js"},{"path":"EULA.pdf"},{"path":"scripts/index.js"},{"path":"scripts/bullet.js"},{"path":"recipes/items/wearable/vest_6b3.json"},{"path":"recipes/items/wearable/juggernaut_boots.json"},{"path":"recipes/items/wearable/juggernaut_leggings.json"},{"path":"recipes/items/wearable/helmet_military.json"},{"path":"recipes/items/throwable/m67_grenade.json"},{"path":"recipes/items/part/small_stock.json"},{"path":"recipes/items/part/small_barrel.json"},{"path":"recipes/items/part/small_body.json"},{"path":"recipes/items/part/medium_stock.json"},{"path":"recipes/items/part/medium_handle.json"},{"path":"recipes/items/part/medium_body.json"},{"path":"recipes/items/part/medium_barrel.json"},{"path":"recipes/items/part/mask_filter.json"},{"path":"recipes/items/wearable/juggernaut_helmet.json"},{"path":"recipes/items/part/heavy_barrel.json"},{"path":"recipes/items/medical/bandage_military.json"},{"path":"recipes/items/material/gunmetal_scrap.json"},{"path":"functions/guns/fire/m4a1.mcfunction"},{"path":"recipes/items/material/gunmetal_ingot_from_nuggets.json"},{"path":"recipes/items/mag/glock17_mag.json"},{"path":"items/wearable/helmet_military.json"},{"path":"recipes/items/mag/desert_eagle_mag.json"},{"path":"recipes/items/guns/desert_eagle.json"},{"path":"recipes/items/guns/mossberg.json"},{"path":"recipes/items/guns/m4a1.json"},{"path":"items/guns/glock17.json"},{"path":"items/guns/mossberg.json"},{"path":"recipes/items/guns/glock18.json"},{"path":"recipes/items/guns/ak47.json"},{"path":"manifest.json"},{"path":"recipes/items/material/copper_ingot_from_nuggets.json"},{"path":"recipes/items/bullet/bullet_9x19pr.json"},{"path":"functions/wearable/juggernaut.mcfunction"},{"path":"recipes/items/bullet/bullet_556x45.json"},{"path":"recipes/items/bullet/bullet_50ae.json"},{"path":"recipes/items/material/bullet_gunpowder.json"},{"path":"recipes/items/bullet/bullet_12gauge.json"},{"path":"contents.json"},{"path":"recipes/items/attachment/silencer.json"},{"path":"recipes/items/attachment/scope_lp.json"},{"path":"feature_rules/overworld_surface_tall_grass_feature.json"},{"path":"recipes/blocks/tools/workbench.json"},{"path":"blocks/deco/metal_rack.json"},{"path":"entities/player/player.json"},{"path":"recipes/blocks/deco/landmine.json"},{"path":"recipes/items/part/heavy_body.json"},{"path":"blocks/loot/explosive_crate.json"},{"path":"recipes/blocks/deco/hazard_block.json"},{"path":"recipes/blocks/loot/explosive_crate.json"},{"path":"recipes/items/mag/mp5a5_mag.json"},{"path":"pack_icon.png"},{"path":"loot_tables/guide.json"},{"path":"feature_rules/taiga_surface_trees_feature.json"},{"path":"functions/wearable/gasmask.mcfunction"},{"path":"loot_tables/chests/ruined_portal.json"},{"path":"pack_icon_def.png"},{"path":"items/part/medium_body.json"},{"path":"loot_tables/blocks/loot/explosive_crate.json"},{"path":"recipes/items/part/small_handle.json"},{"path":"recipes/items/mag/ak47_mag.json"},{"path":"items/guns_fix.json"},{"path":"animation_controllers/guns/mp5a5.json"},{"path":"items/wearable/vest_6b3.json"},{"path":"functions/block/explode_landmine.mcfunction"},{"path":"entities/dummy/explosive_crate_explosion.json"},{"path":"items/wearable/nv_goggles.json"},{"path":"items/wearable/juggernaut_helmet.json"},{"path":"recipes/blocks/loot/ammo_crate.json"},{"path":"recipes/blocks/deco/hedgehog.json"},{"path":"items/wearable/juggernaut_chestplate.json"},{"path":"functions/guns/reload/awp.mcfunction"},{"path":"items/wearable/juggernaut_boots.json"},{"path":"recipes/blocks/deco/sandbag.json"},{"path":"items/wearable/gasmask.json"},{"path":"items/throwable/m67_grenade.json"},{"path":"items/part/small_barrel.json"},{"path":"features/spruce_bush_feature.json"},{"path":"items/part/medium_stock.json"},{"path":"functions/tick.json"},{"path":"items/attachment/scope_hp.json"},{"path":"items/part/medium_barrel.json"},{"path":"recipes/items/mag/m4a1_mag.json"},{"path":"items/part/mask_filter.json"},{"path":"items/part/heavy_body.json"},{"path":"scripts/command.js"},{"path":"functions/core/score.mcfunction"},{"path":"items/medical/bandage_military.json"},{"path":"items/medical/bandage.json"},{"path":"items/material/gunmetal_scrap.json"},{"path":"recipes/items/attachment/laser.json"},{"path":"items/material/gunmetal_nugget.json"},{"path":"items/material/copper_nugget.json"},{"path":"blocks/guns/muzzle_light_silenced.json"},{"path":"recipes/items/material/copper_nugget.json"},{"path":"items/material/bullet_gunpowder.json"},{"path":"items/material/blueprint_bundle.json"},{"path":"items/backpack/gun_backpack.json"},{"path":"items/wearable/juggernaut_leggings.json"},{"path":"functions/guns/bullet_counter/display.mcfunction"},{"path":"items/mag/m4a1_mag.json"},{"path":"items/mag/glock18_mag.json"},{"path":"items/mag/mp5a5_mag.json"},{"path":"items/mag/glock17_mag.json"},{"path":"items/mag/fnfal_mag.json"},{"path":"entities/projectile/bullet.json"},{"path":"recipes/items/guns/mp5a5.json"},{"path":"items/mag/ak47_mag.json"},{"path":"items/guns/m4a1.json"},{"path":"items/guns/glock18.json"},{"path":"recipes/items/material/gunmetal_nugget.json"},{"path":"items/guns/fnfal.json"},{"path":"recipes/blocks/deco/wooden_crate.json"},{"path":"items/guns/desert_eagle.json"},{"path":"recipes/items/attachment/acog_sight.json"},{"path":"recipes/items/material/blueprint_bundle.json"},{"path":"recipes/items/guns/fnfal.json"},{"path":"recipes/items/attachment/foregrip.json"},{"path":"items/guns/awp.json"},{"path":"recipes/items/mag/glock18_mag.json"},{"path":"entities/dummy/landmine_explosion.json"},{"path":"items/bullet/bullet_12gauge.json"},{"path":"items/guns/ak47.json"},{"path":"items/food/cooked_flesh.json"},{"path":"items/bullet/bullet_9x19pr.json"},{"path":"items/bullet/bullet_762x51.json"},{"path":"animations/player/health.json"},{"path":"items/mag/desert_eagle_mag.json"},{"path":"items/bullet/bullet_762x39.json"},{"path":"functions/guns/bullet_counter/glock18.mcfunction"},{"path":"functions/effect/explosion.mcfunction"},{"path":"items/bullet/bullet_556x45.json"},{"path":"items/material/gunmetal_ingot.json"},{"path":"feature_rules/taiga_first_double_plant_fern_feature.json"},{"path":"items/bullet/bullet_50ae.json"},{"path":"items/attachment/silencer.json"},{"path":"recipes/items/attachment/eotech_sight.json"},{"path":"items/attachment/foregrip.json"},{"path":"items/attachment/eotech_sight.json"},{"path":"recipes/items/material/gunmetal_ingot.json"},{"path":"features/spruce_tree_feature.json"},{"path":"recipes/items/mag/fnfal_mag.json"},{"path":"functions/guns/fire/glock17.mcfunction"},{"path":"functions/guns/reload/ak47.mcfunction"},{"path":"functions/wearable/tick.mcfunction"},{"path":"items/attachment/acog_sight.json"},{"path":"recipes/blocks/deco/wooden_barricade.json"},{"path":"recipes/items/food/furnace_flesh.json"},{"path":"recipes/blocks/deco/metal_rack.json"},{"path":"functions/effect/gun_dist.mcfunction"},{"path":"functions/guns/reload/m4a1.mcfunction"},{"path":"functions/guns/reload/glock18.mcfunction"},{"path":"functions/guns/reload/desert_eagle.mcfunction"},{"path":"functions/guns/fire/ak47.mcfunction"},{"path":"functions/guns/bullet_counter/mp5a5.mcfunction"},{"path":"recipes/items/wearable/juggernaut_chestplate.json"},{"path":"items/mag/awp_mag.json"},{"path":"functions/guns/bullet_counter/mossberg.mcfunction"},{"path":"items/part/medium_handle.json"},{"path":"items/part/small_handle.json"},{"path":"functions/guns/fire/mossberg.mcfunction"},{"path":"functions/core/join.mcfunction"},{"path":"recipes/items/mag/awp_mag.json"},{"path":"recipes/items/bullet/bullet_762x51.json"},{"path":"functions/guns/bullet_counter/m4a1.mcfunction"},{"path":"functions/effect/muzzle_flash.mcfunction"},{"path":"functions/guns/fire/desert_eagle.mcfunction"},{"path":"animation_controllers/throwable/m67_grenade.json"},{"path":"functions/guns/bullet_counter/fnfal.mcfunction"},{"path":"functions/guns/bullet_counter/desert_eagle.mcfunction"},{"path":"animations/player/guns.json"},{"path":"functions/block/explode_explosive_box.mcfunction"},{"path":"functions/guns/fire/fnfal.mcfunction"},{"path":"functions/core/setup.mcfunction"},{"path":"functions/guns/bullet_counter/awp.mcfunction"},{"path":"functions/guns/bullet_counter/ak47.mcfunction"},{"path":"recipes/items/medical/bandage.json"},{"path":"functions/guns/fire/mp5a5.mcfunction"},{"path":"animation_controllers/guns/fnfal.json"},{"path":"items/part/small_stock.json"},{"path":"blocks/loot/ammo_crate.json"},{"path":"items/guns/mp5a5.json"},{"path":"recipes/items/guns/glock17.json"},{"path":"items/part/heavy_barrel.json"},{"path":"animation_controllers/guns/mossberg.json"},{"path":"recipes/items/attachment/scope_hp.json"},{"path":"functions/guns/fire/glock18.mcfunction"},{"path":"features/oak_tree_feature.json"},{"path":"feature_rules/overworld_surface_flowers_feature.json"},{"path":"recipes/items/bullet/bullet_762x39.json"},{"path":"functions/guns/reload/glock17.mcfunction"},{"path":"animation_controllers/wearable/nv_goggles.json"},{"path":"functions/guns/reload/mossberg.mcfunction"},{"path":"feature_rules/taiga_surface_tall_grass_feature.json"},{"path":"animation_controllers/guns/awp.json"},{"path":"feature_rules/taiga_surface_spruce_bush_feature.json"},{"path":"blocks/deco/hazard_block.json"},{"path":"functions/guns/bullet_counter/glock17.mcfunction"},{"path":"items/part/small_body.json"},{"path":"recipes/items/guns/awp.json"},{"path":"functions/guns/fire/awp.mcfunction"},{"path":"animation_controllers/player/player.json"},{"path":"blocks/deco/wooden_barricade.json"},{"path":"functions/tick.mcfunction"},{"path":"recipes/items/guns_fix.json"},{"path":"functions/guns/reload/fnfal.mcfunction"},{"path":"animation_controllers/guns/ak47.json"},{"path":"functions/effect/gun_dryfire.mcfunction"},{"path":"animation_controllers/guns/desert_eagle.json"},{"path":"recipes/items/wearable/gasmask.json"},{"path":"blocks/deco/sandbag.json"},{"path":"blocks/deco/wooden_crate.json"},{"path":"recipes/items/material/bullet_gunpowder_to_gunpowder.json"},{"path":"blocks/deco/hedgehog.json"},{"path":"blocks/guns/muzzle_light.json"},{"path":"blocks/tools/workbench.json"},{"path":"items/attachment/scope_lp.json"},{"path":"entities/throwable/m67_grenade.json"},{"path":"items/attachment/laser.json"},{"path":"loot_tables/blocks/loot/ammo_crate.json"},{"path":"animation_controllers/player/guns.json"},{"path":"features/birch_tree_feature.json"},{"path":"animation_controllers/guns/m4a1.json"},{"path":"animation_controllers/guns/glock18.json"},{"path":"functions/guns/reload/mp5a5.mcfunction"},{"path":"blocks/deco/landmine.json"},{"path":"animation_controllers/guns/glock17.json"}],"version":1}