{"format_version":"1.20.10","minecraft:recipe_shaped":{"description":{"identifier":"gabrielaplok:glock18"},"tags":["workbench"],"pattern":[" D "," BC"," EF"],"key":{"A":{"item":"gabrielaplok:small_stock"},"B":{"item":"gabrielaplok:small_body"},"C":{"item":"gabrielaplok:small_barrel"},"D":{"item":"gabrielaplok:blueprint_bundle"},"E":{"item":"gabrielaplok:small_handle"},"F":{"item":"gabrielaplok:glock18_mag"}},"unlock":[{"item":"gabrielaplok:glock18_mag"}],"result":{"item":"gabrielaplok:glock18"}}}