{"format_version":"1.20.10","minecraft:recipe_shaped":{"description":{"identifier":"gabrielaplok:mossberg"},"tags":["workbench"],"pattern":[" D ","ABC"," EF"],"key":{"A":{"item":"gabrielaplok:medium_stock"},"B":{"item":"gabrielaplok:heavy_body"},"C":{"item":"gabrielaplok:heavy_barrel"},"D":{"item":"gabrielaplok:blueprint_bundle"},"E":{"item":"gabrielaplok:medium_handle"},"F":{"item":"gabrielaplok:bullet_12gauge"}},"unlock":[{"item":"gabrielaplok:bullet_12gauge"}],"result":{"item":"gabrielaplok:mossberg"}}}