{
  "format_version": "1.16.0",
  "minecraft:entity": {
    "description": {
      "identifier": "bike:mountain",
      "is_spawnable": true,
      "is_summonable": true,
      "is_experimental": false
	},
	"component_groups": {
		"minecraft:bicycle": {
		        "minecraft:is_tamed": {
		    }
		}
    },
  "components": {
    "minecraft:type_family": {
      "family": [
        "undead"
      ]
    },
    "minecraft:loot": {
      "table": "loot_tables/empty.json"
    },
    "minecraft:breathable": {
      "totalSupply": 15,
      "suffocateTime": 0,
      "breathesWater": false
    },
    "minecraft:health": {
      "value": 70,
      "max": 70
    },
    "minecraft:leashable": {
      "soft_distance": 14.0,
      "hard_distance": 10.0,
      "max_distance": 20.0
    },
	  "minecraft:is_chested": {
    },
    "minecraft:knockback_resistance": {
      "value": 0.9
    },
    "minecraft:scale": {
      "value": 1.1  
    },
    "minecraft:horse.jump_strength": {
      "value": 0.4
    },
    "minecraft:movement": {
      "value": 0.26
    },
    "minecraft:underwater_movement": {
      "value": 0.001
    },
    "minecraft:navigation.walk": {
      "is_amphibious": true,
      "avoid_water": true
    },
    "minecraft:movement.basic": {},
    "minecraft:jump.static": {},
    "minecraft:nameable": {},
    "minecraft:rideable": {
      "seat_count": 1,
      "controlling_seat": 0,
      "family_types": [
        "player",
        "villager"
      ],
      "interact_text": "Ride Bmx",
      "pull_in_entities": true,
      "seats": [
        {
          "position": [
            0,
            0.85,
            -0.2                    
          ]
        }
      ]
    },
    "minecraft:behavior.player_ride_tamed": {},
    "minecraft:input_ground_controlled": {},
    "minecraft:can_power_jump": {},
    "minecraft:balloonable": {},
    "minecraft:collision_box": {
      "width": 1.2,
      "height": 1.12
    },
    "minecraft:healable": {
      "items": [
        {
          "item": "gear:repairkit",
          "heal_amount": 25
        }
      ]
    },
    "minecraft:damage_sensor": {
      "triggers": {
        "cause": "fall",
        "deals_damage": false
      }
    },
    "minecraft:is_tamed": {},
    "minecraft:fire_immune": false,
    "minecraft:pushable": {
      "is_pushable": false,
      "is_pushable_by_piston": false
    },
    "minecraft:physics": {}
    }
},
    "events": {
        "minecraft:entity_spawned": {
            "sequence": [
                {
                    "randomize": [
                        {
                            "weight": 100,
                            "add": {
                                "component_groups": [
                                    "minecraft:bicycle"
                                ]
                            }
                        }
                    ]
                },
                {
                    "randomize": [
                        {
                            "weight": 100,
                            "add": {
                                "component_groups": [
                                    "minecraft:grey"
                                ]
                            }
                        },                        
                        {
                            "weight": 100,
                            "add": {
                                "component_groups": [
                                    "minecraft:red"
                                ]
                            }
                        },
                        {
                            "weight": 100,
                            "add": {
                                "component_groups": [
                                    "minecraft:green"
                                ]
                            }
                        }
                    ]
                }
            ]
        },
        "minecraft:turn_grey": {
            "add": {
                "component_groups": [
                    "minecraft:grey"
                ]
            }
        },
		"minecraft:turn_red": {
            "add": {
				"component_groups": [
					"minecraft:red"
				]
			}
		},
		"minecraft:turn_green": {
            "add": {
				"component_groups": [
					"minecraft:green"
				]
			}
		},	
		"minecraft:turn_blue": {
            "add": {
				"component_groups": [
					"minecraft:blue"
				]
			}
		},
        "minecraft:turn_yellow": {
            "add": {
				"component_groups": [
					"minecraft:yellow"
				]
            }
		},
		"minecraft:turn_pink": {
            "add": {
				"component_groups": [
					"minecraft:pink"
				]
			}
		},
        "minecraft:turn_black": {
            "add": {
				"component_groups": [
					"minecraft:black"
				]
			}
		},
        "minecraft:turn_purple": {
			"add": {
				"component_groups": [
					"minecraft:purple"
				]
            }
        },  
        "minecraft:turn_orange": {
            "add": {
				"component_groups": [
					"minecraft:orange"
				]
			}
		},
        "minecraft:turn_brown": {
            "add": {
				"component_groups": [
					"minecraft:brown"
				]
			}
		},
        "minecraft:turn_cyan": {
			"add": {
				"component_groups": [
					"minecraft:cyan"
				]
            }
        },        
        "minecraft:horse_saddled": {
            "add": {
                "component_groups": [
                    "minecraft:horse_saddled"
                ]
            }
        },
        "minecraft:horse_unsaddled": {
		    "add": {
                "component_groups": [
                        "minecraft:bugfixer"
                    ]
                },
                "remove": {
                    "component_groups": [
                        "minecraft:horse_saddled"
                    ]
                }
            },
	        "minecraft:bugfix": {
		        "add": {
                    "component_groups": [
                        "minecraft:bicycle"
                    ]
                },
                "remove": {
                    "component_groups": [
                        "minecraft:bugfixer"
                    ] 
                }
            } 
        }
    }
}