{"namespace":"hud","hud_title_text/title_frame/title":{"ignored":"(not ((#text > 'hud.a') and (#text < 'hud.z')))"},"hud_elements@common.empty_panel":{"size":["100%","100%"],"controls":[{"hud_elements@hud_elements.hud_elements":{}}]},"hud_content_bg@common.empty_panel":{"size":["100%","100%"],"controls":[{"hud_elements":{"type":"panel","factory":{"name":"hud_title_text_factory","control_ids":{"hud_title_text":"hud_elements@hud.hud_elements"}}}}]},"hud_screen@common.base_screen":{"$screen_bg_content":"hud.hud_content_bg"}}