{"format_version":"1.20.40","animation_controllers":{"controller.animation.player.guns_root":{"initial_state":"first_person","states":{"first_person":{"animations":[{"first_person_shield_block":"q.blocking"},"first_person_base_pose",{"first_person_map_controller":"q.get_equipped_item_name('off_hand') == 'filled_map'"},{"first_person_breathing_bob":"v.attack_time <= 0"}],"transitions":[{"paperdoll":"v.is_paperdoll"},{"third_person":"!v.is_first_person"}]},"paperdoll":{"animations":["humanoid_base_pose","look_at_target_ui","move.arms","move.legs","cape"],"transitions":[{"first_person":"!v.is_paperdoll && v.is_first_person"},{"third_person":"!v.is_paperdoll && !v.is_first_person"}]},"third_person":{"animations":["humanoid_base_pose",{"look_at_target":"!q.is_sleeping && !q.is_emoting"},"move.arms","move.legs","cape",{"riding.arms":"q.is_riding"},{"riding.legs":"q.is_riding"},"holding",{"sneaking":"q.is_sneaking && !q.is_sleeping"},{"damage_nearby_mobs":"v.damage_nearby_mobs"},{"swimming":"v.swim_amount > 0"},{"swimming.legs":"v.swim_amount > 0"},{"crawling":"q.is_crawling"},{"crawling.legs":"q.is_crawling"},{"sleeping":"q.is_sleeping && q.is_alive"},{"shield_block_off_hand":"q.blocking && q.get_equipped_item_name('off_hand') == 'shield'"}],"transitions":[{"paperdoll":"v.is_paperdoll"},{"first_person":"v.is_first_person"}]}}},"controller.animation.player.guns_hold":{"initial_state":"first_person","states":{"first_person":{"animations":[{"ak47_item":"v.ak47"},{"awp_item":"v.awp"},{"desert_eagle_item":"v.desert_eagle"},{"fnfal_item":"v.fnfal"},{"glock18_item":"v.glock17"},{"glock18_item":"v.glock18"},{"m4a1_item":"v.m4a1"},{"mossberg_item":"v.mossberg"},{"mp5a5_item":"v.mp5a5"},"ak47_controller","awp_controller","desert_eagle_controller","fnfal_controller","glock17_controller","glock18_controller","m4a1_controller","mossberg_controller","mp5a5_controller",{"ak47_ads_controller":"v.ak47"},{"awp_ads_controller":"v.awp"},{"desert_eagle_ads_controller":"v.desert_eagle"},{"fnfal_ads_controller":"v.fnfal"},{"glock17_ads_controller":"v.glock17"},{"glock18_ads_controller":"v.glock18"},{"m4a1_ads_controller":"v.m4a1"},{"mossberg_ads_controller":"v.mossberg"},{"mp5a5_ads_controller":"v.mp5a5"},"m67_grenade_controller",{"m67_grenade_aim_controller":"v.m67_grenade"},{"guns_fpp_run_controller":"v.guns"},{"guns_fpp_stand_controller":"v.guns"},{"sight":"v.sight_ui && q.is_sneaking"}],"transitions":[{"third_person":"!v.is_first_person"}]},"third_person":{"animations":[{"ak47_item":"v.ak47"},{"guns_tpp_controller":"v.ak47"},{"awp_item":"v.awp"},{"guns_tpp_controller":"v.awp"},{"desert_eagle_item":"v.desert_eagle"},{"guns_tpp_controller":"v.desert_eagle"},{"fnfal_item":"v.fnfal"},{"guns_tpp_controller":"v.fnfal"},{"glock18_item":"v.glock17"},{"guns_tpp_controller":"v.glock17"},{"glock18_item":"v.glock18"},{"guns_tpp_controller":"v.glock18"},{"m4a1_item":"v.m4a1"},{"guns_tpp_controller":"v.m4a1"},{"mossberg_item":"v.mossberg"},{"guns_tpp_controller":"v.mossberg"},{"mp5a5_item":"v.mp5a5"},{"guns_tpp_controller":"v.mp5a5"},{"m67_grenade_item":"v.m67_grenade"}],"transitions":[{"first_person":"v.is_first_person"}]}}},"controller.animation.player.guns_fpp_run":{"initial_state":"inactive","states":{"inactive":{"transitions":[{"run":"q.is_sprinting && !q.is_sneaking && !q.main_hand_item_use_duration && !v.is_reloading"}],"blend_transition":0.6,"blend_via_shortest_path":true},"run":{"animations":["guns_fpp_run"],"transitions":[{"inactive":"!q.is_sprinting || q.is_sneaking || q.main_hand_item_use_duration || v.is_reloading"}],"blend_transition":0.2,"blend_via_shortest_path":true}}},"controller.animation.player.guns_fpp_stand":{"initial_state":"inactive","states":{"inactive":{"transitions":[{"stand_delay":"v.standing"}],"blend_transition":0.1,"blend_via_shortest_path":true},"stand_delay":{"on_entry":["v.stand_delay = q.life_time;"],"on_exit":["v.stand_delay = 0;"],"transitions":[{"inactive":"!v.standing"},{"stand":"v.standing && (q.life_time - v.stand_delay) >= 2.75"}],"blend_transition":0.1,"blend_via_shortest_path":true},"stand":{"on_entry":["v.is_standing = 1;"],"on_exit":["v.is_standing = 0;"],"animations":["guns_fpp_stand"],"transitions":[{"inactive":"!v.standing"}],"blend_transition":0.1,"blend_via_shortest_path":true}}},"controller.animation.player.guns_tpp":{"initial_state":"inactive","states":{"inactive":{"transitions":[{"hold":"v.guns && !q.is_sleeping && !q.is_emoting && !v.swim_amount && !q.is_crawling"}],"blend_transition":0.2,"blend_via_shortest_path":true},"hold":{"animations":["guns_tpp_hold"],"transitions":[{"inactive":"!v.guns || q.is_sleeping || q.is_emoting || v.swim_amount || q.is_crawling"},{"sneak":"q.is_sneaking"},{"reload":"v.is_reloading"},{"run":"q.is_sprinting && !q.is_sneaking && !q.main_hand_item_use_duration && !v.is_reloading"}],"blend_transition":0.2,"blend_via_shortest_path":true},"sneak":{"animations":["guns_tpp_hold"],"transitions":[{"inactive":"!v.guns || q.is_sleeping || q.is_emoting || v.swim_amount || q.is_crawling"},{"hold":"!q.is_sneaking"},{"reload":"v.is_reloading"},{"run":"q.is_sprinting && !q.is_sneaking && !q.main_hand_item_use_duration && !v.is_reloading"}],"blend_transition":0.2,"blend_via_shortest_path":true},"reload":{"animations":["guns_tpp_stand"],"transitions":[{"inactive":"!v.guns || q.is_sleeping || q.is_emoting || v.swim_amount || q.is_crawling"},{"hold":"!v.is_reloading"}],"blend_transition":0.2,"blend_via_shortest_path":true},"run":{"animations":["guns_tpp_stand"],"transitions":[{"inactive":"!q.is_sprinting || q.is_sneaking || q.main_hand_item_use_duration || v.is_reloading"}],"blend_transition":0.2,"blend_via_shortest_path":true}}}}}