{
    "format_version": "1.8.0",
    "render_controllers": {
        "controller.render.bmx": {
			"arrays": {
				"textures": {
					"Array.skins": [
						"Texture.grey",
						"Texture.yellow",
						"Texture.black"
					]
				}
			},
			"geometry": "Geometry.default",
			"materials": [ { "*": "Material.default" } ],
			"textures": [ "Array.skins[query.variant]" ]
			}
	     }
	  },
      "is_hurt_color": {
        "r": "0.2",
        "g": "0",
        "b": "0",
        "a": "0.1"
      },
      "on_fire_color": {
        "r": "0.2",
        "g": "0",
        "b": "0",
        "a": "0.1"
        }
    }
}