{"format_version":"1.20.30","minecraft:item":{"description":{"identifier":"gabrielaplok:bandage","menu_category":{"category":"items","group":"Medical"}},"components":{"minecraft:cooldown":{"category":"medical","duration":1},"minecraft:display_name":{"value":"item.bandage.name"},"minecraft:icon":{"texture":"bandage"},"minecraft:on_use":{"on_use":{"event":"gabrielaplok:used"}}},"events":{"gabrielaplok:used":{"sequence":[{"run_command":{"command":["playsound armor.equip_leather @s[r=10] ~~~ 1 1 0.01"]}},{"add_mob_effect":{"effect":"regeneration","amplifier":2,"duration":16}},{"decrement_stack":{}},{"swing":{}}]}}}}