{
  "resource_pack_name": "domestic_moba",
  "texture_name": "atlas.items",
  "texture_data": {
    "mdz:niva_key": {
      "textures": [
        "textures/niva/items/niva_key"
      ]
    },
    "mdz:niva": {
      "textures": [
        "textures/niva/items/niva"
      ]
    },
    "mdz:door_open": {
      "textures": [
        "textures/niva/items/door_open"
      ]
    },
    "mdz:door_close": {
      "textures": [
        "textures/niva/items/door_close"
      ]
    },
    "mdz:niva_color1": {
      "textures": [
        "textures/niva/items/color1"
      ]
    },
    "mdz:niva_color2": {
      "textures": [
        "textures/niva/items/color2"
      ]
    },
    "mdz:niva_color3": {
      "textures": [
        "textures/niva/items/color3"
      ]
    },
    "mdz:niva_color4": {
      "textures": [
        "textures/niva/items/color4"
      ]
    },
    "mdz:niva_color5": {
      "textures": [
        "textures/niva/items/color5"
      ]
    },
    "mdz:niva_color6": {
      "textures": [
        "textures/niva/items/color6"
      ]
    },
    "mdz:niva_color7": {
      "textures": [
        "textures/niva/items/color7"
      ]
    },
    "mdz:niva_color8": {
      "textures": [
        "textures/niva/items/color8"
      ]
    },
    "mdz:bug_color9": {
      "textures": [
        "textures/bug/items/color9"
      ]
    },
    "mdz:bug_color10": {
      "textures": [
        "textures/bug/items/color10"
      ]
    },

    "mdz:niva_use_lights_on": {
      "textures": [
        "textures/niva/items/lights/lights_on"
      ]
    },
    "mdz:niva_use_lights_off": {
      "textures": [
        "textures/niva/items/lights/lights_off"
      ]
    },  
"mdz:use_speed_1niva": {
      "textures": [
        "textures/niva/items/speed/use_speed_1niva"
      ]
    },
    "mdz:use_speed_2niva": {
      "textures": [
        "textures/niva/items/speed/use_speed_2niva"
      ]
    },
    "mdz:use_speed_3niva": {
      "textures": [
        "textures/niva/items/speed/use_speed_3niva"
      ]
    },
    "mdz:use_speed_4niva": {
      "textures": [
        "textures/niva/items/speed/use_speed_4niva"
      ]
    },
    "mdz:use_speed_5niva": {
      "textures": [
        "textures/niva/items/speed/use_speed_5niva"
      ]
    },
    "mdz:use_speed_6niva": {
      "textures": [
        "textures/niva/items/speed/use_speed_6niva"
      ]
    }
  }
}