{
	"file_path": "/home/yulian/.local/share/mcpelauncher/games/com.mojang/development_resource_packs/HelicopterRP/animations/helicopter.animation.json",
	"file_type": "rp_animation",
	"format_version": 1,
	"file_uuid": "8f91b706_b26d_4c28_9460_8639dd18207c",
	"file_version": 1,
	"cache_content": {
		"children": [
			{
				"data": "1.8.0",
				"key": "format_version"
			},
			{
				"open": {
					"format_version": "1.8.0",
					"animations": {
						"animation.helicopter.rotar": {
							"loop": true,
							"animation_length": 0.33333,
							"bones": {
								"Helice": {
									"rotation": {
										"0.0": [
											-2.5,
											-5,
											0
										],
										"0.0417": [
											-2.5,
											0,
											0
										],
										"0.0833": [
											-2.5,
											7.5,
											0
										],
										"0.125": [
											-2.5,
											15,
											0
										],
										"0.1667": [
											-2.5,
											25,
											0
										],
										"0.25": [
											-2.5,
											45,
											0
										],
										"0.3333": [
											-2.5,
											62.5,
											0
										]
									},
									"position": {
										"0.0": [
											1,
											0,
											0
										],
										"0.0833": [
											0,
											0,
											0
										],
										"0.125": [
											-1,
											0,
											0
										],
										"0.1667": [
											-2,
											0,
											0
										],
										"0.25": [
											-5,
											0,
											1
										],
										"0.3333": [
											-7,
											0,
											3
										]
									}
								}
							}
						}
					}
				},
				"key": "animations",
				"children": [
					{
						"key": "animation.helicopter.rotar",
						"children": [
							{
								"data": "true",
								"key": "loop"
							},
							{
								"data": "0.33333",
								"key": "animation_length"
							},
							{
								"open": {
									"loop": true,
									"animation_length": 0.33333,
									"bones": {
										"Helice": {
											"rotation": {
												"0.0": [
													-2.5,
													-5,
													0
												],
												"0.0417": [
													-2.5,
													0,
													0
												],
												"0.0833": [
													-2.5,
													7.5,
													0
												],
												"0.125": [
													-2.5,
													15,
													0
												],
												"0.1667": [
													-2.5,
													25,
													0
												],
												"0.25": [
													-2.5,
													45,
													0
												],
												"0.3333": [
													-2.5,
													62.5,
													0
												]
											},
											"position": {
												"0.0": [
													1,
													0,
													0
												],
												"0.0833": [
													0,
													0,
													0
												],
												"0.125": [
													-1,
													0,
													0
												],
												"0.1667": [
													-2,
													0,
													0
												],
												"0.25": [
													-5,
													0,
													1
												],
												"0.3333": [
													-7,
													0,
													3
												]
											}
										}
									}
								},
								"key": "bones",
								"children": [
									{
										"open": {
											"Helice": {
												"rotation": {
													"0.0": [
														-2.5,
														-5,
														0
													],
													"0.0417": [
														-2.5,
														0,
														0
													],
													"0.0833": [
														-2.5,
														7.5,
														0
													],
													"0.125": [
														-2.5,
														15,
														0
													],
													"0.1667": [
														-2.5,
														25,
														0
													],
													"0.25": [
														-2.5,
														45,
														0
													],
													"0.3333": [
														-2.5,
														62.5,
														0
													]
												},
												"position": {
													"0.0": [
														1,
														0,
														0
													],
													"0.0833": [
														0,
														0,
														0
													],
													"0.125": [
														-1,
														0,
														0
													],
													"0.1667": [
														-2,
														0,
														0
													],
													"0.25": [
														-5,
														0,
														1
													],
													"0.3333": [
														-7,
														0,
														3
													]
												}
											}
										},
										"key": "Helice",
										"is_minified": true,
										"children": {
											"rotation": {
												"0.0": [
													-2.5,
													-5,
													0
												],
												"0.0417": [
													-2.5,
													0,
													0
												],
												"0.0833": [
													-2.5,
													7.5,
													0
												],
												"0.125": [
													-2.5,
													15,
													0
												],
												"0.1667": [
													-2.5,
													25,
													0
												],
												"0.25": [
													-2.5,
													45,
													0
												],
												"0.3333": [
													-2.5,
													62.5,
													0
												]
											},
											"position": {
												"0.0": [
													1,
													0,
													0
												],
												"0.0833": [
													0,
													0,
													0
												],
												"0.125": [
													-1,
													0,
													0
												],
												"0.1667": [
													-2,
													0,
													0
												],
												"0.25": [
													-5,
													0,
													1
												],
												"0.3333": [
													-7,
													0,
													3
												]
											}
										}
									}
								]
							}
						]
					}
				]
			}
		]
	}
}