{"format_version":"1.10.0","particle_effect":{"description":{"identifier":"gabrielaplok:bullet_hole1","basic_render_parameters":{"material":"particles_blend","texture":"textures/particle/hole"}},"components":{"minecraft:emitter_rate_instant":{"num_particles":1},"minecraft:emitter_lifetime_once":{"active_time":100},"minecraft:emitter_shape_point":{},"minecraft:particle_lifetime_expression":{"max_lifetime":10},"minecraft:particle_motion_parametric":{"relative_position":[0,0.01,0]},"minecraft:particle_appearance_billboard":{"size":[0.05,0.05],"facing_camera_mode":"emitter_transform_xz","uv":{"texture_width":16,"texture_height":16,"uv":[0,0],"uv_size":[16,16]}},"minecraft:particle_appearance_lighting":{},"minecraft:particle_appearance_tinting":{"color":[1,1,1,"math.clamp(1 - math.clamp(v.particle_age / v.particle_lifetime, 0, 1), 0, 1)"]}}}}