{"format_version":"1.10.0","particle_effect":{"description":{"identifier":"gabrielaplok:bullet_sparks","basic_render_parameters":{"material":"particles_add","texture":"textures/particle/particles"}},"components":{"minecraft:emitter_rate_instant":{"num_particles":"math.random(4, 8)"},"minecraft:emitter_lifetime_once":{"active_time":1},"minecraft:emitter_shape_point":{"offset":[0,0.05,0],"direction":["math.random(-0.4, 0.4)","math.random(0, 1)","math.random(-0.4, 0.4)"]},"minecraft:particle_lifetime_expression":{"max_lifetime":"math.random(2, 4)"},"minecraft:particle_initial_speed":"math.random(2, 6)","minecraft:particle_motion_dynamic":{"linear_acceleration":[0,-9.807,0]},"minecraft:particle_expire_if_in_blocks":["minecraft:water","minecraft:flowing_water"],"minecraft:particle_appearance_billboard":{"size":["(0.01 + v.particle_random_1 * 0.01) - (0.01 * v.particle_age)","(0.01 + v.particle_random_1 * 0.01) - (0.01 * v.particle_age)"],"facing_camera_mode":"rotate_xyz","uv":{"texture_width":128,"texture_height":128,"uv":[10,26],"uv_size":[2,2]}},"minecraft:particle_motion_collision":{"collision_drag":1,"coefficient_of_restitution":0.1,"collision_radius":0.1}}}}