{"format_version":"1.20.40","animation_controllers":{"controller.animation.player.guns_hold":{"initial_state":"default","states":{"default":{"animations":["guns_variables","ak47_controller",{"ak47_reload":"q.is_item_name_any('slot.weapon.mainhand', 'gabrielaplok:ak47') && q.property('gabrielaplok:reloading')"},{"awp_reload":"q.is_item_name_any('slot.weapon.mainhand', 'gabrielaplok:awp') && q.property('gabrielaplok:reloading')"},{"desert_eagle_reload":"q.is_item_name_any('slot.weapon.mainhand', 'gabrielaplok:desert_eagle') && q.property('gabrielaplok:reloading')"},{"fnfal_reload":"q.is_item_name_any('slot.weapon.mainhand', 'gabrielaplok:fnfal') && q.property('gabrielaplok:reloading')"},{"glock17_reload":"q.is_item_name_any('slot.weapon.mainhand', 'gabrielaplok:glock17') && q.property('gabrielaplok:reloading')"},{"glock18_reload":"q.is_item_name_any('slot.weapon.mainhand', 'gabrielaplok:glock18') && q.property('gabrielaplok:reloading')"},{"m4a1_reload":"q.is_item_name_any('slot.weapon.mainhand', 'gabrielaplok:m4a1') && q.property('gabrielaplok:reloading')"},{"mossberg_reload":"q.is_item_name_any('slot.weapon.mainhand', 'gabrielaplok:mossberg') && q.property('gabrielaplok:reloading')"},{"mp5a5_reload":"q.is_item_name_any('slot.weapon.mainhand', 'gabrielaplok:mp5a5') && q.property('gabrielaplok:reloading')"},"awp_controller","desert_eagle_controller","fnfal_controller","glock17_controller","glock18_controller","m4a1_controller","mossberg_controller","mp5a5_controller","m67_grenade_controller",{"guns_bullet_counter_controller":"q.equipped_item_all_tags('slot.weapon.mainhand', 'is_gun')"},"guns_swap_controller","guns_sight_controller","guns_sneak_controller"]}}},"controller.animation.player.guns_bullet_counter":{"initial_state":"inactive","states":{"inactive":{"transitions":[{"display":"!q.property('gabrielaplok:reloading')"},{"reloading":"q.property('gabrielaplok:reloading')"}]},"display":{"on_entry":["/function guns/bullet_counter/display"],"transitions":[{"inactive":"1"}]},"reloading":{"on_entry":["/titleraw @s actionbar {\"rawtext\":[{\"translate\":\"game.tip.reloading\"}]}"],"transitions":[{"inactive":"1"}]}}},"controller.animation.player.guns_swap":{"initial_state":"inactive","states":{"inactive":{"transitions":[{"ak47":"q.is_item_name_any('slot.weapon.mainhand', 'gabrielaplok:ak47')"},{"awp":"q.is_item_name_any('slot.weapon.mainhand', 'gabrielaplok:awp')"},{"desert_eagle":"q.is_item_name_any('slot.weapon.mainhand', 'gabrielaplok:desert_eagle')"},{"fnfal":"q.is_item_name_any('slot.weapon.mainhand', 'gabrielaplok:fnfal')"},{"glock17":"q.is_item_name_any('slot.weapon.mainhand', 'gabrielaplok:glock17')"},{"glock18":"q.is_item_name_any('slot.weapon.mainhand', 'gabrielaplok:glock18')"},{"m4a1":"q.is_item_name_any('slot.weapon.mainhand', 'gabrielaplok:m4a1')"},{"mossberg":"q.is_item_name_any('slot.weapon.mainhand', 'gabrielaplok:mossberg')"},{"mp5a5":"q.is_item_name_any('slot.weapon.mainhand', 'gabrielaplok:mp5a5')"}]},"ak47":{"on_entry":["/camerashake add @s 0.04 0.2 rotational","/playsound effect.gun.draw @a[r=20] ~~~ 1 1 0.01"],"transitions":[{"inactive":"!q.is_item_name_any('slot.weapon.mainhand', 'gabrielaplok:ak47')"}]},"awp":{"on_entry":["/camerashake add @s 0.06 0.2 rotational","/playsound effect.gun.draw @a[r=20] ~~~ 1 1 0.01"],"transitions":[{"inactive":"!q.is_item_name_any('slot.weapon.mainhand', 'gabrielaplok:awp')"}]},"desert_eagle":{"on_entry":["/camerashake add @s 0.06 0.2 rotational","/playsound effect.gun.draw @a[r=20] ~~~ 1 1 0.01"],"transitions":[{"inactive":"!q.is_item_name_any('slot.weapon.mainhand', 'gabrielaplok:desert_eagle')"}]},"fnfal":{"on_entry":["/camerashake add @s 0.04 0.2 rotational","/playsound effect.gun.draw @a[r=20] ~~~ 1 1 0.01"],"transitions":[{"inactive":"!q.is_item_name_any('slot.weapon.mainhand', 'gabrielaplok:fnfal')"}]},"glock17":{"on_entry":["/camerashake add @s 0.02 0.2 rotational","/playsound effect.gun.draw @a[r=20] ~~~ 1 1 0.01"],"transitions":[{"inactive":"!q.is_item_name_any('slot.weapon.mainhand', 'gabrielaplok:glock17')"}]},"glock18":{"on_entry":["/camerashake add @s 0.02 0.2 rotational","/playsound effect.gun.draw @a[r=20] ~~~ 1 1 0.01"],"transitions":[{"inactive":"!q.is_item_name_any('slot.weapon.mainhand', 'gabrielaplok:glock18')"}]},"m4a1":{"on_entry":["/camerashake add @s 0.04 0.2 rotational","/playsound effect.gun.draw @a[r=20] ~~~ 1 1 0.01"],"transitions":[{"inactive":"!q.is_item_name_any('slot.weapon.mainhand', 'gabrielaplok:m4a1')"}]},"mossberg":{"on_entry":["/camerashake add @s 0.06 0.2 rotational","/playsound effect.gun.draw @a[r=20] ~~~ 1 1 0.01"],"transitions":[{"inactive":"!q.is_item_name_any('slot.weapon.mainhand', 'gabrielaplok:mossberg')"}]},"mp5a5":{"on_entry":["/camerashake add @s 0.04 0.2 rotational","/playsound effect.gun.draw @a[r=20] ~~~ 1 1 0.01"],"transitions":[{"inactive":"!q.is_item_name_any('slot.weapon.mainhand', 'gabrielaplok:mp5a5')"}]}}},"controller.animation.player.guns_sight":{"initial_state":"inactive","states":{"inactive":{"transitions":[{"scope_lp":"q.equipped_item_all_tags('slot.weapon.mainhand', 'is_gun') && v.sight == 4 && !q.property('gabrielaplok:reloading') && !q.property('gabrielaplok:pull_back') && q.is_sneaking"},{"scope_hp":"q.equipped_item_all_tags('slot.weapon.mainhand', 'is_gun') && v.sight == 3 && !q.property('gabrielaplok:reloading') && !q.property('gabrielaplok:pull_back') && q.is_sneaking"},{"acog":"q.equipped_item_all_tags('slot.weapon.mainhand', 'is_gun') && v.sight == 2 && !q.property('gabrielaplok:reloading') && !q.property('gabrielaplok:pull_back') && q.is_sneaking"},{"eotech":"q.equipped_item_all_tags('slot.weapon.mainhand', 'is_gun') && v.sight == 1 && !q.property('gabrielaplok:reloading') && !q.property('gabrielaplok:pull_back') && q.is_sneaking"},{"default":"q.equipped_item_all_tags('slot.weapon.mainhand', 'is_gun') && v.sight == 0 && !q.property('gabrielaplok:reloading') && !q.property('gabrielaplok:pull_back') && q.is_sneaking"}]},"scope_lp":{"transitions":[{"inactive":"!q.equipped_item_all_tags('slot.weapon.mainhand', 'is_gun') || v.sight != 4 || q.property('gabrielaplok:reloading') || q.property('gabrielaplok:pull_back') || !q.is_sneaking"}],"on_entry":["/title @s title hud.open_ads","/effect @s slowness 999999999 8 true"],"on_exit":["/title @s title hud.close_ads","/effect @s slowness 0 0"]},"scope_hp":{"transitions":[{"inactive":"!q.equipped_item_all_tags('slot.weapon.mainhand', 'is_gun') || v.sight != 3 || q.property('gabrielaplok:reloading') || q.property('gabrielaplok:pull_back') || !q.is_sneaking"}],"on_entry":["/title @s title hud.open_ads","/effect @s slowness 999999999 8 true"],"on_exit":["/title @s title hud.close_ads","/effect @s slowness 0 0"]},"acog":{"transitions":[{"inactive":"!q.equipped_item_all_tags('slot.weapon.mainhand', 'is_gun') || v.sight != 2 || q.property('gabrielaplok:reloading') || q.property('gabrielaplok:pull_back') || !q.is_sneaking"}],"on_entry":["/title @s title hud.open_ads","/effect @s slowness 999999999 6 true"],"on_exit":["/title @s title hud.close_ads","/effect @s slowness 0 0"]},"eotech":{"transitions":[{"inactive":"!q.equipped_item_all_tags('slot.weapon.mainhand', 'is_gun') || v.sight != 1 || q.property('gabrielaplok:reloading') || q.property('gabrielaplok:pull_back') || !q.is_sneaking"}],"on_entry":["/title @s title hud.open_ads","/effect @s slowness 999999999 4 true"],"on_exit":["/title @s title hud.close_ads","/effect @s slowness 0 0"]},"default":{"transitions":[{"inactive":"!q.equipped_item_all_tags('slot.weapon.mainhand', 'is_gun') || v.sight != 0 || q.property('gabrielaplok:reloading') || q.property('gabrielaplok:pull_back') || !q.is_sneaking"}],"on_entry":["/title @s title hud.open_ads","/effect @s slowness 999999999 1 true"],"on_exit":["/title @s title hud.close_ads","/effect @s slowness 0 0"]}}},"controller.animation.player.guns_sneak":{"initial_state":"inactive","states":{"inactive":{"transitions":[{"ak47":"q.is_item_name_any('slot.weapon.mainhand', 'gabrielaplok:ak47') && q.is_sneaking"},{"awp":"q.is_item_name_any('slot.weapon.mainhand', 'gabrielaplok:awp') && q.is_sneaking"},{"desert_eagle":"q.is_item_name_any('slot.weapon.mainhand', 'gabrielaplok:desert_eagle') && q.is_sneaking"},{"fnfal":"q.is_item_name_any('slot.weapon.mainhand', 'gabrielaplok:fnfal') && q.is_sneaking"},{"glock17":"q.is_item_name_any('slot.weapon.mainhand', 'gabrielaplok:glock17') && q.is_sneaking"},{"glock18":"q.is_item_name_any('slot.weapon.mainhand', 'gabrielaplok:glock18') && q.is_sneaking"},{"m4a1":"q.is_item_name_any('slot.weapon.mainhand', 'gabrielaplok:m4a1') && q.is_sneaking"},{"mossberg":"q.is_item_name_any('slot.weapon.mainhand', 'gabrielaplok:mossberg') && q.is_sneaking"},{"mp5a5":"q.is_item_name_any('slot.weapon.mainhand', 'gabrielaplok:mp5a5') && q.is_sneaking"}]},"ak47":{"on_entry":["/camerashake add @s 0.04 0.2 rotational","/playsound effect.gun.ads_out @a[r=20] ~~~ 1 1 0.01"],"on_exit":["/camerashake add @s 0.04 0.2 rotational","/playsound effect.gun.ads_in @a[r=20] ~~~ 1 1 0.01"],"transitions":[{"inactive":"!q.is_item_name_any('slot.weapon.mainhand', 'gabrielaplok:ak47') || !q.is_sneaking"}]},"awp":{"on_entry":["/camerashake add @s 0.06 0.2 rotational","/playsound effect.gun.lean_out @a[r=20] ~~~ 1 1 0.01"],"on_exit":["/camerashake add @s 0.06 0.2 rotational","/playsound effect.gun.lean_in @a[r=20] ~~~ 1 1 0.01"],"transitions":[{"inactive":"!q.is_item_name_any('slot.weapon.mainhand', 'gabrielaplok:awp') || !q.is_sneaking"}]},"desert_eagle":{"on_entry":["/camerashake add @s 0.06 0.2 rotational","/playsound effect.gun.iron_out @a[r=20] ~~~ 1 1 0.01"],"on_exit":["/camerashake add @s 0.06 0.2 rotational","/playsound effect.gun.iron_in @a[r=20] ~~~ 1 1 0.01"],"transitions":[{"inactive":"! q.is_item_name_any('slot.weapon.mainhand', 'gabrielaplok:desert_eagle') || !q.is_sneaking"}]},"fnfal":{"on_entry":["/camerashake add @s 0.04 0.2 rotational","/playsound effect.gun.ads_out @a[r=20] ~~~ 1 1 0.01"],"on_exit":["/camerashake add @s 0.04 0.2 rotational","/playsound effect.gun.ads_in @a[r=20] ~~~ 1 1 0.01"],"transitions":[{"inactive":"!q.is_item_name_any('slot.weapon.mainhand', 'gabrielaplok:fnfal') || !q.is_sneaking"}]},"glock17":{"on_entry":["/camerashake add @s 0.04 0.2 rotational","/playsound effect.gun.iron_out @a[r=20] ~~~ 1 1 0.01"],"on_exit":["/camerashake add @s 0.04 0.2 rotational","/playsound effect.gun.iron_in @a[r=20] ~~~ 1 1 0.01"],"transitions":[{"inactive":"!q.is_item_name_any('slot.weapon.mainhand', 'gabrielaplok:glock17') || !q.is_sneaking"}]},"glock18":{"on_entry":["/camerashake add @s 0.04 0.2 rotational","/playsound effect.gun.iron_out @a[r=20] ~~~ 1 1 0.01"],"on_exit":["/camerashake add @s 0.04 0.2 rotational","/playsound effect.gun.iron_in @a[r=20] ~~~ 1 1 0.01"],"transitions":[{"inactive":"!q.is_item_name_any('slot.weapon.mainhand', 'gabrielaplok:glock18') || !q.is_sneaking"}]},"m4a1":{"on_entry":["/camerashake add @s 0.04 0.2 rotational","/playsound effect.gun.ads_out @a[r=20] ~~~ 1 1 0.01"],"on_exit":["/camerashake add @s 0.04 0.2 rotational","/playsound effect.gun.ads_in @a[r=20] ~~~ 1 1 0.01"],"transitions":[{"inactive":"!q.is_item_name_any('slot.weapon.mainhand', 'gabrielaplok:m4a1') || !q.is_sneaking"}]},"mossberg":{"on_entry":["/camerashake add @s 0.06 0.2 rotational","/playsound effect.gun.lean_out @a[r=20] ~~~ 1 1 0.01"],"on_exit":["/camerashake add @s 0.06 0.2 rotational","/playsound effect.gun.lean_in @a[r=20] ~~~ 1 1 0.01"],"transitions":[{"inactive":"!q.is_item_name_any('slot.weapon.mainhand', 'gabrielaplok:mossberg') || !q.is_sneaking"}]},"mp5a5":{"on_entry":["/camerashake add @s 0.04 0.2 rotational","/playsound effect.gun.iron_out @a[r=20] ~~~ 1 1 0.01"],"on_exit":["/camerashake add @s 0.04 0.2 rotational","/playsound effect.gun.iron_in @a[r=20] ~~~ 1 1 0.01"],"transitions":[{"inactive":"!q.is_item_name_any('slot.weapon.mainhand', 'gabrielaplok:mp5a5') || !q.is_sneaking"}]}}}}}