{
  "ftinnitus": {
    "category": "neutral",
    "sounds": [
      "sounds/body/head/brain/ears/tinnitus"
    ]
  },
  "mob.bike.hit": {
    "category": "neutral",
    "sounds": [
    "sounds/vehicles/bikehurt",
	  "sounds/vehicles/bikehurt2"
    ]
  },
  "mob.bmx.drive": {
    "category": "neutral",
    "sounds": [
      "sounds/vehicles/bmx"                 
    ]
  },
  "mob.bike.jump": {
    "category": "neutral",
    "sounds": [
      "sounds/vehicles/jump"            
    ]
  },
  "mob.bike.land": {
    "category": "neutral",
    "sounds": [
      "sounds/vehicles/land"      
    ]
  },
  "mob.bike.explode": {
    "category": "neutral",
    "sounds": [
      "sounds/vehicles/bikeexplode"      
    ]
  }
}