{
    "niva.drive": {
        "category": "neutral",
        "min_distance": 3.0,
        "sounds": [
            "sounds/niva/drive"
        ]
    },
    "niva.motor_work": {
        "category": "neutral",
        "min_distance": 3.0,
        "sounds": [
            "sounds/niva/motor_work"
        ]
    },
    "niva.start": {
        "category": "neutral",
        "min_distance": 3.0,
        "sounds": [
            "sounds/niva/start"
        ]
    },
    "niva.speed": {
        "category": "neutral",
        "min_distance": 3.0,
        "sounds": [
            "sounds/niva/speed"
        ]
    },
    "niva.hit": {
        "category": "neutral",
        "min_distance": 3.0,
        "sounds": [
            "sounds/niva/hit1",
            "sounds/niva/hit2",
            "sounds/niva/hit3"
        ]
    },
    "niva.death": {
        "category": "neutral",
        "min_distance": 3.0,
        "sounds": [
            "sounds/niva/hit1",
            "sounds/niva/hit2",
            "sounds/niva/hit3"
        ]
    },
    "niva.door_open": {
        "category": "neutral",
        "min_distance": 3.0,
        "sounds": [
            "sounds/niva/door_open"
        ]
    },
    "niva.door_close": {
        "category": "neutral",
        "min_distance": 3.0,
        "sounds": [
            "sounds/niva/door_close"
        ]
    },
    "niva.light_on": {
        "category": "neutral",
        "min_distance": 3.0,
        "sounds": [
            "sounds/niva/light_on"
        ]
    },
    "niva.light_off": {
        "category": "neutral",
        "min_distance": 3.0,
        "sounds": [
            "sounds/niva/light_off"
        ]
    },
    "niva.hood": {
        "category": "neutral",
        "min_distance": 3.0,
        "sounds": [
            "sounds/niva/hood"
        ]
    },
    "niva.color": {
        "category": "neutral",
        "min_distance": 3.0,
        "sounds": [
            "sounds/niva/color"
        ]
    }
}