{
	"file_path": "/home/yulian/.local/share/mcpelauncher/games/com.mojang/development_behavior_packs/Helicopter War/animation_controllers/plane.json",
	"file_type": "animation_controller",
	"format_version": 1,
	"file_uuid": "3d3d1cce_8b8a_4f9e_ab32_b6aacc26ba30",
	"file_version": 3,
	"cache_content": {
		"children": [
			{
				"open": {
					"format_version": "1.10.0",
					"animation_controllers": {
						"controller.animation.plane.fly": {
							"initial_state": "default",
							"states": {
								"default": {
									"transitions": [
										{
											"flying": "(1.0)"
										}
									],
									"on_entry": [
										"/function helicopter"
									]
								},
								"flying": {
									"transitions": [
										{
											"default": "query.has_rider"
										}
									],
									"on_entry": [
										"/function helicopter"
									]
								}
							}
						},
						"controller.animation.plane.remove_effect": {
							"initial_state": "default",
							"states": {
								"default": {
									"transitions": [
										{
											"flying": "(1.0)"
										}
									],
									"on_entry": [
										"/tag @s remove rider"
									]
								},
								"flying": {
									"transitions": [
										{
											"default": "!query.has_rider"
										}
									],
									"on_entry": [
										"/tag @s remove rider"
									]
								}
							}
						}
					}
				},
				"data": "1.10.0",
				"key": "format_version"
			},
			{
				"open": {
					"format_version": "1.10.0",
					"animation_controllers": {
						"controller.animation.plane.fly": {
							"initial_state": "default",
							"states": {
								"default": {
									"transitions": [
										{
											"flying": "(1.0)"
										}
									],
									"on_entry": [
										"/function helicopter"
									]
								},
								"flying": {
									"transitions": [
										{
											"default": "query.has_rider"
										}
									],
									"on_entry": [
										"/function helicopter"
									]
								}
							}
						},
						"controller.animation.plane.remove_effect": {
							"initial_state": "default",
							"states": {
								"default": {
									"transitions": [
										{
											"flying": "(1.0)"
										}
									],
									"on_entry": [
										"/tag @s remove rider"
									]
								},
								"flying": {
									"transitions": [
										{
											"default": "!query.has_rider"
										}
									],
									"on_entry": [
										"/tag @s remove rider"
									]
								}
							}
						}
					}
				},
				"key": "animation_controllers",
				"children": [
					{
						"open": {
							"controller.animation.plane.fly": {
								"initial_state": "default",
								"states": {
									"default": {
										"transitions": [
											{
												"flying": "(1.0)"
											}
										],
										"on_entry": [
											"/function helicopter"
										]
									},
									"flying": {
										"transitions": [
											{
												"default": "query.has_rider"
											}
										],
										"on_entry": [
											"/function helicopter"
										]
									}
								}
							},
							"controller.animation.plane.remove_effect": {
								"initial_state": "default",
								"states": {
									"default": {
										"transitions": [
											{
												"flying": "(1.0)"
											}
										],
										"on_entry": [
											"/tag @s remove rider"
										]
									},
									"flying": {
										"transitions": [
											{
												"default": "!query.has_rider"
											}
										],
										"on_entry": [
											"/tag @s remove rider"
										]
									}
								}
							}
						},
						"key": "controller.animation.plane.fly",
						"children": [
							{
								"data": "default",
								"key": "initial_state"
							},
							{
								"open": {
									"initial_state": "default",
									"states": {
										"default": {
											"transitions": [
												{
													"flying": "(1.0)"
												}
											],
											"on_entry": [
												"/function helicopter"
											]
										},
										"flying": {
											"transitions": [
												{
													"default": "query.has_rider"
												}
											],
											"on_entry": [
												"/function helicopter"
											]
										}
									}
								},
								"key": "states",
								"children": [
									{
										"key": "default",
										"children": [
											{
												"key": "transitions",
												"children": [
													{
														"open": [
															{
																"flying": "(1.0)"
															}
														],
														"is_minified": true,
														"children": {
															"flying": "(1.0)"
														}
													}
												]
											},
											{
												"key": "on_entry",
												"is_minified": true,
												"children": [
													"/function helicopter"
												]
											}
										]
									},
									{
										"open": {
											"default": {
												"transitions": [
													{
														"flying": "(1.0)"
													}
												],
												"on_entry": [
													"/function helicopter"
												]
											},
											"flying": {
												"transitions": [
													{
														"default": "query.has_rider"
													}
												],
												"on_entry": [
													"/function helicopter"
												]
											}
										},
										"key": "flying",
										"children": [
											{
												"open": {
													"transitions": [
														{
															"default": "query.has_rider"
														}
													],
													"on_entry": [
														"/function helicopter"
													]
												},
												"key": "transitions",
												"is_minified": true,
												"children": [
													{
														"default": "query.has_rider"
													}
												]
											},
											{
												"open": {
													"transitions": [
														{
															"default": "query.has_rider"
														}
													],
													"on_entry": [
														"/function helicopter"
													]
												},
												"key": "on_entry",
												"is_minified": true,
												"children": [
													"/function helicopter"
												]
											}
										]
									}
								]
							}
						]
					},
					{
						"key": "controller.animation.plane.remove_effect",
						"children": [
							{
								"data": "default",
								"key": "initial_state"
							},
							{
								"open": {
									"initial_state": "default",
									"states": {
										"default": {
											"transitions": [
												{
													"flying": "(1.0)"
												}
											],
											"on_entry": [
												"/tag @s remove rider"
											]
										},
										"flying": {
											"transitions": [
												{
													"default": "!query.has_rider"
												}
											],
											"on_entry": [
												"/tag @s remove rider"
											]
										}
									}
								},
								"key": "states",
								"children": [
									{
										"open": {
											"default": {
												"transitions": [
													{
														"flying": "(1.0)"
													}
												],
												"on_entry": [
													"/tag @s remove rider"
												]
											},
											"flying": {
												"transitions": [
													{
														"default": "!query.has_rider"
													}
												],
												"on_entry": [
													"/tag @s remove rider"
												]
											}
										},
										"key": "default",
										"children": [
											{
												"open": {
													"transitions": [
														{
															"flying": "(1.0)"
														}
													],
													"on_entry": [
														"/tag @s remove rider"
													]
												},
												"key": "transitions",
												"children": [
													{
														"open": [
															{
																"flying": "(1.0)"
															}
														],
														"is_minified": true,
														"children": {
															"flying": "(1.0)"
														}
													}
												]
											},
											{
												"open": {
													"transitions": [
														{
															"flying": "(1.0)"
														}
													],
													"on_entry": [
														"/tag @s remove rider"
													]
												},
												"key": "on_entry",
												"is_minified": true,
												"children": [
													"/tag @s remove rider"
												]
											}
										]
									},
									{
										"open": {
											"default": {
												"transitions": [
													{
														"flying": "(1.0)"
													}
												],
												"on_entry": [
													"/tag @s remove rider"
												]
											},
											"flying": {
												"transitions": [
													{
														"default": "!query.has_rider"
													}
												],
												"on_entry": [
													"/tag @s remove rider"
												]
											}
										},
										"key": "flying",
										"children": [
											{
												"open": {
													"transitions": [
														{
															"default": "!query.has_rider"
														}
													],
													"on_entry": [
														"/tag @s remove rider"
													]
												},
												"key": "transitions",
												"children": [
													{
														"open": [
															{
																"default": "!query.has_rider"
															}
														],
														"is_minified": true,
														"children": {
															"default": "!query.has_rider"
														}
													}
												]
											},
											{
												"open": {
													"transitions": [
														{
															"default": "!query.has_rider"
														}
													],
													"on_entry": [
														"/tag @s remove rider"
													]
												},
												"key": "on_entry",
												"is_minified": true,
												"children": [
													"/tag @s remove rider"
												]
											}
										]
									}
								]
							}
						]
					}
				]
			}
		]
	}
}