{"format_version":"1.20.40","animations":{"animation.ak47.item":{"loop":true,"bones":{"gun":{"rotation":[90,0,0],"position":[-5.5,13.8,-1.5],"scale":0.6},"acog":{"position":[0,5.1,-3]},"eotech":{"position":[0,5,-4]},"scope":{"position":[0,5,-4]},"silencer":{"position":[0,2,-31]}}},"animation.ak47.fire":{"animation_length":0.4167,"bones":{"waist":{"rotation":{"0.0":[-1,"math.random(-0.05, 0.05)","math.random(-0.05, 0.05)"],"0.0417":[0,0,0]},"position":{"0.0":[0,0,"v.is_first_person ? math.random(2, 4) : math.random(0.2, 0.4)"],"0.1667":[0,0,0]}},"sight":{"rotation":{"0.0":[1,"math.random(-0.05, 0.05)","math.random(-0.05, 0.05)"],"0.0417":[0,0,0]},"position":{"0.0":[0,0,"v.is_first_person ? -math.random(2, 4) : -math.random(0.2, 0.4)"],"0.1667":[0,0,0]}},"trigger":{"position":{"0.0":[0,0,1],"0.1667":[0,0,0]}},"body":{"rotation":{"0.0":[0,0,0],"0.1667":[0,0,-1],"0.2917":[0,0.05,1],"0.375":[0,0,0]}},"pullBack":{"position":{"0.0":[0,0,3.5],"0.125":[0,0,0]}}},"sound_effects":{"0.0417":{"effect":"bullet_eject_762mm"},"0.3333":{"effect":"bullet_bounce_556mm"}},"particle_effects":{"0.0":[{"effect":"muzzle_flash","locator":"ak47_muzzle"},{"effect":"muzzle_lensflare","locator":"ak47_muzzle"},{"effect":"muzzle_smoke_0","locator":"ak47_muzzle"},{"effect":"casing_medium","locator":"ak47_case"}],"0.375":{"effect":"muzzle_hot","locator":"ak47_muzzle"}}},"animation.ak47.fire.silenced":{"animation_length":0.4167,"bones":{"waist":{"rotation":{"0.0":[-1,"math.random(-0.05, 0.05)","math.random(-0.05, 0.05)"],"0.0417":[0,0,0]},"position":{"0.0":[0,0,"v.is_first_person ? math.random(2, 4) : math.random(0.2, 0.4)"],"0.1667":[0,0,0]}},"sight":{"rotation":{"0.0":[1,"math.random(-0.05, 0.05)","math.random(-0.05, 0.05)"],"0.0417":[0,0,0]},"position":{"0.0":[0,0,"v.is_first_person ? -math.random(2, 4) : -math.random(0.2, 0.4)"],"0.1667":[0,0,0]}},"trigger":{"position":{"0.0":[0,0,1],"0.1667":[0,0,0]}},"body":{"rotation":{"0.0":[0,0,0],"0.1667":[0,0,-1],"0.2917":[0,0.05,1],"0.375":[0,0,0]}},"pullBack":{"position":{"0.0":[0,0,3.5],"0.125":[0,0,0]}}},"sound_effects":{"0.0417":{"effect":"bullet_eject_762mm"},"0.3333":{"effect":"bullet_bounce_556mm"}},"particle_effects":{"0.0":[{"effect":"muzzle_smoke_0","locator":"silencer_muzzle"},{"effect":"casing_medium","locator":"ak47_case"}],"0.375":{"effect":"muzzle_hot","locator":"silencer_muzzle"}}},"animation.ak47.fpp_ads":{"loop":true,"bones":{"waist":{"rotation":[0.8,0,0],"position":[4.025,"(v.sight || v.is_reloading) ? 0.2 : 1.5",3]}}},"animation.ak47.fpp_draw":{"loop":"hold_on_last_frame","animation_length":0.33333,"bones":{"root":{"rotation":[0,180,0]},"leftArm":{"rotation":[-100,30,34],"position":[-5,-3,-8]},"rightArm":{"rotation":[-90,0,0],"position":[1.5,-1,2]},"body":{"rotation":{"0.0":[-25,0,0],"0.1667":[-5,0,0],"0.25":[0.25,0,0],"0.2917":[0,0,0]},"position":{"0.0":[0,-9,3],"0.1667":[0,0,3],"0.25":[0,0,2],"0.3333":[0,0,0]}}}},"animation.ak47.fpp_hold":{"loop":"hold_on_last_frame","animation_length":2,"anim_time_update":"q.anim_time + q.delta_time * 0.1","bones":{"root":{"rotation":[0,180,0]},"leftArm":{"rotation":[-100,"30 + (q.is_sneaking ? 0 : math.sin(q.anim_time * 200) * 0.4)",34],"position":[-5,-3,-8]},"rightArm":{"rotation":[-90,0,0],"position":[1.5,-1,2]},"body":{"rotation":["q.is_sneaking ? 0 : math.sin(q.anim_time - q.life_time * 100) * 0.2","q.is_sneaking ? 0 : math.cos(q.anim_time - q.life_time * 200) * 0.4","q.is_sneaking ? 0 : math.cos(q.anim_time - q.life_time * 80) * 0.4"]}}},"animation.ak47.fpp_inspect":{"animation_length":1.95833,"anim_time_update":"q.anim_time + q.delta_time * 0.4","bones":{"waist":{"rotation":{"0.0":[0,0,0],"0.25":[-5,0.4,5],"0.4375":[-4,4,40],"0.5":[-4,4,45],"0.875":[-4,4,45],"1.1875":[-4,4,-50],"1.25":[-4,4,-45],"1.4375":[-8,-30,-48],"1.6875":[-8,-30,-48],"1.8125":[0,0,0]},"position":{"0.0":[0,0,0],"0.25":[0,0,0],"0.5":[-5,0,0],"0.875":[-5,0,0],"1.25":[7,4,0],"1.4375":[7,2,-1],"1.6875":[7,2,-1],"1.8125":[0,-1,0],"1.875":[0,0,0]}}}},"animation.ak47.fpp_reload":{"loop":"hold_on_last_frame","animation_length":2,"bones":{"root":{"rotation":[0,180,0]},"waist":{"rotation":{"0.2083":[0,0,0],"0.25":[2,0,0],"0.375":[0,0,0],"1.0":[0,0,0],"1.0417":[0,0.25,0],"1.125":[0,0,0]},"position":{"0.2083":[0,0,0],"0.25":[0,-0.25,0],"0.375":[0,0,0],"1.0":[0,0,0],"1.0417":[0,0.25,0],"1.125":[0,0,0],"1.5417":[0,0,0],"1.625":[0,0,2],"1.7083":[0,0,0]}},"leftArm":{"rotation":{"0.0":[-100,30,34],"0.1667":[-100,30,0],"1.375":[-100,30,34],"1.5417":[-164,16,-8],"1.625":[-176.5,16,-8],"1.75":[-164,16,-8],"1.875":[-139,16,-8],"2.0":[-100,30,34]},"position":{"0.0":[-5,-3,-6],"0.0833":[-5,-5,-1],"0.25":[-5,-5,-1],"0.5":[-5,-15,-1],"0.5417":[-5,-16.8,-1],"0.7917":[-5,-16.8,-1],"1.0":[-5,-6.8,-1],"1.0833":[-5,-6.4,-1],"1.2083":[-5,-6.8,-1],"1.375":[-8,-7,-7],"1.4583":[-10.5,-6.5,-7.5],"1.5417":[-11,-6,-8],"1.625":[-11,-6,-8],"1.75":[-11,-6,-8],"1.875":[-11,-9,-8],"2.0":[-5,-3,-6]}},"rightArm":{"rotation":[-90,0,0],"position":[1.5,-1,4]},"mag":{"position":{"0.25":[0,0,0],"0.5":[0,-17,0],"0.5417":[0,-19.72,0],"0.7917":[0,-18.72,0],"1.0":[0,0,0]}},"pullBack":{"position":{"1.5417":[0,0,0],"1.7083":[0,0,3.5],"1.8333":[0,0,0]}},"body":{"rotation":{"0.0":[0,0,0],"0.0833":[0,0,"math.cos(q.anim_time * 300) * 10 - 12"],"0.375":[0,0,-6],"0.5833":[-15,0,"math.cos(q.anim_time * 400) * 4"],"1.2083":[-15,0,5],"1.4167":[0,-20,"math.cos(q.anim_time * 300) * 10 - 60"],"1.875":[0,-20,-60],"2.0":[0,0,0]},"position":{"0.375":[0,0,0],"0.4583":[0,1,0],"0.5417":[0,0,0]}}},"sound_effects":{"0.25":{"effect":"ak47_magout"},"0.7083":{"effect":"gun_draw"},"1.0":{"effect":"ak47_magin"},"1.5833":{"effect":"ak47_pullback"},"1.7667":{"effect":"ak47_pullforward"}}},"animation.ak47.fpp_run":{"loop":true,"bones":{"waist":{"rotation":["-33 + math.sin(q.anim_time * 500) * 6.25",-46,30],"position":["-8 + math.sin(q.anim_time * 500)","-3 + math.sin(q.anim_time * 1000)",-4]}}}}}