{"format_version":"1.18.20","animations":{"animation.awp.item":{"loop":true,"bones":{"gun":{"rotation":[90,0,0],"position":[-5.5,13.8,-1.5],"scale":0.6},"acog":{"position":[0,4.6,-6.75]},"eotech":{"position":[0,4.5,-6.25]},"scope":{"position":[0,4.5,-6.25]},"silencer":{"position":[0,4,-41]}}},"animation.awp.fire":{"animation_length":0.4167,"bones":{"waist":{"rotation":{"0.0":[-2.5,"math.random(-0.05, 0.05)","math.random(-0.05, 0.05)"],"0.0417":[0,0,0]},"position":{"0.0":[0,0,"v.is_first_person ? math.random(4, 6) : math.random(0.4, 0.6)"],"0.1667":[0,0,0]}},"sight":{"rotation":{"0.0":[2.5,"math.random(-0.05, 0.05)","math.random(-0.05, 0.05)"],"0.0417":[0,0,0]},"position":{"0.0":[0,0,"v.is_first_person ? -math.random(4, 6) : -math.random(0.4, 0.6)"],"0.1667":[0,0,0]}},"body":{"rotation":{"0.0":[0,0,0],"0.1667":[0,0,-1],"0.2917":[0,0.05,1],"0.375":[0,0,0]}},"trigger":{"position":{"0.0":[0,0,1],"0.1667":[0,0,0]}}},"particle_effects":{"0.0":[{"effect":"muzzle_flash","locator":"awp_muzzle"},{"effect":"muzzle_lensflare","locator":"awp_muzzle"},{"effect":"muzzle_smoke_2","locator":"awp_muzzle"}],"0.375":{"effect":"muzzle_hot","locator":"awp_muzzle"}}},"animation.awp.fire.silenced":{"animation_length":0.4167,"bones":{"waist":{"rotation":{"0.0":[-2.5,"math.random(-0.05, 0.05)","math.random(-0.05, 0.05)"],"0.0417":[0,0,0]},"position":{"0.0":[0,0,"v.is_first_person ? math.random(4, 6) : math.random(0.4, 0.6)"],"0.1667":[0,0,0]}},"sight":{"rotation":{"0.0":[2.5,"math.random(-0.05, 0.05)","math.random(-0.05, 0.05)"],"0.0417":[0,0,0]},"position":{"0.0":[0,0,"v.is_first_person ? -math.random(4, 6) : -math.random(0.4, 0.6)"],"0.1667":[0,0,0]}},"body":{"rotation":{"0.0":[0,0,0],"0.1667":[0,0,-1],"0.2917":[0,0.05,1],"0.375":[0,0,0]}},"trigger":{"position":{"0.0":[0,0,1],"0.1667":[0,0,0]}}},"particle_effects":{"0.0":[{"effect":"muzzle_smoke_2","locator":"silencer_muzzle"}],"0.375":{"effect":"muzzle_hot","locator":"silencer_muzzle"}}},"animation.awp.pullback":{"animation_length":0.6667,"bones":{"waist":{"rotation":{"0.0":[0,0,0],"0.125":[-2.25,0,0],"0.5":[-2.25,0,0],"0.625":[0,0,0]}},"sight":{"rotation":{"0.0":[0,0,0],"0.125":[2.25,0,0],"0.5":[2.25,0,0],"0.625":[0,0,0]}},"body":{"rotation":{"0.2917":[0,0,0],"0.3333":[0,0,"math.random(-1.25, 1.25)"],"0.4167":[0,0,0],"0.5":[0,0,0],"0.5417":["math.random(-0.25, 0.25)",0,0],"0.625":[0,0,0]},"position":{"0.125":[0,0,0],"0.1667":[0,0,0.25],"0.2083":[0,0,0],"0.2917":[0,0,0],"0.3333":["math.random(-0.25, 0.25)",0,1],"0.4167":[0,0,0],"0.5":[0,0,0],"0.5417":[0,"-math.random(-0.25, 0.25)",1],"0.625":[0,0,0]}},"rightArmExtra":{"rotation":{"0.0":[-40,-12,-22],"0.125":[-40,-16,-22],"0.25":[-40,-26,-15],"0.3333":[-40,-26,-15],"0.4583":[-40,-16,-22],"0.625":[-40,-12,-22]},"position":{"0.0":[-7,-4,2],"0.125":[-7,-2,2],"0.25":[-6,-2,0],"0.3333":[-6,-2,0],"0.4583":[-7,-2,2],"0.625":[-7,-4,2]}},"pullBack":{"position":{"0.0":[0,0,0],"0.125":[0,0,3],"0.4583":[0,0,3],"0.625":[0,0,0]}},"bolt":{"rotation":{"0.125":[0,0,0],"0.25":[0,0,60],"0.3333":[0,0,60],"0.4583":[0,0,0]}}},"sound_effects":{"0.0":{"effect":"awp_pullback"},"0.2083":{"effect":"bullet_eject_762mm"},"0.5":{"effect":"awp_pullforward"},"0.6667":{"effect":"bullet_bounce_556mm"}},"particle_effects":{"0.0":{"effect":"casing_long","locator":"awp_case"}}},"animation.awp.fpp_ads":{"loop":true,"bones":{"waist":{"rotation":[0.9,0,0],"position":[4.025,"(v.sight || v.is_reloading) ? 0.55 : 1.5",3]}}},"animation.awp.fpp_draw":{"loop":"hold_on_last_frame","animation_length":0.33333,"bones":{"root":{"rotation":[0,180,0]},"leftArm":{"rotation":[-100,30,34],"position":[-5,-3,-8]},"rightArm":{"rotation":[-90,0,0],"position":[1.5,-1,2]},"body":{"rotation":{"0.0":[-25,0,0],"0.1667":[-5,0,0],"0.25":[0.25,0,0],"0.2917":[0,0,0]},"position":{"0.0":[0,-9,3],"0.1667":[0,0,3],"0.25":[0,0,2],"0.3333":[0,0,0]}}}},"animation.awp.fpp_hold":{"loop":"hold_on_last_frame","animation_length":2,"anim_time_update":"q.anim_time + q.delta_time * 0.1","bones":{"root":{"rotation":[0,180,0]},"leftArm":{"rotation":[-100,"30 + (q.is_sneaking ? 0 : math.sin(q.anim_time * 200) * 0.4)",34],"position":[-5,-3,-8]},"rightArm":{"rotation":[-90,0,0],"position":[1.5,-1,2]},"body":{"rotation":["q.is_sneaking ? 0 : math.sin(q.anim_time - q.life_time * 100) * 0.2","q.is_sneaking ? 0 : math.cos(q.anim_time - q.life_time * 200) * 0.4","q.is_sneaking ? 0 : math.cos(q.anim_time - q.life_time * 80) * 0.4"]}}},"animation.awp.fpp_inspect":{"animation_length":1.95833,"anim_time_update":"q.anim_time + q.delta_time * 0.4","bones":{"waist":{"rotation":{"0.0":[0,0,0],"0.25":[-5,0.4,5],"0.4375":[-4,4,40],"0.5":[-4,4,45],"0.875":[-4,4,45],"1.1875":[-4,4,-50],"1.25":[-4,4,-45],"1.375":[-8,-60,-48],"1.6875":[-8,-30,-48],"1.8125":[0,0,0]},"position":{"0.0":[0,0,0],"0.25":[0,0,0],"0.5":[-5,0,0],"0.875":[-5,0,0],"1.25":[7,4,0],"1.3125":[7,2,-1],"1.6875":[7,2,-1],"1.8125":[0,-1,0],"1.875":[0,0,0]}}}},"animation.awp.fpp_reload":{"loop":"hold_on_last_frame","animation_length":2.125,"bones":{"root":{"rotation":[0,180,0]},"leftArm":{"rotation":{"0.0":[-100,30,34],"0.4583":[-100,30,34],"0.625":[-160,50,-12],"1.7917":[-160,50,-12],"1.9167":[-100,30,34]},"position":{"0.0":[-5,-3,-8],"0.4583":[-5,-3,-8],"0.625":[-6,-8,-10],"0.75":[-6,-29,-13],"1.0":[-6,-29,-13],"1.125":[-6,-8,-10],"1.25":[-6,-8,-10],"1.7917":[-6,-8,-10],"1.9167":[-5,-3,-8]}},"rightArm":{"rotation":[-90,0,0],"position":[1.5,-1,2]},"body":{"rotation":{"0.25":[0,0,0],"0.375":[-10,0,-8],"0.5":[-8,0,-8],"0.5833":[-8,0,-8],"0.6667":[-10,0,-8],"0.75":[-8,0,-8],"1.0833":[-8,0,-8],"1.1667":[-6,0,-8],"1.25":[-8,0,-8],"1.5":[0,0,-4],"1.875":[0,0,-4],"2.0417":[0,0,0]},"position":{"0.3333":[0,0,0],"0.4167":[0,1,0],"0.5":[0,0,0],"0.5833":[0,0,0],"0.6667":[0,-1,0],"0.75":[0,0,0],"1.0833":[0,0,0],"1.1667":[0,1,0],"1.25":[0,0,0],"1.875":[0,0,0],"2.0":[0,0,1]}},"rightArmExtra":{"rotation":{"0.0":[-40,-12,-22],"0.125":[-40,-16,-22],"0.25":[-40,-26,-15],"0.3333":[-40,-26,-15],"0.4583":[-10,-20,-10],"1.25":[-10,-20,-10],"1.5":[-40,-26,-15],"1.625":[-40,-16,-22],"1.7917":[-40,-12,-22],"1.9167":[-35,-30,12],"2.125":[0,0,0]},"position":{"0.0":[-7,-4,2],"0.125":[-7,-2,2],"0.25":[-6,-2,0],"0.3333":[-6,-2,0],"0.4583":[-2,-1,1],"1.25":[-2,-1,1],"1.5":[-6,-2,0],"1.625":[-7,-2,2],"1.7917":[-7,-4,2],"1.9167":[-4.8,-1.6,2.8],"2.0417":[0,0,0]}},"mag":{"rotation":[0,0,0],"position":{"0.625":[0,0,0],"0.75":[0,-34,-6],"1.0":[0,-34,-6],"1.125":[0,0,0]}},"pullBack":{"position":{"0.0":[0,0,0],"0.125":[0,0,3],"1.625":[0,0,3],"1.7917":[0,0,0]}},"bolt":{"rotation":{"0.125":[0,0,0],"0.25":[0,0,60],"1.5":[0,0,60],"1.625":[0,0,0]}}},"sound_effects":{"0.0":{"effect":"awp_pullback"},"0.625":{"effect":"awp_magout"},"0.9583":{"effect":"gun_draw"},"1.125":{"effect":"awp_magin"},"1.5":{"effect":"awp_pullforward"}}},"animation.awp.fpp_run":{"loop":true,"bones":{"waist":{"rotation":["-33 + math.sin(q.anim_time * 500) * 6.25",-46,30],"position":["-8 + math.sin(q.anim_time * 500)","-3 + math.sin(q.anim_time * 1000)",-4]}}}}}