{"format_version":"1.18.20","animations":{"animation.desert_eagle.item":{"loop":true,"bones":{"gun":{"rotation":[90,0,0],"position":[-5,13.5,-1.4],"scale":0.6},"silencer":{"position":[0,3,-15]}}},"animation.desert_eagle.fire":{"animation_length":0.4167,"bones":{"waist":{"rotation":{"0.0":[-2,"math.random(-0.05, 0.05)","math.random(-0.05, 0.05)"],"0.0417":["q.is_sneaking ? -13 : -26",0,0],"0.25":[0,0,0]},"position":{"0.0":[0,0,"v.is_first_person ? math.random(3, 5) : math.random(0.3, 0.5)"],"0.0833":[0,0.5,0.35],"0.3333":[0,0,0]}},"trigger":{"position":{"0.0":[0,0,1],"0.1667":[0,0,0]}},"body":{"rotation":{"0.0":[0,0,0],"0.1667":[0,0,-1],"0.2917":[0,0.05,1],"0.375":[0,0,0]}},"slide":{"position":{"0.0":[0,0,2],"0.125":[0,0,0]}}},"sound_effects":{"0.0417":{"effect":"bullet_eject_9mm"},"0.3333":{"effect":"bullet_bounce_9mm"}},"particle_effects":{"0.0":[{"effect":"muzzle_flash","locator":"desert_eagle_muzzle","pre_effect_script":"v.size = 0.2; v.amount = 12; v.acceleration = 4;"},{"effect":"muzzle_lensflare","locator":"desert_eagle_muzzle"},{"effect":"muzzle_smoke_1","locator":"desert_eagle_muzzle"},{"effect":"casing_short","locator":"desert_eagle_case"}],"0.2917":{"effect":"muzzle_hot","locator":"desert_eagle_muzzle"}}},"animation.desert_eagle.fire.silenced":{"animation_length":0.4167,"bones":{"waist":{"rotation":{"0.0":[-2,"math.random(-0.05, 0.05)","math.random(-0.05, 0.05)"],"0.0417":["q.is_sneaking ? -13 : -26",0,0],"0.25":[0,0,0]},"position":{"0.0":[0,0,"v.is_first_person ? math.random(3, 5) : math.random(0.3, 0.5)"],"0.0833":[0,0.5,0.35],"0.3333":[0,0,0]}},"trigger":{"position":{"0.0":[0,0,1],"0.1667":[0,0,0]}},"body":{"rotation":{"0.0":[0,0,0],"0.1667":[0,0,-1],"0.2917":[0,0.05,1],"0.375":[0,0,0]}},"slide":{"position":{"0.0":[0,0,2],"0.125":[0,0,0]}}},"sound_effects":{"0.0417":{"effect":"bullet_eject_9mm"},"0.3333":{"effect":"bullet_bounce_9mm"}},"particle_effects":{"0.0":[{"effect":"muzzle_smoke_1","locator":"silencer_muzzle"},{"effect":"casing_short","locator":"desert_eagle_case"}],"0.2917":{"effect":"muzzle_hot","locator":"silencer_muzzle"}}},"animation.desert_eagle.fpp_ads":{"loop":true,"bones":{"waist":{"rotation":[0.8,-0.1,0],"position":[3.5,"v.is_reloading ? 1.4 : 2.2",3]}}},"animation.desert_eagle.fpp_draw":{"loop":"hold_on_last_frame","animation_length":0.33333,"bones":{"root":{"rotation":[0,180,0]},"leftArm":{"rotation":{"0.0":[-100,30,0],"0.2083":[-100,30,34]},"position":{"0.0":[3,-6,6],"0.2083":[-5,-5,-2]}},"rightArm":{"rotation":[-90,0,0],"position":[1.5,-1,-1]},"body":{"rotation":{"0.0":[-25,0,0],"0.1667":[-5,0,0],"0.25":[0.25,0,0],"0.2917":[0,0,0]},"position":{"0.0":[0,-9,3],"0.1667":[0,0,3],"0.25":[0,0,2],"0.3333":[0,0,0]}}}},"animation.desert_eagle.fpp_hold":{"loop":"hold_on_last_frame","animation_length":2,"anim_time_update":"q.anim_time + q.delta_time * 0.1","bones":{"root":{"rotation":[0,180,0]},"leftArm":{"rotation":[-100,"30 + (q.is_sneaking ? 0 : math.sin(q.anim_time * 200) * 0.4)",34],"position":[-5,-5,-2]},"rightArm":{"rotation":[-90,0,0],"position":[1.5,-1,-1]},"body":{"rotation":["q.is_sneaking ? 0 : math.sin(q.anim_time - q.life_time * 100) * 0.2","q.is_sneaking ? 0 : math.cos(q.anim_time - q.life_time * 200) * 0.4","q.is_sneaking ? 0 : math.cos(q.anim_time - q.life_time * 80) * 0.4"]}}},"animation.desert_eagle.fpp_inspect":{"animation_length":1.95833,"anim_time_update":"q.anim_time + q.delta_time * 0.4","bones":{"waist":{"rotation":{"0.0":[0,0,0],"0.25":[-5,0.4,5],"0.4375":[-4,4,40],"0.5":[-4,4,45],"0.875":[-4,4,45],"1.1875":[-4,4,-50],"1.25":[-4,4,-45],"1.4375":[-8,-30,-48],"1.6875":[-8,-30,-48],"1.8125":[0,0,0]},"position":{"0.0":[0,0,0],"0.25":[0,0,0],"0.5":[-5,0,0],"0.875":[-5,0,0],"1.25":[7,4,0],"1.4375":[7,2,-1],"1.6875":[7,2,-1],"1.8125":[0,-1,0],"1.875":[0,0,0]}},"leftArm":{"rotation":{"0.0":[0,0,0],"0.3125":[16,28,-28],"0.5":[10,45,-45],"0.875":[10,45,-45],"1.25":[-45,0,0],"1.6875":[0,0,0]},"position":{"0.0":[0,0,0],"0.5":[5,5,-3],"0.875":[5,5,-3],"1.0":[4.58,0,-2.75],"1.125":[-0.67,-3,-2],"1.25":[-5,-4,-3],"1.6875":[0,0,0]}}}},"animation.desert_eagle.fpp_reload":{"loop":"hold_on_last_frame","animation_length":1.95833,"bones":{"root":{"rotation":[0,180,0]},"leftArm":{"rotation":{"0.0":[-100,30,34],"1.3125":[-100,30,34],"1.4375":[-100,30,24],"1.5625":[-100,38,24],"1.6875":[-100,30,24],"1.9375":[-100,30,34]},"position":{"0.0":[-5,-5,-2],"0.3125":[-5,-16,-3],"0.75":[-5,-16,-3],"1.0":[-5,-7,-1],"1.125":[-5,-4,-1],"1.1875":[-5,-2.5,-1],"1.3125":[-5,-3,-1],"1.4375":[-4,-3.5,-1.5],"1.9375":[-5,-5,-2]}},"rightArm":{"rotation":{"0.0":[-90,0,0],"0.25":[-98,0,0],"0.4375":[-94,0,0],"0.5625":[-98,0,0],"1.25":[-98,0,0],"1.375":[-90,0,0]},"position":{"0.0":[1.5,-1,-1],"0.25":[1.5,0,-1],"1.25":[1.5,0,-1],"1.375":[1.5,-1,-1]}},"gun":{"rotation":{"0.0":[0,0,0],"0.25":[8,0,0],"0.4375":[4,0,0],"0.5625":[8,0,0],"0.75":[8,0,0],"0.9375":[8,0,0],"1.0625":[16,0,0],"1.1875":[8,0,0],"1.375":[0,0,0]}},"body":{"rotation":{"0.0":[0,0,0],"0.1875":[0,0,-5],"0.25":[0,0,"math.cos(q.anim_time * 400) * 10 - 5"],"1.125":[3,0,"math.cos(q.anim_time * 200) * 10 - 5"],"1.375":[0,0,"math.cos(q.anim_time * 400) * 10 - 5"],"1.625":[0,0,"math.cos(q.anim_time * 50) * 5 + 10"],"1.875":[0,0,-4],"1.9375":[0,0,0]},"position":{"0.0":[0,0,0],"0.1875":[-2,0,0],"1.375":[-2,0,0],"1.625":[0,0,0]}},"mag":{"rotation":{"0.0":[0,0,0],"0.4375":[0,0,0],"0.6875":[46.11364,-15.58394,-25.96295],"0.75":[-30,0,0],"1.0":[-30,0,0],"1.125":[0,0,0]},"position":{"0.0":[0,0,0],"0.4375":[0,0,0],"0.6875":[0,-20,0],"0.75":[0,-20,-3],"1.0":[0,-4,0],"1.125":[0,-1,0],"1.1875":[0,0,0]}},"slide":{"position":{"0.0":[0,0,2],"1.5625":[0,0,2],"1.6875":[0,0,0]}},"trigger":{"position":{"0.0":[0,0,1],"1.5":[0,0,1],"1.5625":[0,0,0]}}},"sound_effects":{"0.375":{"effect":"desert_eagle_magout"},"0.75":{"effect":"gun_draw"},"1.0625":{"effect":"desert_eagle_magin"},"1.5625":{"effect":"desert_eagle_pullback"},"1.6875":{"effect":"desert_eagle_pullforward"}}},"animation.desert_eagle.fpp_run":{"loop":true,"bones":{"body":{"rotation":["-60 + math.sin(q.anim_time * 550) * 5",0,12],"position":[-2,"2 + math.sin(q.anim_time * 1100)","-2 + math.sin(q.anim_time * 550)"]},"leftArm":{"scale":0},"rightArm":{"position":[2,-4,6]}}}}}