{"format_version":"1.18.20","animations":{"animation.m4a1.item":{"loop":true,"bones":{"gun":{"rotation":[90,0,0],"position":[-5,13.8,-1.5],"scale":0.6},"acog":{"position":[0,5.1,-2]},"eotech":{"position":[0,5,-4]},"scope":{"position":[0,5,-4]},"grip":{"position":[0,-7,-14]},"laser":{"rotation":[-0.5,2,0],"position":[2,2.5,-17.5]},"silencer":{"position":[0,2.5,-31]}}},"animation.m4a1.fire":{"animation_length":0.4167,"bones":{"waist":{"rotation":{"0.0":[-1.25,"math.random(-0.05, 0.05)","math.random(-0.05, 0.05)"],"0.0833":[-1.25,0,0],"0.3333":[0,0,0]},"position":{"0.0":[0,0,"v.is_first_person ? math.random(1.125, 2.125) : math.random(0.1, 0.2)"],"0.0833":[0,0,0.5],"0.25":[0,0,0.5]}},"sight":{"rotation":{"0.0":[1.25,"math.random(-0.05, 0.05)","math.random(-0.05, 0.05)"],"0.0833":[-1.25,0,0],"0.3333":[0,0,0]},"position":{"0.0":[0,0,"v.is_first_person ? -math.random(1.125, 2.125) : -math.random(0.1, 0.2)"],"0.0833":[0,0,0.5],"0.25":[0,0,0.5]}},"trigger":{"position":{"0.0":[0,0,1],"0.1667":[0,0,0]}},"body":{"rotation":{"0.0":[0,0,0],"0.1667":[0,0,-1],"0.2917":[0,0.05,1],"0.375":[0,0,0]}}},"sound_effects":{"0.0417":{"effect":"bullet_eject_556mm"},"0.375":{"effect":"bullet_bounce_556mm"}},"particle_effects":{"0.0":[{"effect":"muzzle_flash","locator":"m4a1_muzzle"},{"effect":"muzzle_lensflare","locator":"m4a1_muzzle"},{"effect":"muzzle_smoke_0","locator":"m4a1_muzzle"},{"effect":"casing_medium","locator":"m4a1_case"}],"0.375":{"effect":"muzzle_hot","locator":"m4a1_muzzle"}}},"animation.m4a1.fire.silenced":{"animation_length":0.4167,"bones":{"waist":{"rotation":{"0.0":[-1.25,"math.random(-0.05, 0.05)","math.random(-0.05, 0.05)"],"0.0833":[-1.25,0,0],"0.3333":[0,0,0]},"position":{"0.0":[0,0,"v.is_first_person ? math.random(1.125, 2.125) : math.random(0.1, 0.2)"],"0.0833":[0,0,0.5],"0.25":[0,0,0.5]}},"sight":{"rotation":{"0.0":[1.25,"math.random(-0.05, 0.05)","math.random(-0.05, 0.05)"],"0.0833":[-1.25,0,0],"0.3333":[0,0,0]},"position":{"0.0":[0,0,"v.is_first_person ? -math.random(1.125, 2.125) : -math.random(0.1, 0.2)"],"0.0833":[0,0,0.5],"0.25":[0,0,0.5]}},"trigger":{"position":{"0.0":[0,0,1],"0.1667":[0,0,0]}},"body":{"rotation":{"0.0":[0,0,0],"0.1667":[0,0,-1],"0.2917":[0,0.05,1],"0.375":[0,0,0]}}},"sound_effects":{"0.0417":{"effect":"bullet_eject_556mm"},"0.375":{"effect":"bullet_bounce_556mm"}},"particle_effects":{"0.0":[{"effect":"muzzle_smoke_0","locator":"silencer_muzzle"},{"effect":"casing_medium","locator":"m4a1_case"}],"0.375":{"effect":"muzzle_hot","locator":"silencer_muzzle"}}},"animation.m4a1.fpp_ads":{"loop":true,"bones":{"waist":{"rotation":[6,0,0],"position":[3.535,"(v.sight || v.is_reloading) ? 1.025 : 1.05",3]}}},"animation.m4a1.fpp_draw":{"loop":"hold_on_last_frame","animation_length":0.33333,"bones":{"root":{"rotation":[0,180,0]},"leftArm":{"rotation":[-100,30,"v.grip ? 0 : 34"],"position":[-5,-3,-8]},"rightArm":{"rotation":[-90,0,0],"position":[1.5,-1,2]},"body":{"rotation":{"0.0":[-25,0,0],"0.1667":[-5,0,0],"0.25":[0.25,0,0],"0.2917":[0,0,0]},"position":{"0.0":[0,-9,3],"0.1667":[0,0,3],"0.25":[0,0,2],"0.3333":[0,0,0]}}}},"animation.m4a1.fpp_hold":{"loop":"hold_on_last_frame","animation_length":2,"anim_time_update":"q.anim_time + q.delta_time * 0.1","bones":{"root":{"rotation":[0,180,0]},"leftArm":{"rotation":[-100,"30 + (q.is_sneaking ? 0 : math.sin(q.anim_time * 200) * 0.4)","v.grip ? 0 : 34"],"position":[-5,-3,-8]},"rightArm":{"rotation":[-90,0,0],"position":[1.5,-1,2]},"body":{"rotation":["q.is_sneaking ? 0 : math.sin(q.anim_time - q.life_time * 100) * 0.2","q.is_sneaking ? 0 : math.cos(q.anim_time - q.life_time * 200) * 0.4","q.is_sneaking ? 0 : math.cos(q.anim_time - q.life_time * 80) * 0.4"]}}},"animation.m4a1.fpp_inspect":{"animation_length":1.95833,"anim_time_update":"q.anim_time + q.delta_time * 0.4","bones":{"waist":{"rotation":{"0.0":[0,0,0],"0.25":[-5,0.4,5],"0.4375":[-4,4,40],"0.5":[-4,4,45],"0.875":[-4,4,45],"1.1875":[-4,4,-50],"1.25":[-4,4,-45],"1.4375":[-8,-30,-48],"1.6875":[-8,-30,-48],"1.8125":[0,0,0]},"position":{"0.0":[0,0,0],"0.25":[0,0,0],"0.5":[-5,0,0],"0.875":[-5,0,0],"1.25":[7,4,0],"1.4375":[7,2,-1],"1.6875":[7,2,-1],"1.8125":[0,-1,0],"1.875":[0,0,0]}}}},"animation.m4a1.fpp_reload":{"loop":"hold_on_last_frame","animation_length":2.25,"bones":{"root":{"rotation":[0,180,0]},"waist":{"rotation":{"1.25":[0,0,0],"1.2917":[0,0.25,0],"1.375":[0,0,0]},"position":{"0.2083":[0,0,0],"0.25":[0,-0.25,0],"0.375":[0,0,0],"1.25":[0,0,0],"1.2917":[0,0.25,0],"1.375":[0,0,0],"1.625":[0,0,0],"1.7083":[0,0,2],"1.875":[0,0,0]}},"leftArm":{"rotation":{"0.0":[-100,30,"v.grip ? 0 : 34"],"0.1667":[-100,30,0],"1.4583":[-100,30,29.31],"1.625":[-120,30,10],"1.875":[-120,30,10],"2.125":[-139,16,-8],"2.25":[-100,30,"v.grip ? 0 : 34"]},"position":{"0.0":[-5,-3,-6],"0.5417":[-5,-16.8,-1],"1.0417":[-5,-16.8,-1],"1.25":[-5,-6.8,-1],"1.3333":[-5,-6.4,-1],"1.4583":[-5,-6.8,-1],"1.625":[-4.5,-2,4],"1.7083":[-4.5,-2,6],"1.875":[-1.5,-4,5],"2.25":[-5,-3,-6]}},"rightArm":{"rotation":[-90,0,0],"position":[1.5,-1,4]},"mag":{"rotation":{"0.25":[0,0,0],"0.375":[0,0,-100],"1.0417":[0,0,0]},"position":{"0.25":[0,0,0],"0.375":[5,-7.5,0],"0.6667":[0,-17,0],"1.0417":[0,-18.72,0],"1.25":[0,0,0]}},"pullBack":{"position":{"1.625":[0,0,0],"1.7083":[0,0,2],"1.875":[0,0,0]}},"body":{"rotation":{"0.0":[0,0,0.01],"0.0833":[0,0,"math.cos(q.anim_time * 300) * 10 - 12"],"0.375":[0,0,-40],"0.5833":[-15,0,"math.cos(q.anim_time * 400) * 4"],"1.4583":[5,0,5],"1.6667":[5,0,"math.cos(q.anim_time * 300) * 10 + 5"],"2.0":[5,0,5],"2.125":[5,0,5]},"position":{"0.375":[0,0,0],"0.4583":[0,1,0],"0.5417":[0,0,0]}}},"sound_effects":{"0.25":{"effect":"m4a1_magout"},"0.5833":{"effect":"gun_draw"},"1.25":{"effect":"m4a1_magin"},"1.625":{"effect":"m4a1_pullback"},"1.7917":{"effect":"m4a1_pullforward"}}},"animation.m4a1.fpp_run":{"loop":true,"bones":{"waist":{"rotation":["-33 + math.sin(q.anim_time * 500) * 6.25",-46,30],"position":["-8 + math.sin(q.anim_time * 500)","-3 + math.sin(q.anim_time * 1000)",-4]}}}}}