 {

  "format_version": "1.10.0",
  "minecraft:client_entity": {
    "description": {
      "identifier": "bike:bmx",
      "materials": {
        "default": "chopper"
      },
      "textures": {
		"grey": "textures/bike/bmx1",
		"yellow": "textures/bike/bmx2",
		"black": "textures/bike/bmx3"
      },
      "geometry": {
        "default": "geometry.bmx"
      },
      "render_controllers": [ "controller.render.bmx" ],
      "animations": {
        "move": "animation.bmx.move",
        "wheel": "animation.bmx.wheel"
      },
      "scripts": {
        "animate": [
          "wheel",
        { "move": "query.modified_move_speed" }
        ]
      },
      "spawn_egg": {
        "texture": "bmx_egg",
        "texture_index": 0
      }
    }
}
}   

